# Fiducial parameters, omega_b = 0.02217, omega_cdm = 0.1196, H0 = 67.26, ln10^{10}A_s = 3.046, n_s = 0.963, z_reio = 8.014
   30  7.1987421  0.00013467211  0.012273049  9.1727466e-10  8.0579011e-06  
   31  6.8565761  0.0001413455  0.011640941  8.6085631e-10  7.3617113e-06  
   32  6.5434761  0.00014812387  0.011024512  8.0902175e-10  6.7435706e-06  
   33  6.2564137  0.00015498576  0.010423624  7.6147522e-10  6.1934111e-06  
   34  5.9926394  0.00016190565  0.009836241  7.1778515e-10  5.7009539e-06  
   35  5.7495379  0.00016886164  0.0092601219  6.7729841e-10  5.2555251e-06  
   36  5.5250324  0.00017584626  0.0086922077  6.3989796e-10  4.8526642e-06  
   37  5.3171803  0.00018285564  0.0081292347  6.0545823e-10  4.4887862e-06  
   38  5.1240392  0.00018988591  0.0075679394  5.7361112e-10  4.159248e-06  
   39  4.9438412  0.0001969317  0.0070061107  5.4387873e-10  3.8592005e-06  
   40  4.7755179  0.00020398153  0.0064457472  5.1616309e-10  3.5863143e-06  
   41  4.6181754  0.00021102245  0.0058898996  4.9038568e-10  3.3385281e-06  
   42  4.47092  0.00021804147  0.0053416191  4.6634084e-10  3.1132402e-06  
   43  4.3328908  0.00022502763  0.0048033326  4.4376838e-10  2.9077052e-06  
   44  4.2033596  0.00023197809  0.0042749723  4.2263001e-10  2.7202973e-06  
   45  4.0816311  0.00023889203  0.0037558463  4.0290064e-10  2.5494481e-06  
   46  3.9670101  0.0002457686  0.003245263  3.8448642e-10  2.3932673e-06  
   47  3.8588012  0.000252607  0.0027425307  3.6721754e-10  2.2495437e-06  
   48  3.7563735  0.00025940542  0.0022470426  3.5090191e-10  2.1161384e-06  
   49  3.6593528  0.00026615821  0.0017585315  3.3550535e-10  1.9922321e-06  
   50  3.5674291  0.00027285874  0.0012768154  3.2101307e-10  1.877257e-06  
   51  3.4802926  0.00027950038  0.00080171202  3.07374e-10  1.7705187e-06  
   52  3.3976333  0.00028607651  0.00033303931  2.9449878e-10  1.6711966e-06  
   53  3.3191506  0.00029258094  -0.00012936677  2.8228657e-10  1.5784869e-06  
   54  3.2445811  0.00029900925  -0.00058559771  2.7072244e-10  1.4920539e-06  
   55  3.1736708  0.00030535748  -0.0010357269  2.5980086e-10  1.4116379e-06  
   56  3.1061657  0.00031162163  -0.0014798276  2.4949678e-10  1.336917e-06  
   57  3.0418118  0.00031779773  -0.0019179733  2.3976369e-10  1.2675072e-06  
   58  2.9803549  0.00032388181  -0.0023502373  2.3053303e-10  1.2029623e-06  
   59  2.9215633  0.00032987004  -0.0027766186  2.2173229e-10  1.1428259e-06  
   60  2.8652938  0.00033575917  -0.003196819  2.1334922e-10  1.0867928e-06  
   61  2.8114252  0.00034154609  -0.003610466  2.0538018e-10  1.0345666e-06  
   62  2.7598365  0.00034722771  -0.0040171869  1.9781103e-10  9.8580945e-07  
   63  2.7104066  0.00035280092  -0.0044166093  1.9061684e-10  9.4014241e-07  
   64  2.6630145  0.00035826262  -0.0048083606  1.837613e-10  8.9714518e-07  
   65  2.6175443  0.00036360954  -0.0051921647  1.7720623e-10  8.5643081e-07  
   66  2.5739001  0.00036883771  -0.0055681317  1.7094508e-10  8.1787852e-07  
   67  2.5319915  0.00037394303  -0.0059364682  1.649759e-10  7.8142589e-07  
   68  2.4917278  0.00037892135  -0.0062973807  1.592908e-10  7.4699658e-07  
   69  2.4530183  0.00038376856  -0.0066510759  1.5387572e-10  7.1450031e-07  
   70  2.4157726  0.00038848052  -0.0069977603  1.4871004e-10  6.8383284e-07  
   71  2.3798999  0.00039305312  -0.0073376404  1.4376667e-10  6.5487603e-07  
   72  2.3453163  0.00039748274  -0.0076708662  1.3901848e-10  6.2751161e-07  
   73  2.3119649  0.0004017678  -0.0079973608  1.3446134e-10  6.0166439e-07  
   74  2.2797953  0.00040590724  -0.0083169906  1.3009535e-10  5.7726328e-07  
   75  2.2487572  0.00040989999  -0.0086296221  1.2591754e-10  5.5422785e-07  
   76  2.2188002  0.000413745  -0.0089351218  1.2192182e-10  5.3246832e-07  
   77  2.1898741  0.0004174412  -0.0092333561  1.1809886e-10  5.1188554e-07  
   78  2.1619284  0.00042098752  -0.0095241913  1.1443583e-10  4.9237104e-07  
   79  2.134913  0.00042438291  -0.0098074941  1.1091666e-10  4.7380699e-07  
   80  2.1087802  0.00042762628  -0.010083162  1.0752523e-10  4.5608555e-07  
   81  2.0834938  0.00043071654  -0.010351217  1.0425951e-10  4.3916889e-07  
   82  2.0590205  0.00043365258  -0.010611711  1.0111944e-10  4.2303448e-07  
   83  2.0353267  0.00043643328  -0.010864699  9.81037e-11  4.076562e-07  
   84  2.0123791  0.00043905752  -0.011110233  9.5209193e-11  3.9300436e-07  
   85  1.9901442  0.00044152421  -0.011348366  9.2431322e-11  3.7904569e-07  
   86  1.9685887  0.00044383222  -0.011579151  8.9763656e-11  3.6574333e-07  
   87  1.947679  0.00044598044  -0.011802641  8.7197953e-11  3.5305686e-07  
   88  1.9273818  0.00044796776  -0.01201889  8.4724012e-11  3.4094226e-07  
   89  1.9076658  0.0004497933  -0.012227944  8.2332373e-11  3.2935787e-07  
   90  1.8885089  0.00045145714  -0.012429826  8.0021463e-11  3.182827e-07  
   91  1.8698909  0.00045295957  -0.012624556  7.7791462e-11  3.0769958e-07  
   92  1.8517918  0.00045430089  -0.01281215  7.5641841e-11  2.9758933e-07  
   93  1.8341917  0.00045548142  -0.012992626  7.3571179e-11  2.8793081e-07  
   94  1.8170704  0.00045650144  -0.013166003  7.1577213e-11  2.7870086e-07  
   95  1.800408  0.00045736128  -0.013332296  6.9656736e-11  2.6987435e-07  
   96  1.7841843  0.00045806122  -0.013491526  6.7805771e-11  2.6142415e-07  
   97  1.7683794  0.00045860157  -0.013643709  6.6019337e-11  2.5332116e-07  
   98  1.7529733  0.00045898263  -0.013788862  6.4291413e-11  2.4553428e-07  
   99  1.7379471  0.00045920488  -0.013927009  6.2616491e-11  2.3803525e-07  
  100  1.723287  0.00045926948  -0.01405819  6.0993697e-11  2.3081362e-07  
  101  1.7089802  0.00045917774  -0.01418245  5.9423028e-11  2.2386286e-07  
  102  1.6950142  0.00045893099  -0.014299835  5.7904144e-11  2.171756e-07  
  103  1.6813762  0.00045853056  -0.014410389  5.6436404e-11  2.1074369e-07  
  104  1.6680537  0.00045797776  -0.014514157  5.5018438e-11  2.0455813e-07  
  105  1.655034  0.00045727394  -0.014611186  5.3648779e-11  1.9860909e-07  
  106  1.6423044  0.0004564204  -0.01470152  5.2325211e-11  1.9288596e-07  
  107  1.6298523  0.00045541848  -0.014785205  5.1045211e-11  1.8737728e-07  
  108  1.617665  0.0004542695  -0.014862285  4.9805708e-11  1.8207078e-07  
  109  1.6057298  0.00045297478  -0.014932806  4.8603074e-11  1.7695335e-07  
  110  1.5940349  0.00045153584  -0.014996816  4.7434078e-11  1.7201302e-07  
  111  1.5825717  0.00044995486  -0.015054371  4.6298259e-11  1.6724477e-07  
  112  1.5713322  0.00044823425  -0.015105532  4.5195746e-11  1.6264511e-07  
  113  1.5603085  0.0004463764  -0.015150358  4.4126469e-11  1.5821011e-07  
  114  1.5494928  0.00044438367  -0.015188909  4.3090104e-11  1.5393545e-07  
  115  1.5388773  0.00044225848  -0.015221244  4.2086215e-11  1.4981641e-07  
  116  1.5284539  0.00044000319  -0.015247423  4.1114048e-11  1.4584786e-07  
  117  1.5182148  0.0004376202  -0.015267506  4.0172767e-11  1.4202427e-07  
  118  1.5081522  0.00043511189  -0.015281552  3.9261117e-11  1.3833972e-07  
  119  1.4982581  0.00043248066  -0.015289621  3.8377744e-11  1.3478786e-07  
  120  1.4885247  0.00042972888  -0.015291773  3.752096e-11  1.3136196e-07  
  121  1.4789441  0.00042685895  -0.015288067  3.6688912e-11  1.2805487e-07  
  122  1.4695084  0.00042387325  -0.015278564  3.5879447e-11  1.2485905e-07  
  123  1.4602102  0.0004207743  -0.015263324  3.509057e-11  1.2176754e-07  
  124  1.4510444  0.00041756519  -0.01524242  3.4322026e-11  1.1877698e-07  
  125  1.4420063  0.00041424912  -0.015215926  3.3573872e-11  1.1588476e-07  
  126  1.4330912  0.0004108293  -0.015183917  3.284603e-11  1.1308808e-07  
  127  1.4242945  0.00040730895  -0.015146467  3.2138363e-11  1.1038391e-07  
  128  1.4156114  0.00040369129  -0.015103649  3.1450669e-11  1.0776902e-07  
  129  1.4070375  0.00039997952  -0.015055539  3.0782563e-11  1.0523995e-07  
  130  1.3985678  0.00039617685  -0.01500221  3.013363e-11  1.0279306e-07  
  131  1.3901979  0.0003922865  -0.014943737  2.9503302e-11  1.0042446e-07  
  132  1.381923  0.00038831168  -0.014880193  2.8890863e-11  9.8130088e-08  
  133  1.3737386  0.00038425561  -0.014811654  2.8295551e-11  9.5905636e-08  
  134  1.3656398  0.00038012149  -0.014738194  2.7716414e-11  9.3746604e-08  
  135  1.357622  0.00037591254  -0.014659886  2.7152448e-11  9.1648276e-08  
  136  1.3496807  0.00037163197  -0.014576805  2.6602453e-11  8.9605723e-08  
  137  1.3418114  0.00036728306  -0.014489027  2.6065417e-11  8.7614598e-08  
  138  1.3340111  0.00036286943  -0.014396634  2.5541179e-11  8.5673554e-08  
  139  1.3262773  0.00035839472  -0.014299708  2.5029739e-11  8.3781949e-08  
  140  1.3186073  0.00035386263  -0.014198334  2.4531115e-11  8.193907e-08  
  141  1.3109983  0.0003492768  -0.014092594  2.4045209e-11  8.014413e-08  
  142  1.3034479  0.00034464092  -0.013982572  2.3571937e-11  7.8396268e-08  
  143  1.2959532  0.00033995866  -0.013868351  2.3111103e-11  7.6694549e-08  
  144  1.2885117  0.00033523368  -0.013750014  2.2662515e-11  7.5037966e-08  
  145  1.2811207  0.00033046966  -0.013627646  2.2225897e-11  7.3425439e-08  
  146  1.2737775  0.00032567027  -0.013501328  2.180089e-11  7.1855812e-08  
  147  1.2664796  0.00032083917  -0.013371145  2.1387134e-11  7.0327858e-08  
  148  1.2592242  0.00031598005  -0.01323718  2.0984153e-11  6.8840276e-08  
  149  1.2520087  0.00031109656  -0.013099516  2.0591471e-11  6.7391692e-08  
  150  1.2448305  0.00030619237  -0.012958237  2.0208491e-11  6.5980657e-08  
  151  1.2376868  0.00030127117  -0.012813425  1.9834585e-11  6.460565e-08  
  152  1.2305751  0.00029633662  -0.012665164  1.9469116e-11  6.3265077e-08  
  153  1.2234929  0.00029139237  -0.012513538  1.9111385e-11  6.1957479e-08  
  154  1.2164388  0.00028644208  -0.012358634  1.8761355e-11  6.0682181e-08  
  155  1.2094115  0.00028148934  -0.012200536  1.8419046e-11  5.9438671e-08  
  156  1.2024097  0.0002765378  -0.012039333  1.8084434e-11  5.82264e-08  
  157  1.1954323  0.00027159107  -0.011875111  1.7757495e-11  5.7044777e-08  
  158  1.188478  0.00026665278  -0.011707957  1.7438208e-11  5.5893171e-08  
  159  1.1815456  0.00026172654  -0.011537956  1.7126502e-11  5.477091e-08  
  160  1.1746338  0.00025681599  -0.011365197  1.6822255e-11  5.3677282e-08  
  161  1.1677414  0.00025192474  -0.011189764  1.6525347e-11  5.2611535e-08  
  162  1.1608671  0.00024705643  -0.011011746  1.6235654e-11  5.1572875e-08  
  163  1.1540097  0.00024221466  -0.010831228  1.5952977e-11  5.056047e-08  
  164  1.147168  0.00023740308  -0.010648297  1.5677141e-11  4.9573444e-08  
  165  1.1403407  0.00023262529  -0.01046304  1.5407891e-11  4.8610885e-08  
  166  1.1335267  0.00022788492  -0.010275544  1.5144995e-11  4.7671836e-08  
  167  1.1267245  0.0002231856  -0.010085894  1.4888121e-11  4.6755303e-08  
  168  1.1199331  0.00021853095  -0.0098941783  1.4637023e-11  4.586025e-08  
  169  1.1131512  0.00021392459  -0.0097004827  1.439131e-11  4.4985601e-08  
  170  1.1063775  0.00020937015  -0.009504894  1.4150608e-11  4.4130239e-08  
  171  1.0996109  0.00020487113  -0.009307498  1.3914586e-11  4.3293167e-08  
  172  1.092851  0.00020043058  -0.0091083768  1.3683215e-11  4.2473999e-08  
  173  1.0860975  0.00019605142  -0.008907612  1.3456503e-11  4.1672487e-08  
  174  1.0793499  0.00019173659  -0.008705285  1.323441e-11  4.0888366e-08  
  175  1.072608  0.000187489  -0.0085014771  1.3016965e-11  4.0121354e-08  
  176  1.0658714  0.00018331159  -0.0082962699  1.2804126e-11  3.9371151e-08  
  177  1.0591398  0.00017920728  -0.0080897448  1.2595878e-11  3.8637437e-08  
  178  1.0524129  0.00017517901  -0.0078819831  1.2392156e-11  3.7919875e-08  
  179  1.0456903  0.00017122969  -0.0076730663  1.2192901e-11  3.7218112e-08  
  180  1.0389716  0.00016736226  -0.0074630759  1.1998044e-11  3.6531774e-08  
  181  1.0322566  0.00016357965  -0.0072520932  1.1807521e-11  3.586047e-08  
  182  1.025545  0.00015988478  -0.0070401997  1.1621218e-11  3.5203793e-08  
  183  1.0188363  0.00015628058  -0.0068274768  1.1439026e-11  3.4561315e-08  
  184  1.0121302  0.00015276997  -0.0066140059  1.1260842e-11  3.3932591e-08  
  185  1.0054265  0.00014935589  -0.0063998686  1.1086495e-11  3.331716e-08  
  186  0.99872468  0.00014604126  -0.006185146  1.0915873e-11  3.271454e-08  
  187  0.99202455  0.00014282901  -0.0059699199  1.0748812e-11  3.2124233e-08  
  188  0.98532572  0.00013972207  -0.0057542714  1.0585101e-11  3.1545722e-08  
  189  0.97862785  0.00013672336  -0.0055382821  1.0424584e-11  3.0978472e-08  
  190  0.97193062  0.00013383582  -0.0053220334  1.0267038e-11  3.0421931e-08  
  191  0.96523378  0.00013106214  -0.0051056045  1.0112282e-11  2.9875619e-08  
  192  0.95853746  0.00012840417  -0.0048890653  9.9602879e-12  2.9339406e-08  
  193  0.95184185  0.00012586352  -0.0046724836  9.8110761e-12  2.8813243e-08  
  194  0.94514719  0.0001234418  -0.0044559271  9.6646125e-12  2.8297076e-08  
  195  0.93845368  0.00012114063  -0.0042394636  9.5209247e-12  2.7790844e-08  
  196  0.93176154  0.00011896162  -0.0040231607  9.3799846e-12  2.729448e-08  
  197  0.92507098  0.00011690638  -0.0038070863  9.2417756e-12  2.680791e-08  
  198  0.91838222  0.00011497654  -0.003591308  9.1062915e-12  2.6331053e-08  
  199  0.91169546  0.0001131737  -0.0033758937  8.9734723e-12  2.5863821e-08  
  200  0.90501093  0.00011149948  -0.0031609109  8.8433003e-12  2.540612e-08  
  201  0.89832884  0.0001099555  -0.0029464275  8.7157516e-12  2.495785e-08  
  202  0.89164939  0.00010854336  -0.0027325112  8.5907649e-12  2.4518904e-08  
  203  0.88497282  0.00010726469  -0.0025192298  8.4682734e-12  2.4089168e-08  
  204  0.87829932  0.00010612109  -0.0023066509  8.3482499e-12  2.3668521e-08  
  205  0.87162911  0.00010511419  -0.0020948423  8.230615e-12  2.3256837e-08  
  206  0.86496241  0.00010424559  -0.0018838717  8.1152985e-12  2.2853981e-08  
  207  0.85829943  0.00010351691  -0.0016738068  8.0022235e-12  2.2459813e-08  
  208  0.85164038  0.00010292977  -0.0014647155  7.8913066e-12  2.2074187e-08  
  209  0.84498549  0.00010248577  -0.0012566654  7.7824579e-12  2.1696949e-08  
  210  0.83833495  0.00010218655  -0.0010497243  7.6755805e-12  2.1327938e-08  
  211  0.83168899  0.00010203369  -0.00084395985  7.5705708e-12  2.0966989e-08  
  212  0.82504782  0.00010202884  -0.00063943985  7.4673182e-12  2.0613927e-08  
  213  0.8184117  0.00010217329  -0.00043622828  7.3657128e-12  2.0268581e-08  
  214  0.81178107  0.00010246719  -0.00023437424  7.2657663e-12  1.9930802e-08  
  215  0.8051564  0.00010291038  -3.3923079e-05  7.1674673e-12  1.9600446e-08  
  216  0.79853819  0.00010350271  0.00016507983  7.0708163e-12  1.9277361e-08  
  217  0.79192691  0.00010424401  0.00036258913  6.9757976e-12  1.896139e-08  
  218  0.78532304  0.00010513412  0.00055855947  6.8824331e-12  1.865237e-08  
  219  0.77872707  0.0001061729  0.00075294547  6.7906892e-12  1.8350132e-08  
  220  0.77213949  0.00010736017  0.00094570179  6.700582e-12  1.8054503e-08  
  221  0.76556076  0.00010869578  0.0011367831  6.6120732e-12  1.7765302e-08  
  222  0.75899139  0.00011017957  0.0013261439  6.5251603e-12  1.7482343e-08  
  223  0.75243184  0.00011181139  0.001513739  6.4398129e-12  1.7205436e-08  
  224  0.7458826  0.00011359107  0.001699523  6.3560355e-12  1.6934381e-08  
  225  0.73934415  0.00011551847  0.0018834504  6.2737794e-12  1.6668978e-08  
  226  0.73281697  0.00011759341  0.0020654761  6.1930431e-12  1.6409016e-08  
  227  0.72630156  0.00011981574  0.0022455545  6.1137726e-12  1.6154282e-08  
  228  0.71979838  0.0001221853  0.0024236403  6.0359359e-12  1.5904554e-08  
  229  0.71330793  0.00012470194  0.0025996882  5.959522e-12  1.5659608e-08  
  230  0.70683068  0.00012736549  0.0027736528  5.8844687e-12  1.5419211e-08  
  231  0.70036712  0.0001301758  0.0029454888  5.8107465e-12  1.5183126e-08  
  232  0.69391772  0.00013313271  0.0031151507  5.7382996e-12  1.495111e-08  
  233  0.68748298  0.00013623606  0.0032825933  5.6671036e-12  1.4722913e-08  
  234  0.68106337  0.00013948569  0.0034477711  5.5970845e-12  1.4498282e-08  
  235  0.67465938  0.00014288145  0.0036106388  5.5282e-12  1.4276955e-08  
  236  0.66827148  0.00014642317  0.0037711511  5.4603816e-12  1.4058666e-08  
  237  0.66190017  0.00015011071  0.0039292626  5.39358e-12  1.3843144e-08  
  238  0.65554593  0.00015394358  0.0040849326  5.3277429e-12  1.3630158e-08  
  239  0.64920924  0.00015792013  0.0042381397  5.2628506e-12  1.3419668e-08  
  240  0.64289062  0.00016203837  0.004388867  5.1989157e-12  1.3211679e-08  
  241  0.63659056  0.00016629632  0.0045370978  5.1359385e-12  1.3006193e-08  
  242  0.63030956  0.000170692  0.0046828153  5.0739078e-12  1.2803216e-08  
  243  0.62404813  0.00017522344  0.0048260026  5.0128219e-12  1.2602749e-08  
  244  0.61780675  0.00017988866  0.0049666431  4.952699e-12  1.2404794e-08  
  245  0.61158593  0.00018468567  0.0051047199  4.8935033e-12  1.2209351e-08  
  246  0.60538617  0.0001896125  0.0052402161  4.835261e-12  1.2016419e-08  
  247  0.59920797  0.00019466717  0.0053731151  4.7779446e-12  1.1825999e-08  
  248  0.59305183  0.0001998477  0.0055034001  4.7215465e-12  1.1638087e-08  
  249  0.58691825  0.00020515211  0.0056310542  4.6660678e-12  1.1452681e-08  
  250  0.58080772  0.00021057843  0.0057560607  4.6114882e-12  1.1269776e-08  
  251  0.57472075  0.00021612467  0.0058784028  4.557806e-12  1.1089368e-08  
  252  0.56865783  0.00022178885  0.0059980637  4.5050083e-12  1.0911451e-08  
  253  0.56261947  0.000227569  0.0061150265  4.4530613e-12  1.0736018e-08  
  254  0.55660616  0.00023346314  0.0062292747  4.4019689e-12  1.0563062e-08  
  255  0.55061841  0.00023946928  0.0063407912  4.3517143e-12  1.0392574e-08  
  256  0.54465671  0.00024558546  0.0064495594  4.3022695e-12  1.0224544e-08  
  257  0.53872156  0.00025180968  0.0065555624  4.2536243e-12  1.0058963e-08  
  258  0.53281347  0.00025813998  0.0066587835  4.2057387e-12  9.8958188e-09  
  259  0.52693293  0.00026457437  0.0067592059  4.1586185e-12  9.7350996e-09  
  260  0.52108044  0.00027111087  0.0068568128  4.1122117e-12  9.5767924e-09  
  261  0.5152565  0.00027774751  0.0069515874  4.0665115e-12  9.4208831e-09  
  262  0.50946161  0.0002844823  0.0070435129  4.0214908e-12  9.2673569e-09  
  263  0.50369627  0.00029131327  0.0071325726  3.977103e-12  9.116198e-09  
  264  0.49796098  0.00029823844  0.0072187496  3.9333365e-12  8.9673897e-09  
  265  0.49225623  0.00030525583  0.0073020271  3.8901597e-12  8.8209144e-09  
  266  0.48658251  0.00031236327  0.0073823932  3.8475278e-12  8.6767536e-09  
  267  0.48094016  0.0003195578  0.007459855  3.8054538e-12  8.534888e-09  
  268  0.47532953  0.00032683629  0.0075344244  3.7639299e-12  8.3952974e-09  
  269  0.46975092  0.00033419559  0.0076061134  3.7229648e-12  8.2579606e-09  
  270  0.46420469  0.00034163255  0.0076749339  3.6825495e-12  8.1228555e-09  
  271  0.45869115  0.00034914405  0.0077408977  3.6426833e-12  7.9899592e-09  
  272  0.45321064  0.00035672692  0.0078040169  3.6033649e-12  7.8592479e-09  
  273  0.44776348  0.00036437803  0.0078643034  3.5646007e-12  7.7306967e-09  
  274  0.44235  0.00037209424  0.007921769  3.5263799e-12  7.6042801e-09  
  275  0.43697054  0.0003798724  0.0079764258  3.4886995e-12  7.4799713e-09  
  276  0.43162543  0.00038770937  0.0080282856  3.4515559e-12  7.3577429e-09  
  277  0.42631499  0.00039560201  0.0080773604  3.414945e-12  7.2375666e-09  
  278  0.42103955  0.00040354717  0.008123662  3.3788702e-12  7.1194129e-09  
  279  0.41579944  0.00041154171  0.0081672025  3.3433179e-12  7.0032518e-09  
  280  0.410595  0.00041958249  0.0082079938  3.3082823e-12  6.889052e-09  
  281  0.40542655  0.00042766636  0.0082460477  3.2737569e-12  6.7767815e-09  
  282  0.40029442  0.00043579018  0.0082813762  3.2397345e-12  6.6664075e-09  
  283  0.39519894  0.00044395081  0.0083139913  3.2062153e-12  6.557896e-09  
  284  0.39014044  0.0004521451  0.0083439048  3.173183e-12  6.4512123e-09  
  285  0.38511926  0.00046036991  0.0083711287  3.1406285e-12  6.3463208e-09  
  286  0.38013571  0.00046862211  0.0083956749  3.1085423e-12  6.2431848e-09  
  287  0.37519013  0.00047689853  0.0084175554  3.076914e-12  6.1417669e-09  
  288  0.37028285  0.00048519605  0.0084367821  3.0457403e-12  6.0420288e-09  
  289  0.36541421  0.00049351152  0.0084533668  3.015002e-12  5.9439311e-09  
  290  0.36058452  0.0005018418  0.0084673216  2.9846868e-12  5.8474337e-09  
  291  0.35579411  0.00051018373  0.0084786583  2.9547817e-12  5.7524954e-09  
  292  0.35104333  0.00051853419  0.0084873889  2.9252732e-12  5.6590742e-09  
  293  0.34633249  0.00052689002  0.0084935253  2.8961541e-12  5.5671272e-09  
  294  0.34166193  0.00053524809  0.0084970794  2.867395e-12  5.4766107e-09  
  295  0.33703198  0.00054360524  0.0084980632  2.8389946e-12  5.3874797e-09  
  296  0.33244296  0.00055195835  0.0084964886  2.8109292e-12  5.2996888e-09  
  297  0.32789516  0.00056030428  0.008492371  2.7831918e-12  5.2131978e-09  
  298  0.32338868  0.00056864001  0.0084857399  2.7557658e-12  5.1279913e-09  
  299  0.31892355  0.00057696253  0.0084766281  2.728666e-12  5.04406e-09  
  300  0.31449984  0.00058526884  0.0084650687  2.7018783e-12  4.9613942e-09  
  301  0.31011759  0.00059355594  0.0084510946  2.6754167e-12  4.8799836e-09  
  302  0.30577684  0.00060182081  0.0084347386  2.6492809e-12  4.7998178e-09  
  303  0.30147765  0.00061006046  0.0084160339  2.6234565e-12  4.7208858e-09  
  304  0.29722007  0.00061827187  0.0083950132  2.5979497e-12  4.6431763e-09  
  305  0.29300413  0.00062645205  0.0083717095  2.5727662e-12  4.5666776e-09  
  306  0.2888299  0.00063459799  0.0083461558  2.5478979e-12  4.4913777e-09  
  307  0.28469742  0.00064270668  0.008318385  2.5233432e-12  4.4172639e-09  
  308  0.28060673  0.00065077512  0.0082884301  2.499107e-12  4.3443235e-09  
  309  0.27655789  0.0006588003  0.008256324  2.475174e-12  4.2725432e-09  
  310  0.27255094  0.00066677922  0.0082220995  2.451555e-12  4.2019092e-09  
  311  0.26858594  0.00067470888  0.0081857898  2.4282409e-12  4.1324075e-09  
  312  0.26466292  0.00068258626  0.0081474276  2.4052351e-12  4.0640237e-09  
  313  0.26078194  0.00069040836  0.008107046  2.3825217e-12  3.996743e-09  
  314  0.25694306  0.00069817219  0.0080646779  2.36011e-12  3.9305501e-09  
  315  0.2531463  0.00070587472  0.0080203562  2.3379963e-12  3.8654293e-09  
  316  0.24939173  0.00071351296  0.0079741138  2.3161638e-12  3.8013647e-09  
  317  0.24567939  0.00072108391  0.0079259838  2.294621e-12  3.7383399e-09  
  318  0.24200934  0.00072858455  0.007875999  2.2733569e-12  3.676338e-09  
  319  0.23838161  0.00073601189  0.0078241924  2.2523729e-12  3.6153418e-09  
  320  0.23479626  0.00074336291  0.0077705968  2.2316575e-12  3.5553339e-09  
  321  0.23125333  0.00075063462  0.0077152454  2.2112054e-12  3.4962961e-09  
  322  0.22775288  0.000757824  0.0076581709  2.1910167e-12  3.4382102e-09  
  323  0.22429494  0.00076492806  0.0075994064  2.1710795e-12  3.3810573e-09  
  324  0.22087958  0.00077194378  0.0075389847  2.1513872e-12  3.3248184e-09  
  325  0.21750684  0.00077886816  0.0074769389  2.1319392e-12  3.2694739e-09  
  326  0.21417677  0.00078569821  0.0074133018  2.1127224e-12  3.2150038e-09  
  327  0.21088941  0.0007924309  0.0073481064  2.0937297e-12  3.1613878e-09  
  328  0.20764481  0.00079906324  0.0072813857  2.0749591e-12  3.1086053e-09  
  329  0.20444302  0.00080559222  0.0072131725  2.0564027e-12  3.0566351e-09  
  330  0.2012841  0.00081201484  0.0071434998  2.0380462e-12  3.0054556e-09  
  331  0.19816808  0.0008183281  0.0070724005  2.0198813e-12  2.9550451e-09  
  332  0.19509498  0.00082452926  0.0069999085  2.0019061e-12  2.905384e-09  
  333  0.1920646  0.00083061676  0.006926061  1.9841137e-12  2.8564635e-09  
  334  0.18907673  0.00083658929  0.0068508958  1.9665101e-12  2.8082771e-09  
  335  0.18613113  0.00084244557  0.0067744512  1.9490896e-12  2.7608186e-09  
  336  0.18322758  0.00084818431  0.0066967651  1.9318579e-12  2.7140811e-09  
  337  0.18036585  0.0008538042  0.0066178755  1.9148093e-12  2.6680579e-09  
  338  0.17754571  0.00085930395  0.0065378205  1.8979436e-12  2.6227418e-09  
  339  0.17476694  0.00086468227  0.0064566382  1.8812715e-12  2.5781256e-09  
  340  0.17202931  0.00086993787  0.0063743664  1.8647761e-12  2.5342018e-09  
  341  0.16933259  0.00087506945  0.0062910434  1.8484731e-12  2.4909628e-09  
  342  0.16667655  0.00088007572  0.0062067071  1.8323457e-12  2.4484008e-09  
  343  0.16406098  0.00088495539  0.0061213955  1.8164091e-12  2.4065077e-09  
  344  0.16148563  0.00088970715  0.0060351468  1.8006519e-12  2.3652753e-09  
  345  0.15895028  0.00089432972  0.0059479988  1.7850729e-12  2.3246951e-09  
  346  0.15645471  0.00089882181  0.0058599897  1.7696815e-12  2.2847587e-09  
  347  0.15399869  0.00090318211  0.0057711574  1.7544609e-12  2.2454571e-09  
  348  0.15158199  0.00090740934  0.0056815401  1.7394251e-12  2.2067814e-09  
  349  0.14920439  0.0009115022  0.0055911757  1.7245623e-12  2.1687224e-09  
  350  0.14686565  0.00091545939  0.0055001023  1.709871e-12  2.1312707e-09  
  351  0.14456555  0.00091927963  0.005408358  1.6953595e-12  2.0944168e-09  
  352  0.14230386  0.00092296162  0.0053159806  1.6810158e-12  2.0581508e-09  
  353  0.14008036  0.00092650407  0.0052230084  1.6668378e-12  2.0224629e-09  
  354  0.13789482  0.00092990567  0.0051294792  1.6528336e-12  1.9873428e-09  
  355  0.135747  0.00093316515  0.0050354312  1.6389857e-12  1.9527802e-09  
  356  0.13363669  0.0009362812  0.0049409024  1.6253068e-12  1.9187646e-09  
  357  0.13156366  0.00093925253  0.0048459308  1.6117843e-12  1.8852853e-09  
  358  0.12952768  0.00094207785  0.0047505544  1.5984205e-12  1.8523313e-09  
  359  0.12752851  0.00094475586  0.0046548113  1.5852127e-12  1.8198915e-09  
  360  0.12556595  0.00094728526  0.0045587395  1.5721529e-12  1.7879546e-09  
  361  0.12363975  0.00094966478  0.0044623771  1.5592429e-12  1.7565092e-09  
  362  0.12174969  0.0009518931  0.004365762  1.5464796e-12  1.7255434e-09  
  363  0.11989554  0.00095396894  0.0042689323  1.5338547e-12  1.6950454e-09  
  364  0.11807708  0.00095589101  0.0041719261  1.5213696e-12  1.6650033e-09  
  365  0.11629407  0.000957658  0.0040747814  1.5090206e-12  1.6354045e-09  
  366  0.1145463  0.00095926863  0.0039775361  1.4968038e-12  1.6062368e-09  
  367  0.11283353  0.0009607216  0.0038802284  1.4847107e-12  1.5774874e-09  
  368  0.11115554  0.00096201562  0.0037828963  1.4727418e-12  1.5491436e-09  
  369  0.1095121  0.00096314939  0.0036855778  1.4608929e-12  1.5211921e-09  
  370  0.10790298  0.00096412163  0.0035883109  1.4491551e-12  1.4936199e-09  
  371  0.10632793  0.00096493143  0.0034911316  1.4375293e-12  1.4664155e-09  
  372  0.10478661  0.00096557948  0.0033940674  1.4260145e-12  1.4395755e-09  
  373  0.10327864  0.00096606686  0.0032971439  1.4146109e-12  1.4130985e-09  
  374  0.10180365  0.00096639468  0.0032003865  1.4033138e-12  1.3869828e-09  
  375  0.10036128  0.00096656401  0.0031038207  1.3921276e-12  1.3612269e-09  
  376  0.098951149  0.00096657593  0.0030074719  1.3810522e-12  1.3358291e-09  
  377  0.097572888  0.00096643154  0.0029113657  1.3700873e-12  1.3107877e-09  
  378  0.096226128  0.00096613193  0.0028155275  1.3592282e-12  1.286101e-09  
  379  0.094910497  0.00096567817  0.0027199828  1.3484834e-12  1.2617671e-09  
  380  0.093625626  0.00096507135  0.0026247571  1.3378436e-12  1.2377841e-09  
  381  0.092371143  0.00096431257  0.0025298758  1.3273086e-12  1.21415e-09  
  382  0.091146678  0.00096340291  0.0024353645  1.3168865e-12  1.1908628e-09  
  383  0.08995186  0.00096234345  0.0023412486  1.3065681e-12  1.1679205e-09  
  384  0.088786319  0.00096113528  0.0022475535  1.296357e-12  1.1453208e-09  
  385  0.087649684  0.00095977948  0.0021543049  1.2862527e-12  1.1230616e-09  
  386  0.086541583  0.00095827715  0.0020615281  1.2762544e-12  1.1011405e-09  
  387  0.085461648  0.00095662937  0.0019692487  1.2663612e-12  1.0795553e-09  
  388  0.084409506  0.00095483723  0.001877492  1.2565682e-12  1.0583036e-09  
  389  0.083384787  0.00095290181  0.0017862837  1.2468788e-12  1.0373829e-09  
  390  0.082387121  0.0009508242  0.0016956491  1.2372918e-12  1.0167906e-09  
  391  0.081416136  0.00094860549  0.0016056137  1.2278064e-12  9.9652427e-10  
  392  0.080471463  0.00094624676  0.0015162031  1.2184213e-12  9.7658117e-10  
  393  0.07955273  0.00094374909  0.0014274427  1.2091315e-12  9.5695862e-10  
  394  0.078659567  0.00094111359  0.001339358  1.1999438e-12  9.3765386e-10  
  395  0.077791603  0.00093834132  0.0012519744  1.190849e-12  9.1866406e-10  
  396  0.076948467  0.00093543339  0.0011653175  1.1818497e-12  8.9998632e-10  
  397  0.07612979  0.00093239086  0.0010794126  1.1729445e-12  8.8161771e-10  
  398  0.075335199  0.00092921485  0.00099428542  1.164132e-12  8.635552e-10  
  399  0.074564325  0.00092590641  0.00090996128  1.1554067e-12  8.4579572e-10  
  400  0.073816797  0.00092246666  0.0008264657  1.146775e-12  8.2833614e-10  
  401  0.073092244  0.00091889666  0.00074382415  1.1382274e-12  8.1117325e-10  
  402  0.072390295  0.00091519751  0.00066206211  1.1297661e-12  7.943038e-10  
  403  0.071710581  0.00091137029  0.00058120506  1.1213893e-12  7.7772447e-10  
  404  0.071052729  0.0009074161  0.00050127848  1.1130952e-12  7.6143187e-10  
  405  0.07041637  0.00090333601  0.00042230786  1.1048819e-12  7.4542256e-10  
  406  0.069801132  0.00089913112  0.00034431865  1.0967474e-12  7.2969303e-10  
  407  0.069206646  0.0008948025  0.00026733636  1.0886897e-12  7.1423972e-10  
  408  0.06863254  0.00089035125  0.00019138645  1.0807067e-12  6.99059e-10  
  409  0.068078444  0.00088577846  0.0001164944  1.0727925e-12  6.8414717e-10  
  410  0.067543992  0.00088108544  4.2682293e-05  1.0649527e-12  6.6950064e-10  
  411  0.067028834  0.00087627452  -3.0041429e-05  1.0571793e-12  6.551164e-10  
  412  0.066532627  0.00087134824  -0.00010167172  1.0494799e-12  6.4099154e-10  
  413  0.066055026  0.00086630916  -0.00017220354  1.0418466e-12  6.2712311e-10  
  414  0.065595687  0.00086115981  -0.00024163183  1.0342833e-12  6.135081e-10  
  415  0.065154266  0.00085590277  -0.00030995156  1.0267932e-12  6.0014344e-10  
  416  0.064730417  0.00085054057  -0.00037715768  1.0193689e-12  5.8702602e-10  
  417  0.064323798  0.00084507577  -0.00044324514  1.0120138e-12  5.7415267e-10  
  418  0.063934064  0.00083951092  -0.00050820891  1.0047276e-12  5.6152017e-10  
  419  0.06356087  0.00083384857  -0.00057204393  9.975136e-13  5.4912525e-10  
  420  0.063203872  0.00082809127  -0.00063474516  9.9036431e-13  5.3696459e-10  
  421  0.062862725  0.00082224158  -0.00069630756  9.8328297e-13  5.2503481e-10  
  422  0.062537087  0.00081630204  -0.00075672608  9.7626918e-13  5.1333247e-10  
  423  0.062226611  0.00081027521  -0.00081599568  9.6932255e-13  5.0185411e-10  
  424  0.061930954  0.00080416363  -0.00087411132  9.624461e-13  4.9059619e-10  
  425  0.061649772  0.00079796987  -0.00093106794  9.5563239e-13  4.7955511e-10  
  426  0.06138272  0.00079169647  -0.00098686051  9.4888441e-13  4.6872724e-10  
  427  0.061129453  0.00078534597  -0.001041484  9.4220507e-13  4.581089e-10  
  428  0.060889629  0.00077892095  -0.0010949333  9.3558692e-13  4.4769634e-10  
  429  0.060662902  0.00077242393  -0.0011472034  9.2903623e-13  4.3748575e-10  
  430  0.060448927  0.00076585748  -0.0011982893  9.2254555e-13  4.2747331e-10  
  431  0.060247362  0.00075922415  -0.0012481859  9.1612102e-13  4.176551e-10  
  432  0.060057861  0.00075252649  -0.0012968882  9.0975855e-13  4.0802717e-10  
  433  0.059880079  0.00074576704  -0.0013443912  9.0345409e-13  3.9858552e-10  
  434  0.059713674  0.00073894837  -0.0013906897  8.9721359e-13  3.893261e-10  
  435  0.0595583  0.00073207302  -0.0014357787  8.9103291e-13  3.8024479e-10  
  436  0.059413614  0.00072514354  -0.0014796533  8.8491455e-13  3.7133743e-10  
  437  0.05927927  0.00071816249  -0.0015223083  8.7885104e-13  3.625998e-10  
  438  0.059154924  0.00071113242  -0.0015637387  8.7284482e-13  3.5402765e-10  
  439  0.059040233  0.00070405587  -0.0016039395  8.6689825e-13  3.4561665e-10  
  440  0.058934852  0.0006969354  -0.0016429056  8.6100386e-13  3.3736244e-10  
  441  0.058838437  0.00068977356  -0.001680632  8.5516716e-13  3.2926058e-10  
  442  0.058750643  0.00068257291  -0.0017171136  8.493839e-13  3.213066e-10  
  443  0.058671126  0.00067533599  -0.0017523454  8.4365303e-13  3.1349598e-10  
  444  0.058599541  0.00066806535  -0.0017863224  8.3797349e-13  3.0582413e-10  
  445  0.058535545  0.00066076354  -0.0018190394  8.3234415e-13  2.9828643e-10  
  446  0.058478793  0.00065343313  -0.0018504915  8.2676703e-13  2.9087818e-10  
  447  0.058428941  0.00064607665  -0.0018806736  8.2123776e-13  2.8359466e-10  
  448  0.058385644  0.00063869666  -0.0019095806  8.1575514e-13  2.7643106e-10  
  449  0.05834858  0.0006312957  -0.0019372104  8.1031812e-13  2.6938333e-10  
  450  0.058317513  0.00062387625  -0.0019635719  8.0492641e-13  2.6245044e-10  
  451  0.058292226  0.00061644079  -0.0019886768  7.9958301e-13  2.5563213e-10  
  452  0.058272505  0.00060899178  -0.0020125369  7.9428162e-13  2.4892813e-10  
  453  0.058258135  0.0006015317  -0.002035164  7.8902826e-13  2.4233816e-10  
  454  0.058248901  0.00059406301  -0.0020565699  7.8382277e-13  2.3586192e-10  
  455  0.058244587  0.0005865882  -0.0020767663  7.7865888e-13  2.2949911e-10  
  456  0.058244979  0.00057910973  -0.0020957649  7.735425e-13  2.2324942e-10  
  457  0.058249862  0.00057163007  -0.0021135776  7.684704e-13  2.1711252e-10  
  458  0.05825902  0.0005641517  -0.0021302161  7.6344238e-13  2.1108806e-10  
  459  0.058272238  0.00055667708  -0.0021456922  7.5845824e-13  2.0517571e-10  
  460  0.058289302  0.00054920869  -0.0021600176  7.5352069e-13  1.9937509e-10  
  461  0.058309995  0.000541749  -0.0021732041  7.4862651e-13  1.9368585e-10  
  462  0.058334104  0.00053430048  -0.0021852635  7.4377543e-13  1.8810759e-10  
  463  0.058361413  0.0005268656  -0.0021962075  7.3896718e-13  1.8263992e-10  
  464  0.058391707  0.00051944683  -0.002206048  7.3420438e-13  1.7728244e-10  
  465  0.058424771  0.00051204665  -0.0022147966  7.2948378e-13  1.7203474e-10  
  466  0.058460389  0.00050466753  -0.0022224651  7.2480506e-13  1.6689638e-10  
  467  0.058498347  0.00049731193  -0.0022290653  7.2017075e-13  1.6186692e-10  
  468  0.05853843  0.00048998234  -0.002234609  7.1557759e-13  1.5694593e-10  
  469  0.058580422  0.00048268121  -0.002239108  7.1102521e-13  1.5213294e-10  
  470  0.058624109  0.00047541103  -0.0022425739  7.0651322e-13  1.4742747e-10  
  471  0.058669275  0.00046817426  -0.0022450186  7.0204404e-13  1.4282905e-10  
  472  0.058715706  0.00046097338  -0.0022464538  6.9761439e-13  1.3833719e-10  
  473  0.058763185  0.00045381086  -0.0022468913  6.9322664e-13  1.3395137e-10  
  474  0.058811499  0.00044668916  -0.0022463429  6.8887471e-13  1.2967108e-10  
  475  0.058860432  0.00043961076  -0.0022448203  6.8456372e-13  1.254958e-10  
  476  0.058909769  0.00043257814  -0.0022423352  6.8029314e-13  1.2142499e-10  
  477  0.058959294  0.00042559376  -0.0022388996  6.7605967e-13  1.174581e-10  
  478  0.059008794  0.00041866009  -0.002234525  6.7186278e-13  1.1359457e-10  
  479  0.059058052  0.00041177961  -0.0022292234  6.6770194e-13  1.0983382e-10  
  480  0.059106853  0.00040495479  -0.0022230064  6.6357929e-13  1.0617529e-10  
  481  0.059154984  0.0003981881  -0.0022158858  6.5949152e-13  1.0261836e-10  
  482  0.059202227  0.000391482  -0.0022078734  6.5543802e-13  9.9162449e-11  
  483  0.059248369  0.00038483898  -0.0021989809  6.5142087e-13  9.5806929e-11  
  484  0.059293195  0.00037826151  -0.0021892202  6.4743672e-13  9.2551176e-11  
  485  0.059336488  0.00037175204  -0.0021786029  6.4348758e-13  8.9394554e-11  
  486  0.059378035  0.00036531307  -0.0021671409  6.395701e-13  8.6336413e-11  
  487  0.05941762  0.00035894705  -0.0021548459  6.3568358e-13  8.3376094e-11  
  488  0.059455053  0.00035265623  -0.0021417308  6.3182743e-13  8.0512758e-11  
  489  0.059490246  0.00034644192  -0.0021278126  6.2800408e-13  7.7744889e-11  
  490  0.059523138  0.00034030519  -0.0021131096  6.2421342e-13  7.507078e-11  
  491  0.059553666  0.00033424712  -0.0020976399  6.2045014e-13  7.248871e-11  
  492  0.059581767  0.00032826879  -0.0020814218  6.1671936e-13  6.9996936e-11  
  493  0.059607379  0.00032237127  -0.0020644735  6.1302092e-13  6.7593695e-11  
  494  0.05963044  0.00031655564  -0.0020468131  6.0934957e-13  6.5277207e-11  
  495  0.059650886  0.00031082297  -0.0020284589  6.0571287e-13  6.3045671e-11  
  496  0.059668657  0.00030517435  -0.002009429  6.0210299e-13  6.0897267e-11  
  497  0.059683689  0.00029961084  -0.0019897416  5.9852491e-13  5.8830157e-11  
  498  0.05969592  0.00029413354  -0.001969415  5.9497591e-13  5.6842481e-11  
  499  0.059705288  0.0002887435  -0.0019484673  5.9145836e-13  5.4932363e-11  
  500  0.05971173  0.00028344181  -0.0019269168  5.8796955e-13  5.3097906e-11  
  501  0.059715184  0.00027822955  -0.0019047815  5.8451182e-13  5.1337193e-11  
  502  0.059715587  0.00027310779  -0.0018820798  5.8107997e-13  4.9648289e-11  
  503  0.059712878  0.00026807761  -0.0018588298  5.7768127e-13  4.8029239e-11  
  504  0.059706993  0.00026314009  -0.0018350497  5.7430805e-13  4.647807e-11  
  505  0.05969787  0.0002582963  -0.0018107577  5.7096507e-13  4.4992787e-11  
  506  0.059685447  0.00025354731  -0.001785972  5.6765206e-13  4.3571378e-11  
  507  0.059669662  0.00024889421  -0.0017607108  5.6436389e-13  4.2211811e-11  
  508  0.059650452  0.00024433808  -0.0017349923  5.6110764e-13  4.0912036e-11  
  509  0.059627754  0.00023987998  -0.0017088346  5.5787575e-13  3.9669981e-11  
  510  0.059601507  0.00023552099  -0.0016822561  5.5467281e-13  3.8483557e-11  
  511  0.059571648  0.0002312622  -0.0016552748  5.5149612e-13  3.7350654e-11  
  512  0.059538114  0.00022710468  -0.001627909  5.483478e-13  3.6269145e-11  
  513  0.059500844  0.0002230495  -0.0016001769  5.4522515e-13  3.5236882e-11  
  514  0.059459774  0.00021909774  -0.0015720967  5.4212789e-13  3.4251698e-11  
  515  0.059414843  0.00021525048  -0.0015436865  5.3905805e-13  3.3311406e-11  
  516  0.059365987  0.0002115088  -0.0015149645  5.3601296e-13  3.2413801e-11  
  517  0.059313145  0.00020787376  -0.0014859491  5.3299462e-13  3.1556659e-11  
  518  0.059256254  0.00020434646  -0.0014566582  5.3000035e-13  3.0737735e-11  
  519  0.059195252  0.00020092796  -0.0014271102  5.2702979e-13  2.9954766e-11  
  520  0.059130077  0.00019761933  -0.0013973233  5.2408491e-13  2.9205469e-11  
  521  0.059060665  0.00019442167  -0.0013673156  5.21163e-13  2.8487542e-11  
  522  0.058986955  0.00019133604  -0.0013371053  5.182637e-13  2.7798665e-11  
  523  0.058908885  0.00018836352  -0.0013067106  5.153889e-13  2.7136496e-11  
  524  0.058826391  0.00018550519  -0.0012761498  5.1253591e-13  2.6498675e-11  
  525  0.058739411  0.00018276213  -0.001245441  5.0970658e-13  2.5882825e-11  
  526  0.058647884  0.0001801354  -0.0012146024  5.0689821e-13  2.5286545e-11  
  527  0.058551764  0.0001776258  -0.0011836515  5.0411044e-13  2.4707847e-11  
  528  0.058451079  0.00017523294  -0.0011526029  5.0134315e-13  2.414644e-11  
  529  0.058345875  0.00017295614  -0.0011214705  4.9859851e-13  2.3602461e-11  
  530  0.058236198  0.00017079473  -0.0010902682  4.9587645e-13  2.3076045e-11  
  531  0.058122092  0.00016874803  -0.0010590099  4.9317241e-13  2.256733e-11  
  532  0.058003604  0.00016681536  -0.0010277094  4.9049078e-13  2.2076452e-11  
  533  0.057880778  0.00016499605  -0.0009963807  4.8782925e-13  2.1603547e-11  
  534  0.057753661  0.00016328942  -0.00096503766  4.8518994e-13  2.1148754e-11  
  535  0.057622298  0.00016169479  -0.00093369417  4.8257053e-13  2.0712209e-11  
  536  0.057486735  0.00016021149  -0.00090236413  4.7997094e-13  2.0294049e-11  
  537  0.057347017  0.00015883884  -0.00087106142  4.7739324e-13  1.9894414e-11  
  538  0.05720319  0.00015757616  -0.00083979994  4.7483514e-13  1.9513439e-11  
  539  0.057055298  0.00015642277  -0.00080859358  4.7229652e-13  1.9151264e-11  
  540  0.056903389  0.000155378  -0.00077745624  4.6977942e-13  1.8808026e-11  
  541  0.056747507  0.00015444118  -0.0007464018  4.6728155e-13  1.8483864e-11  
  542  0.056587698  0.00015361162  -0.00071544416  4.6480279e-13  1.8178917e-11  
  543  0.056424007  0.00015288865  -0.00068459721  4.6234301e-13  1.7893323e-11  
  544  0.056256481  0.00015227159  -0.00065387484  4.5990418e-13  1.7627222e-11  
  545  0.056085164  0.00015175977  -0.00062329095  4.5748404e-13  1.7380751e-11  
  546  0.055910102  0.0001513525  -0.00059285943  4.5508454e-13  1.7154052e-11  
  547  0.05573134  0.00015104912  -0.00056259417  4.527013e-13  1.6947263e-11  
  548  0.055548925  0.00015084894  -0.00053250906  4.5033838e-13  1.6760523e-11  
  549  0.055362902  0.00015075128  -0.000502618  4.4799558e-13  1.6593974e-11  
  550  0.055173316  0.00015075548  -0.00047293488  4.4566857e-13  1.6447754e-11  
  551  0.054980213  0.00015086085  -0.00044347359  4.4336132e-13  1.6322005e-11  
  552  0.054783638  0.00015106672  -0.00041424802  4.4107157e-13  1.6216866e-11  
  553  0.054583637  0.00015137241  -0.00038527207  4.3879914e-13  1.6132478e-11  
  554  0.054380256  0.00015177724  -0.00035655963  4.3654587e-13  1.6068983e-11  
  555  0.05417354  0.00015228055  -0.00032812459  4.3430951e-13  1.602652e-11  
  556  0.053963534  0.00015288164  -0.00029998085  4.3208986e-13  1.6005232e-11  
  557  0.053750285  0.00015357984  -0.00027214229  4.298867e-13  1.6005259e-11  
  558  0.053533837  0.00015437448  -0.00024462281  4.2770183e-13  1.6026744e-11  
  559  0.053314237  0.00015526488  -0.0002174363  4.25531e-13  1.6069827e-11  
  560  0.05309153  0.00015625036  -0.00019059666  4.23378e-13  1.6134651e-11  
  561  0.05286576  0.00015733025  -0.00016411777  4.2124256e-13  1.6221358e-11  
  562  0.052636975  0.00015850387  -0.00013801354  4.1912047e-13  1.633009e-11  
  563  0.052405219  0.00015977054  -0.00011229784  4.1701545e-13  1.646099e-11  
  564  0.052170539  0.00016112958  -8.698458e-05  4.1492526e-13  1.66142e-11  
  565  0.051932979  0.00016258033  -6.2087647e-05  4.1284963e-13  1.6789864e-11  
  566  0.051692591  0.00016412191  -3.761926e-05  4.1078834e-13  1.6988038e-11  
  567  0.051449451  0.00016575273  -1.358495e-05  4.0874327e-13  1.720844e-11  
  568  0.051203643  0.00016747101  1.0011427e-05  4.0671046e-13  1.7450697e-11  
  569  0.050955247  0.00016927495  3.3166015e-05  4.0469376e-13  1.7714433e-11  
  570  0.050704347  0.00017116279  5.5874956e-05  4.0269117e-13  1.7999271e-11  
  571  0.050451024  0.00017313272  7.8134395e-05  4.0070455e-13  1.8304826e-11  
  572  0.050195362  0.00017518298  9.9940474e-05  3.9873001e-13  1.8630715e-11  
  573  0.049937441  0.00017731177  0.00012128934  3.967694e-13  1.8976546e-11  
  574  0.049677346  0.00017951731  0.00014217713  3.9482457e-13  1.9341929e-11  
  575  0.049415157  0.00018179782  0.00016259999  3.9289354e-13  1.9726466e-11  
  576  0.049150957  0.00018415151  0.00018255406  3.9097623e-13  2.0129759e-11  
  577  0.048884829  0.0001865766  0.00020203549  3.8907259e-13  2.0551404e-11  
  578  0.048616855  0.00018907131  0.00022104043  3.8718252e-13  2.0990995e-11  
  579  0.048347117  0.00019163386  0.000239565  3.8530783e-13  2.1448122e-11  
  580  0.048075697  0.00019426245  0.00025760536  3.8344467e-13  2.1922373e-11  
  581  0.047802678  0.0001969553  0.00027515766  3.8159672e-13  2.2413331e-11  
  582  0.047528142  0.00019971064  0.00029221803  3.7976199e-13  2.2920575e-11  
  583  0.047252172  0.00020252667  0.00030878261  3.7794041e-13  2.3443682e-11  
  584  0.046974849  0.00020540162  0.00032484756  3.7613187e-13  2.3982225e-11  
  585  0.046696256  0.0002083337  0.000340409  3.7433629e-13  2.4535775e-11  
  586  0.046416476  0.00021132112  0.0003554631  3.7255355e-13  2.5103897e-11  
  587  0.04613559  0.0002143621  0.00037000599  3.7078537e-13  2.5686154e-11  
  588  0.045853681  0.00021745486  0.00038403381  3.69028e-13  2.6282106e-11  
  589  0.045570831  0.00022059762  0.00039754271  3.6728315e-13  2.6891309e-11  
  590  0.045287122  0.00022378859  0.00041052882  3.655525e-13  2.7513316e-11  
  591  0.045002638  0.00022702598  0.00042298831  3.6383413e-13  2.8147675e-11  
  592  0.044717459  0.00023030802  0.0004349173  3.6212612e-13  2.8793932e-11  
  593  0.04443167  0.00023363291  0.00044631194  3.6043193e-13  2.945163e-11  
  594  0.04414535  0.00023699888  0.00045716837  3.5874964e-13  3.0120308e-11  
  595  0.043858584  0.00024040415  0.00046748274  3.5707911e-13  3.0799501e-11  
  596  0.043571453  0.00024384692  0.00047725119  3.5542021e-13  3.1488741e-11  
  597  0.04328404  0.00024732541  0.00048646987  3.5377279e-13  3.2187557e-11  
  598  0.042996427  0.00025083784  0.00049513491  3.5213671e-13  3.2895474e-11  
  599  0.042708696  0.00025438243  0.00050324246  3.5051183e-13  3.3612014e-11  
  600  0.04242093  0.00025795739  0.00051078867  3.4889799e-13  3.4336696e-11  
  601  0.042133211  0.00026156094  0.00051776968  3.4729677e-13  3.5069033e-11  
  602  0.041845621  0.0002651913  0.00052418162  3.4570454e-13  3.5808539e-11  
  603  0.041558242  0.00026884667  0.00053002065  3.4412288e-13  3.6554721e-11  
  604  0.041271157  0.00027252529  0.00053528291  3.4255162e-13  3.7307083e-11  
  605  0.040984445  0.00027622536  0.00053996608  3.4099233e-13  3.8065156e-11  
  606  0.040698168  0.00027994513  0.00054407407  3.3944151e-13  3.8828577e-11  
  607  0.040412385  0.00028368284  0.00054761231  3.3790087e-13  3.9597011e-11  
  608  0.040127157  0.00028743675  0.00055058625  3.3637205e-13  4.037012e-11  
  609  0.039842543  0.0002912051  0.00055300132  3.3485162e-13  4.1147565e-11  
  610  0.039558601  0.00029498614  0.00055486297  3.3334124e-13  4.1929001e-11  
  611  0.039275391  0.0002987781  0.00055617663  3.3184256e-13  4.2714084e-11  
  612  0.038992973  0.00030257925  0.00055694776  3.3035217e-13  4.3502468e-11  
  613  0.038711405  0.00030638782  0.00055718178  3.288717e-13  4.4293802e-11  
  614  0.038430748  0.00031020206  0.00055688415  3.2740277e-13  4.5087735e-11  
  615  0.03815106  0.00031402022  0.00055606029  3.25942e-13  4.5883913e-11  
  616  0.037872401  0.00031784055  0.00055471566  3.2449101e-13  4.6681978e-11  
  617  0.037594829  0.00032166129  0.0005528557  3.2305139e-13  4.7481573e-11  
  618  0.037318406  0.00032548068  0.00055048584  3.2161979e-13  4.8282336e-11  
  619  0.037043189  0.00032929698  0.00054761152  3.201978e-13  4.9083905e-11  
  620  0.036769238  0.00033310843  0.0005442382  3.1878537e-13  4.9885912e-11  
  621  0.036496613  0.00033691328  0.0005403713  3.1738405e-13  5.0687991e-11  
  622  0.036225372  0.00034070978  0.00053601628  3.1599053e-13  5.148977e-11  
  623  0.035955575  0.00034449616  0.00053117856  3.1460636e-13  5.2290878e-11  
  624  0.035687282  0.00034827068  0.0005258636  3.132315e-13  5.3090939e-11  
  625  0.035420552  0.00035203158  0.00052007684  3.1186586e-13  5.3889576e-11  
  626  0.035155443  0.00035577712  0.0005138237  3.1050937e-13  5.468641e-11  
  627  0.034892016  0.00035950553  0.00050710965  3.0916196e-13  5.5481059e-11  
  628  0.03463033  0.00036321506  0.00049994011  3.0782355e-13  5.6273138e-11  
  629  0.034370444  0.00036690397  0.00049232053  3.0649407e-13  5.7062261e-11  
  630  0.034112417  0.00037057049  0.00048425635  3.0517343e-13  5.784804e-11  
  631  0.033856309  0.00037421287  0.00047575301  3.0386154e-13  5.8630083e-11  
  632  0.033602179  0.00037782937  0.00046681595  3.0255677e-13  5.9407997e-11  
  633  0.033350086  0.00038141821  0.00045745061  3.0126215e-13  6.0181385e-11  
  634  0.033100091  0.00038497766  0.00044766244  2.9997604e-13  6.0949851e-11  
  635  0.032852251  0.00038850596  0.00043745688  2.9869678e-13  6.1712994e-11  
  636  0.032606626  0.00039200136  0.00042683936  2.9742738e-13  6.247041e-11  
  637  0.032363276  0.0003954621  0.00041581532  2.9616466e-13  6.3221696e-11  
  638  0.032122261  0.00039888642  0.00040439022  2.9491161e-13  6.3966444e-11  
  639  0.031883638  0.00040227258  0.00039256949  2.9366504e-13  6.4704244e-11  
  640  0.031647469  0.00040561882  0.00038035857  2.9242792e-13  6.5434685e-11  
  641  0.031413811  0.00040892339  0.0003677629  2.9119708e-13  6.6157351e-11  
  642  0.031182725  0.00041218454  0.00035478792  2.8997396e-13  6.6871828e-11  
  643  0.030954269  0.00041540051  0.00034143908  2.8875843e-13  6.7577695e-11  
  644  0.030728495  0.0004185697  0.0003277225  2.8755192e-13  6.8274622e-11  
  645  0.030505422  0.00042169116  0.00031364701  2.8635135e-13  6.8962631e-11  
  646  0.03028506  0.0004247641  0.00029922214  2.8515822e-13  6.9641836e-11  
  647  0.030067419  0.0004277877  0.0002844574  2.839725e-13  7.031235e-11  
  648  0.02985251  0.00043076119  0.00026936233  2.8279416e-13  7.0974291e-11  
  649  0.029640343  0.00043368375  0.00025394643  2.8162169e-13  7.1627773e-11  
  650  0.029430928  0.0004365546  0.00023821924  2.8045803e-13  7.2272914e-11  
  651  0.029224277  0.00043937293  0.00022219027  2.7930166e-13  7.2909833e-11  
  652  0.0290204  0.00044213794  0.00020586904  2.7815107e-13  7.3538648e-11  
  653  0.028819306  0.00044484884  0.00018926507  2.7700918e-13  7.4159481e-11  
  654  0.028621007  0.00044750483  0.00017238789  2.7587448e-13  7.4772453e-11  
  655  0.028425513  0.00045010511  0.00015524701  2.7474546e-13  7.5377685e-11  
  656  0.028232834  0.00045264889  0.00013785196  2.7362356e-13  7.5975302e-11  
  657  0.028042981  0.00045513536  0.00012021226  2.7251019e-13  7.6565429e-11  
  658  0.027855964  0.00045756374  0.00010233742  2.714024e-13  7.7148189e-11  
  659  0.027671793  0.00045993321  8.4236967e-05  2.7030161e-13  7.7723711e-11  
  660  0.02749048  0.00046224298  6.5920426e-05  2.6920777e-13  7.8292121e-11  
  661  0.027312035  0.00046449226  4.7397314e-05  2.6812083e-13  7.8853547e-11  
  662  0.027136467  0.00046668025  2.8677153e-05  2.6704075e-13  7.940812e-11  
  663  0.026963788  0.00046880615  9.7694635e-06  2.6596748e-13  7.995597e-11  
  664  0.026794008  0.00047086916  -9.316234e-06  2.6490097e-13  8.0497228e-11  
  665  0.026627137  0.00047286849  -2.8570418e-05  2.6384118e-13  8.1032027e-11  
  666  0.026463186  0.00047480333  -4.7983569e-05  2.6278804e-13  8.15605e-11  
  667  0.026302165  0.00047667288  -6.7546165e-05  2.617415e-13  8.2082783e-11  
  668  0.026144084  0.00047847636  -8.7248686e-05  2.6070011e-13  8.2599009e-11  
  669  0.025988955  0.00048021297  -0.00010708161  2.5966662e-13  8.3109317e-11  
  670  0.025836787  0.00048188189  -0.00012703542  2.5863817e-13  8.3613843e-11  
  671  0.025687592  0.00048348235  -0.00014710059  2.576175e-13  8.4112727e-11  
  672  0.025541379  0.00048501354  -0.0001672676  2.5660176e-13  8.4606107e-11  
  673  0.025398158  0.00048647465  -0.00018752693  2.5559366e-13  8.5094124e-11  
  674  0.025257941  0.0004878649  -0.00020786906  2.5459037e-13  8.5576921e-11  
  675  0.025120738  0.00048918349  -0.00022828447  2.5359321e-13  8.6054639e-11  
  676  0.024986559  0.00049042961  -0.00024876364  2.5260213e-13  8.6527422e-11  
  677  0.024855414  0.00049160248  -0.00026929704  2.5161704e-13  8.6995415e-11  
  678  0.024727315  0.00049270129  -0.00028987516  2.5063788e-13  8.7458764e-11  
  679  0.024602271  0.00049372524  -0.00031048848  2.4966458e-13  8.7917615e-11  
  680  0.024480293  0.00049467355  -0.00033112747  2.4869706e-13  8.8372116e-11  
  681  0.024361391  0.0004955454  -0.00035178261  2.4773526e-13  8.8822415e-11  
  682  0.024245577  0.00049634  -0.00037244439  2.467791e-13  8.9268663e-11  
  683  0.024132853  0.00049705676  -0.0003931036  2.458285e-13  8.9710963e-11  
  684  0.024023195  0.00049769588  -0.00041375231  2.4488345e-13  9.0149235e-11  
  685  0.023916574  0.00049825779  -0.00043438291  2.4394258e-13  9.058335e-11  
  686  0.023812958  0.00049874289  -0.0004549878  2.4300856e-13  9.101318e-11  
  687  0.023712317  0.00049915159  -0.00047555935  2.4208001e-13  9.1438597e-11  
  688  0.02361462  0.00049948432  -0.00049608997  2.4115559e-13  9.185947e-11  
  689  0.023519837  0.00049974147  -0.00051657204  2.4023794e-13  9.2275669e-11  
  690  0.023427937  0.00049992348  -0.00053699795  2.3932438e-13  9.2687063e-11  
  691  0.02333889  0.00050003074  -0.00055736009  2.384162e-13  9.309352e-11  
  692  0.023252664  0.00050006367  -0.00057765084  2.375147e-13  9.3494909e-11  
  693  0.02316923  0.00050002268  -0.00059786261  2.3661723e-13  9.3891096e-11  
  694  0.023088557  0.0004999082  -0.00061798778  2.3572507e-13  9.4281948e-11  
  695  0.023010613  0.00049972062  -0.00063801874  2.3483818e-13  9.4667331e-11  
  696  0.022935369  0.00049946037  -0.00065794788  2.3395655e-13  9.504711e-11  
  697  0.022862794  0.00049912785  -0.00067776759  2.3308015e-13  9.542115e-11  
  698  0.022792857  0.00049872349  -0.00069747025  2.3220893e-13  9.5789315e-11  
  699  0.022725528  0.00049824769  -0.00071704826  2.3134287e-13  9.6151468e-11  
  700  0.022660776  0.00049770086  -0.00073649402  2.3048193e-13  9.6507472e-11  
  701  0.02259857  0.00049708342  -0.0007557999  2.2962609e-13  9.685719e-11  
  702  0.022538881  0.00049639578  -0.0007749583  2.287753e-13  9.7200483e-11  
  703  0.022481676  0.00049563836  -0.0007939616  2.2792954e-13  9.7537212e-11  
  704  0.022426926  0.00049481157  -0.00081280221  2.2708749e-13  9.7867237e-11  
  705  0.022374601  0.00049391582  -0.0008314725  2.2625166e-13  9.8190418e-11  
  706  0.022324669  0.00049295152  -0.00084996487  2.2542074e-13  9.8506615e-11  
  707  0.022277099  0.00049191909  -0.0008682717  2.2459343e-13  9.8815685e-11  
  708  0.022231862  0.00049081894  -0.0008863854  2.237722e-13  9.9117486e-11  
  709  0.022188927  0.00048965148  -0.00090429833  2.2295452e-13  9.9411877e-11  
  710  0.022148262  0.00048841713  -0.00092200291  2.2214283e-13  9.9698713e-11  
  711  0.022109838  0.0004871163  -0.00093949151  2.2133461e-13  9.997785e-11  
  712  0.022073624  0.0004857494  -0.00095675653  2.2053229e-13  1.0024914e-10  
  713  0.02203959  0.00048431685  -0.00097379035  2.1973334e-13  1.0051245e-10  
  714  0.022007703  0.00048281906  -0.00099058536  2.189402e-13  1.0076762e-10  
  715  0.021977935  0.00048125643  -0.001007134  2.1815035e-13  1.0101451e-10  
  716  0.021950255  0.0004796294  -0.0010234285  2.1736499e-13  1.0125297e-10  
  717  0.021924631  0.00047793836  -0.0010394615  2.1658527e-13  1.0148286e-10  
  718  0.021901033  0.00047618373  -0.0010552252  2.1580871e-13  1.0170403e-10  
  719  0.021879432  0.00047436592  -0.001070712  2.1503648e-13  1.0191632e-10  
  720  0.021859795  0.00047248535  -0.0010859144  2.1426853e-13  1.0211959e-10  
  721  0.021842092  0.00047054243  -0.0011008247  2.1350601e-13  1.0231368e-10  
  722  0.021826291  0.00046853771  -0.0011154362  2.1274645e-13  1.0249849e-10  
  723  0.021812349  0.00046647223  -0.0011297459  2.1199106e-13  1.0267404e-10  
  724  0.02180022  0.00046434719  -0.0011437517  2.112398e-13  1.0284041e-10  
  725  0.021789859  0.00046216379  -0.0011574513  2.1049267e-13  1.0299765e-10  
  726  0.021781221  0.00045992319  -0.0011708428  2.0974965e-13  1.0314584e-10  
  727  0.02177426  0.0004576266  -0.0011839239  2.0901192e-13  1.0328506e-10  
  728  0.021768932  0.0004552752  -0.0011966925  2.0827706e-13  1.0341536e-10  
  729  0.02176519  0.00045287018  -0.0012091465  2.0754626e-13  1.0353681e-10  
  730  0.02176299  0.00045041273  -0.0012212837  2.068195e-13  1.036495e-10  
  731  0.021762287  0.00044790403  -0.001233102  2.0609676e-13  1.0375349e-10  
  732  0.021763035  0.00044534528  -0.0012445993  2.0537802e-13  1.0384886e-10  
  733  0.021765189  0.00044273766  -0.0012557735  2.0466442e-13  1.0393567e-10  
  734  0.021768703  0.00044008235  -0.0012666224  2.0395361e-13  1.0401401e-10  
  735  0.021773533  0.00043738056  -0.0012771438  2.0324674e-13  1.0408394e-10  
  736  0.021779633  0.00043463346  -0.0012873357  2.0254378e-13  1.0414554e-10  
  737  0.021786958  0.00043184224  -0.001297196  2.0184587e-13  1.0419888e-10  
  738  0.021795462  0.0004290081  -0.0013067224  2.0115067e-13  1.0424405e-10  
  739  0.021805101  0.00042613222  -0.0013159128  2.0045932e-13  1.0428111e-10  
  740  0.021815828  0.00042321578  -0.0013247652  1.9977293e-13  1.0431015e-10  
  741  0.0218276  0.00042025998  -0.0013332773  1.9908918e-13  1.0433124e-10  
  742  0.02184037  0.00041726601  -0.0013414471  1.9840921e-13  1.0434446e-10  
  743  0.021854093  0.00041423504  -0.0013492723  1.9773411e-13  1.043499e-10  
  744  0.021868725  0.00041116828  -0.001356751  1.970616e-13  1.0434762e-10  
  745  0.021884219  0.0004080669  -0.0013638809  1.963939e-13  1.0433771e-10  
  746  0.02190053  0.0004049321  -0.0013706599  1.9572985e-13  1.0432025e-10  
  747  0.021917614  0.00040176507  -0.0013770859  1.9506831e-13  1.0429533e-10  
  748  0.021935424  0.00039856698  -0.0013831568  1.9441149e-13  1.0426301e-10  
  749  0.021953916  0.00039533904  -0.0013888703  1.9375824e-13  1.0422339e-10  
  750  0.021973045  0.00039208243  -0.0013942245  1.9310853e-13  1.0417656e-10  
  751  0.021992764  0.00038879833  -0.0013992171  1.9246232e-13  1.0412258e-10  
  752  0.02201303  0.00038548794  -0.001403846  1.9181958e-13  1.0406155e-10  
  753  0.022033796  0.00038215243  -0.001408109  1.9118029e-13  1.0399355e-10  
  754  0.022055017  0.00037879301  -0.0014120041  1.905444e-13  1.0391867e-10  
  755  0.022076649  0.00037541086  -0.0014155292  1.8991189e-13  1.0383699e-10  
  756  0.022098645  0.00037200717  -0.001418682  1.8928381e-13  1.037486e-10  
  757  0.022120961  0.00036858312  -0.0014214604  1.8865794e-13  1.0365358e-10  
  758  0.022143551  0.0003651399  -0.0014238623  1.8803643e-13  1.0355203e-10  
  759  0.02216637  0.0003616787  -0.0014258857  1.8741815e-13  1.0344403e-10  
  760  0.022189373  0.00035820071  -0.0014275283  1.8680198e-13  1.0332967e-10  
  761  0.022212516  0.00035470712  -0.0014287888  1.8619005e-13  1.0320905e-10  
  762  0.022235764  0.00035119913  -0.0014296698  1.8558126e-13  1.0308223e-10  
  763  0.022259084  0.00034767794  -0.0014301745  1.8497668e-13  1.0294932e-10  
  764  0.022282443  0.00034414473  -0.0014303061  1.8437414e-13  1.0281038e-10  
  765  0.022305807  0.00034060073  -0.001430068  1.8377471e-13  1.0266551e-10  
  766  0.022329142  0.00033704712  -0.0014294635  1.8317943e-13  1.025148e-10  
  767  0.022352417  0.00033348511  -0.0014284957  1.8258724e-13  1.0235832e-10  
  768  0.022375596  0.00032991589  -0.0014271681  1.8199704e-13  1.0219617e-10  
  769  0.022398648  0.00032634066  -0.0014254839  1.8141095e-13  1.0202842e-10  
  770  0.022421538  0.00032276063  -0.0014234464  1.8082896e-13  1.0185518e-10  
  771  0.022444234  0.00031917699  -0.0014210588  1.8024892e-13  1.0167652e-10  
  772  0.022466702  0.00031559095  -0.0014183245  1.7967294e-13  1.0149254e-10  
  773  0.022488909  0.0003120037  -0.0014152468  1.790989e-13  1.0130333e-10  
  774  0.022510821  0.00030841644  -0.0014118289  1.7852887e-13  1.0110896e-10  
  775  0.022532405  0.00030483037  -0.0014080741  1.779618e-13  1.0090955e-10  
  776  0.022553628  0.0003012467  -0.0014039857  1.7739766e-13  1.0070517e-10  
  777  0.022574456  0.00029766662  -0.001399567  1.7683747e-13  1.0049592e-10  
  778  0.022594857  0.00029409133  -0.0013948213  1.7627915e-13  1.0028188e-10  
  779  0.022614797  0.00029052203  -0.0013897519  1.7572474e-13  1.0006316e-10  
  780  0.022634242  0.00028695992  -0.001384362  1.7517319e-13  9.9839845e-11  
  781  0.02265316  0.00028340621  -0.0013786549  1.7462448e-13  9.9612028e-11  
  782  0.022671516  0.00027986208  -0.001372634  1.7407962e-13  9.9379803e-11  
  783  0.022689279  0.00027632875  -0.0013663025  1.7353653e-13  9.9143266e-11  
  784  0.022706413  0.0002728074  -0.0013596637  1.7299725e-13  9.8902512e-11  
  785  0.022722887  0.00026929924  -0.0013527208  1.7246072e-13  9.8657636e-11  
  786  0.022738667  0.00026580547  -0.0013454773  1.7192795e-13  9.8408736e-11  
  787  0.022753719  0.00026232729  -0.0013379363  1.7139687e-13  9.8155908e-11  
  788  0.02276801  0.0002588659  -0.0013301011  1.708695e-13  9.789925e-11  
  789  0.022781507  0.0002554225  -0.0013219751  1.703448e-13  9.7638859e-11  
  790  0.022794176  0.00025199829  -0.0013135615  1.6982274e-13  9.7374835e-11  
  791  0.022805985  0.00024859446  -0.0013048636  1.693043e-13  9.7107276e-11  
  792  0.0228169  0.00024521222  -0.0012958847  1.6878846e-13  9.6836282e-11  
  793  0.022826887  0.00024185277  -0.001286628  1.6827519e-13  9.6561954e-11  
  794  0.022835914  0.0002385173  -0.001277097  1.6776447e-13  9.6284393e-11  
  795  0.022843946  0.00023520702  -0.0012672948  1.6725726e-13  9.6003699e-11  
  796  0.022850952  0.00023192313  -0.0012572247  1.6675156e-13  9.5719974e-11  
  797  0.022856896  0.00022866682  -0.00124689  1.6624932e-13  9.5433322e-11  
  798  0.022861747  0.0002254393  -0.0012362941  1.657505e-13  9.5143845e-11  
  799  0.022865471  0.00022224176  -0.0012254401  1.6525311e-13  9.4851647e-11  
  800  0.022868038  0.0002190753  -0.0012143319  1.647591e-13  9.4556813e-11  
  801  0.022869437  0.00021594061  -0.0012029748  1.6426844e-13  9.4259357e-11  
  802  0.022869658  0.00021283826  -0.0011913748  1.6377916e-13  9.3959275e-11  
  803  0.022868695  0.00020976883  -0.0011795377  1.6329322e-13  9.365656e-11  
  804  0.022866538  0.0002067329  -0.0011674695  1.6280963e-13  9.3351208e-11  
  805  0.02286318  0.00020373105  -0.001155176  1.6232933e-13  9.3043213e-11  
  806  0.022858613  0.00020076386  -0.0011426632  1.618504e-13  9.2732572e-11  
  807  0.022852828  0.0001978319  -0.0011299369  1.6137475e-13  9.2419279e-11  
  808  0.022845817  0.00019493576  -0.0011170029  1.6090235e-13  9.2103329e-11  
  809  0.022837572  0.00019207601  -0.0011038673  1.6043129e-13  9.1784717e-11  
  810  0.022828084  0.00018925324  -0.0010905359  1.5996347e-13  9.1463439e-11  
  811  0.022817347  0.00018646801  -0.0010770145  1.5949887e-13  9.1139488e-11  
  812  0.022805351  0.00018372092  -0.0010633091  1.5903556e-13  9.0812861e-11  
  813  0.022792088  0.00018101254  -0.0010494256  1.5857545e-13  9.0483553e-11  
  814  0.02277755  0.00017834344  -0.0010353698  1.5811756e-13  9.0151558e-11  
  815  0.022761729  0.00017571421  -0.0010211477  1.5766284e-13  8.9816871e-11  
  816  0.022744617  0.00017312543  -0.0010067651  1.5721032e-13  8.9479488e-11  
  817  0.022726206  0.00017057767  -0.00099222791  1.5675998e-13  8.9139404e-11  
  818  0.022706487  0.00016807151  -0.00097754204  1.5631275e-13  8.8796614e-11  
  819  0.022685452  0.00016560754  -0.00096271337  1.5586769e-13  8.8451112e-11  
  820  0.022663094  0.00016318632  -0.0009477478  1.5542476e-13  8.8102895e-11  
  821  0.022639403  0.00016080845  -0.00093265122  1.549849e-13  8.7751957e-11  
  822  0.022614373  0.00015847449  -0.00091742951  1.5454622e-13  8.7398293e-11  
  823  0.022587993  0.00015618504  -0.00090208857  1.5411149e-13  8.7041899e-11  
  824  0.022560258  0.00015394065  -0.00088663428  1.5367792e-13  8.6682769e-11  
  825  0.022531157  0.00015174192  -0.00087107254  1.5324734e-13  8.6320898e-11  
  826  0.022500684  0.00014958943  -0.00085540924  1.5281974e-13  8.5956283e-11  
  827  0.02246883  0.00014748375  -0.00083965027  1.5239324e-13  8.5588917e-11  
  828  0.022435586  0.00014542545  -0.00082380152  1.5196968e-13  8.5218797e-11  
  829  0.022400945  0.00014341513  -0.00080786888  1.5154903e-13  8.4845916e-11  
  830  0.022364899  0.00014145336  -0.00079185824  1.5112945e-13  8.4470271e-11  
  831  0.022327439  0.00013954071  -0.00077577549  1.5071365e-13  8.4091857e-11  
  832  0.022288557  0.00013767777  -0.00075962653  1.5029889e-13  8.3710668e-11  
  833  0.022248245  0.00013586512  -0.00074341723  1.4988697e-13  8.3326701e-11  
  834  0.022206494  0.00013410333  -0.0007271535  1.4947695e-13  8.2939949e-11  
  835  0.022163298  0.00013239298  -0.00071084122  1.4906882e-13  8.2550408e-11  
  836  0.022118647  0.00013073465  -0.00069448629  1.4866347e-13  8.2158074e-11  
  837  0.022072533  0.00012912893  -0.00067809459  1.4826086e-13  8.1762942e-11  
  838  0.022024948  0.00012757638  -0.00066167202  1.4785918e-13  8.1365006e-11  
  839  0.021975888  0.00012607745  -0.00064522432  1.4746021e-13  8.0964272e-11  
  840  0.021925363  0.00012463206  -0.00062875664  1.4706305e-13  8.0560788e-11  
  841  0.021873388  0.00012323995  -0.00061227399  1.4666857e-13  8.015461e-11  
  842  0.021819977  0.00012190091  -0.00059578137  1.4627588e-13  7.9745796e-11  
  843  0.021765145  0.00012061471  -0.00057928379  1.4588497e-13  7.9334404e-11  
  844  0.021708905  0.00011938111  -0.00056278625  1.4549672e-13  7.8920492e-11  
  845  0.021651273  0.00011819988  -0.00054629377  1.4511023e-13  7.8504118e-11  
  846  0.021592263  0.00011707078  -0.00052981134  1.4472549e-13  7.8085343e-11  
  847  0.021531888  0.0001159936  -0.00051334397  1.4434339e-13  7.7664224e-11  
  848  0.021470165  0.0001149681  -0.00049689667  1.4396302e-13  7.724082e-11  
  849  0.021407106  0.00011399404  -0.00048047444  1.4358525e-13  7.6815193e-11  
  850  0.021342726  0.0001130712  -0.00046408229  1.4320833e-13  7.6387402e-11  
  851  0.021277041  0.00011219934  -0.00044772522  1.42834e-13  7.5957507e-11  
  852  0.021210063  0.00011137823  -0.00043140824  1.4246224e-13  7.5525568e-11  
  853  0.021141808  0.00011060765  -0.00041513636  1.4209216e-13  7.5091647e-11  
  854  0.02107229  0.00010988736  -0.00039891458  1.4172377e-13  7.4655805e-11  
  855  0.021001523  0.00010921713  -0.0003827479  1.4135792e-13  7.4218104e-11  
  856  0.020929521  0.00010859672  -0.00036664134  1.4099287e-13  7.3778605e-11  
  857  0.0208563  0.00010802592  -0.00035059989  1.4063119e-13  7.333737e-11  
  858  0.020781874  0.00010750448  -0.00033462857  1.4027029e-13  7.2894462e-11  
  859  0.020706256  0.00010703218  -0.00031873238  1.3991188e-13  7.2449943e-11  
  860  0.020629461  0.00010660878  -0.00030291632  1.3955509e-13  7.2003877e-11  
  861  0.020551505  0.00010623405  -0.0002871854  1.3920076e-13  7.1556327e-11  
  862  0.0204724  0.00010590777  -0.00027154462  1.3884803e-13  7.1107356e-11  
  863  0.020392162  0.0001056297  -0.000255999  1.3849689e-13  7.0657028e-11  
  864  0.020310804  0.00010539961  -0.00024055354  1.3814733e-13  7.0205408e-11  
  865  0.020228342  0.00010521726  -0.00022521323  1.3780017e-13  6.9752561e-11  
  866  0.02014479  0.00010508244  -0.0002099831  1.3745456e-13  6.929855e-11  
  867  0.020060162  0.0001049949  -0.00019486814  1.3711134e-13  6.8843441e-11  
  868  0.019974472  0.00010495441  -0.00017987336  1.3676964e-13  6.8387299e-11  
  869  0.019887735  0.00010496076  -0.00016500376  1.3642946e-13  6.793019e-11  
  870  0.019799965  0.00010501369  -0.00015026435  1.3609078e-13  6.7472181e-11  
  871  0.019711177  0.00010511299  -0.00013566014  1.3575442e-13  6.7013337e-11  
  872  0.019621385  0.00010525841  -0.00012119614  1.3541955e-13  6.6553725e-11  
  873  0.019530604  0.00010544974  -0.00010687734  1.3508696e-13  6.6093412e-11  
  874  0.019438847  0.00010568674  -9.270875e-05  1.34755e-13  6.5632465e-11  
  875  0.019346129  0.00010596917  -7.8695381e-05  1.344253e-13  6.5170952e-11  
  876  0.019252466  0.00010629681  -6.4842237e-05  1.3409702e-13  6.470894e-11  
  877  0.01915787  0.00010666943  -5.1154323e-05  1.3377098e-13  6.4246497e-11  
  878  0.019062358  0.0001070867  -3.763612e-05  1.3344633e-13  6.3783691e-11  
  879  0.018965953  0.00010754794  -2.4290007e-05  1.3312307e-13  6.3320581e-11  
  880  0.018868678  0.00010805238  -1.1117839e-05  1.3280201e-13  6.2857225e-11  
  881  0.018770558  0.00010859924  1.8785279e-06  1.3248152e-13  6.2393682e-11  
  882  0.018671616  0.00010918776  1.4697239e-05  1.3216321e-13  6.1930011e-11  
  883  0.018571876  0.00010981716  2.7336441e-05  1.3184708e-13  6.146627e-11  
  884  0.018471363  0.00011048667  3.9794276e-05  1.315315e-13  6.100252e-11  
  885  0.0183701  0.00011119552  5.2068892e-05  1.3121808e-13  6.053882e-11  
  886  0.018268112  0.00011194292  6.4158432e-05  1.3090601e-13  6.007523e-11  
  887  0.018165422  0.00011272812  7.6061042e-05  1.3059529e-13  5.9611809e-11  
  888  0.018062055  0.00011355033  8.7774867e-05  1.302867e-13  5.9148618e-11  
  889  0.017958034  0.00011440879  9.9298052e-05  1.2997943e-13  5.8685719e-11  
  890  0.017853384  0.00011530272  0.00011062874  1.2967349e-13  5.8223171e-11  
  891  0.017748128  0.00011623135  0.00012176508  1.2936886e-13  5.7761035e-11  
  892  0.017642291  0.0001171939  0.00013270522  1.2906633e-13  5.7299374e-11  
  893  0.017535896  0.00011818961  0.00014344729  1.2876511e-13  5.6838248e-11  
  894  0.017428967  0.0001192177  0.00015398945  1.2846517e-13  5.637772e-11  
  895  0.017321529  0.0001202774  0.00016432984  1.2816653e-13  5.5917852e-11  
  896  0.017213605  0.00012136793  0.0001744666  1.2786994e-13  5.5458705e-11  
  897  0.01710522  0.00012248853  0.00018439789  1.2757385e-13  5.5000343e-11  
  898  0.016996398  0.00012363841  0.00019412184  1.272798e-13  5.4542829e-11  
  899  0.016887161  0.00012481682  0.0002036366  1.2698778e-13  5.4086226e-11  
  900  0.016777536  0.00012602296  0.00021294032  1.2669623e-13  5.3630596e-11  
  901  0.016667544  0.00012725608  0.00022203113  1.264067e-13  5.3176004e-11  
  902  0.016557211  0.0001285154  0.00023090719  1.261184e-13  5.2722513e-11  
  903  0.016446561  0.00012980015  0.00023956665  1.2583131e-13  5.2270188e-11  
  904  0.016335617  0.00013110954  0.00024800763  1.2554545e-13  5.1819093e-11  
  905  0.016224404  0.00013244282  0.0002562283  1.2526079e-13  5.1369292e-11  
  906  0.016112945  0.00013379921  0.0002642268  1.2497809e-13  5.0920851e-11  
  907  0.016001264  0.00013517793  0.00027200126  1.2469658e-13  5.0473834e-11  
  908  0.015889386  0.00013657822  0.00027954984  1.2441624e-13  5.0028308e-11  
  909  0.015777335  0.0001379993  0.00028687068  1.2413708e-13  4.9584337e-11  
  910  0.015665133  0.00013944039  0.00029396193  1.2385907e-13  4.9141987e-11  
  911  0.015552807  0.00014090073  0.00030082172  1.2358298e-13  4.8701325e-11  
  912  0.015440379  0.00014237954  0.00030744822  1.2330802e-13  4.8262416e-11  
  913  0.015327873  0.00014387604  0.00031383955  1.230342e-13  4.7825329e-11  
  914  0.015215314  0.00014538948  0.00031999387  1.2276149e-13  4.7390128e-11  
  915  0.015102725  0.00014691907  0.00032590932  1.224899e-13  4.6956883e-11  
  916  0.014990131  0.00014846404  0.00033158405  1.222194e-13  4.6525659e-11  
  917  0.014877555  0.00015002361  0.00033701675  1.2195075e-13  4.6096513e-11  
  918  0.014765016  0.00015159697  0.00034220836  1.2168244e-13  4.5669454e-11  
  919  0.014652535  0.00015318331  0.00034716037  1.2141595e-13  4.5244482e-11  
  920  0.014540131  0.00015478182  0.00035187426  1.2115055e-13  4.4821593e-11  
  921  0.014427824  0.00015639166  0.00035635153  1.2088622e-13  4.4400786e-11  
  922  0.014315633  0.00015801204  0.00036059365  1.2062296e-13  4.3982059e-11  
  923  0.014203578  0.00015964213  0.00036460211  1.203615e-13  4.3565409e-11  
  924  0.014091678  0.00016128112  0.00036837841  1.2010038e-13  4.3150834e-11  
  925  0.013979953  0.0001629282  0.00037192403  1.1984104e-13  4.2738333e-11  
  926  0.013868423  0.00016458254  0.00037524046  1.1958203e-13  4.2327902e-11  
  927  0.013757106  0.00016624333  0.00037832918  1.193248e-13  4.191954e-11  
  928  0.013646023  0.00016790976  0.00038119168  1.1906862e-13  4.1513244e-11  
  929  0.013535192  0.00016958101  0.00038382945  1.1881348e-13  4.1109012e-11  
  930  0.013424635  0.00017125626  0.00038624399  1.1855937e-13  4.070684e-11  
  931  0.013314369  0.0001729347  0.00038843676  1.183063e-13  4.0306728e-11  
  932  0.013204415  0.00017461552  0.00039040927  1.1805426e-13  3.9908671e-11  
  933  0.013094792  0.00017629789  0.00039216299  1.1780396e-13  3.9512668e-11  
  934  0.01298552  0.00017798101  0.00039369942  1.1755396e-13  3.9118715e-11  
  935  0.012876618  0.00017966405  0.00039502005  1.1730568e-13  3.872681e-11  
  936  0.012768106  0.0001813462  0.00039612636  1.170577e-13  3.833695e-11  
  937  0.012660004  0.00018302664  0.00039701983  1.1681144e-13  3.7949132e-11  
  938  0.01255233  0.00018470457  0.00039770197  1.1656546e-13  3.7563353e-11  
  939  0.012445105  0.00018637916  0.00039817424  1.1632118e-13  3.7179611e-11  
  940  0.012338347  0.0001880496  0.00039843815  1.1607789e-13  3.6797901e-11  
  941  0.012232077  0.00018971506  0.00039849518  1.1583559e-13  3.6418222e-11  
  942  0.012126315  0.00019137475  0.00039834681  1.1559425e-13  3.604057e-11  
  943  0.012021079  0.00019302784  0.00039799453  1.1535388e-13  3.5664942e-11  
  944  0.011916389  0.00019467351  0.00039743984  1.1511448e-13  3.5291334e-11  
  945  0.011812265  0.00019631095  0.00039668421  1.1487604e-13  3.4919744e-11  
  946  0.011708726  0.00019793934  0.00039572914  1.1463854e-13  3.4550167e-11  
  947  0.011605791  0.00019955788  0.00039457611  1.1440199e-13  3.4182601e-11  
  948  0.011503482  0.00020116573  0.00039322661  1.1416638e-13  3.3817042e-11  
  949  0.011401816  0.0002027621  0.00039168213  1.1393449e-13  3.3453486e-11  
  950  0.011300813  0.00020434615  0.00038994415  1.1369657e-13  3.3091931e-11  
  951  0.011200493  0.00020591708  0.00038801417  1.1346651e-13  3.2732372e-11  
  952  0.011100876  0.00020747407  0.00038589366  1.1323736e-13  3.2374805e-11  
  953  0.011001981  0.0002090163  0.00038358412  1.130022e-13  3.2019228e-11  
  954  0.010903828  0.00021054296  0.00038108704  1.1277485e-13  3.1665635e-11  
  955  0.010806436  0.00021205324  0.0003784039  1.125415e-13  3.1314025e-11  
  956  0.010709822  0.00021354637  0.00037553649  1.1231592e-13  3.0964392e-11  
  957  0.010613996  0.00021502187  0.00037248785  1.1209121e-13  3.0616738e-11  
  958  0.010518964  0.00021647931  0.00036926129  1.1186053e-13  3.0271062e-11  
  959  0.010424734  0.00021791824  0.00036586016  1.1163758e-13  2.9927365e-11  
  960  0.010331311  0.00021933824  0.00036228778  1.1141548e-13  2.9585647e-11  
  961  0.010238703  0.00022073887  0.00035854749  1.1118745e-13  2.924591e-11  
  962  0.010146918  0.00022211971  0.00035464262  1.1096709e-13  2.8908152e-11  
  963  0.01005596  0.00022348031  0.00035057649  1.1074758e-13  2.8572375e-11  
  964  0.0099658385  0.00022482026  0.00034635244  1.1052217e-13  2.8238579e-11  
  965  0.009876559  0.00022613911  0.0003419738  1.1030437e-13  2.7906764e-11  
  966  0.0097881286  0.00022743643  0.0003374439  1.100807e-13  2.757693e-11  
  967  0.0097005542  0.00022871179  0.00033276607  1.098646e-13  2.7249077e-11  
  968  0.0096138426  0.00022996476  0.00032794365  1.0964934e-13  2.6923207e-11  
  969  0.0095280007  0.0002311949  0.00032297996  1.0942823e-13  2.6599318e-11  
  970  0.0094430353  0.00023240179  0.00031787834  1.0921465e-13  2.627741e-11  
  971  0.0093589532  0.00023358498  0.00031264211  1.0900189e-13  2.5957485e-11  
  972  0.0092757613  0.00023474406  0.00030727461  1.0878332e-13  2.5639541e-11  
  973  0.0091934665  0.00023587858  0.00030177917  1.0857222e-13  2.5323579e-11  
  974  0.0091120756  0.00023698811  0.00029615912  1.0836193e-13  2.5009599e-11  
  975  0.0090315954  0.00023807222  0.00029041779  1.0814585e-13  2.4697601e-11  
  976  0.0089520327  0.00023913048  0.00028455852  1.0793719e-13  2.4387584e-11  
  977  0.0088733945  0.00024016246  0.00027858463  1.0772277e-13  2.4079549e-11  
  978  0.0087956876  0.00024116772  0.00027249945  1.0751572e-13  2.3773495e-11  
  979  0.0087189187  0.00024214583  0.00026630632  1.0730947e-13  2.3469422e-11  
  980  0.0086430948  0.00024309635  0.00026000857  1.0709748e-13  2.316733e-11  
  981  0.0085682227  0.00024401887  0.00025360953  1.0689282e-13  2.2867218e-11  
  982  0.0084943092  0.00024491293  0.00024711252  1.0668243e-13  2.2569086e-11  
  983  0.0084213613  0.00024577812  0.00024052089  1.0647933e-13  2.2272934e-11  
  984  0.0083493856  0.00024661399  0.00023383796  1.0627701e-13  2.1978762e-11  
  985  0.0082783892  0.00024742012  0.00022706706  1.0606898e-13  2.1686568e-11  
  986  0.0082083787  0.00024819608  0.00022021153  1.058682e-13  2.1396353e-11  
  987  0.0081393611  0.00024894142  0.00021327469  1.0566172e-13  2.1108116e-11  
  988  0.0080713432  0.00024965573  0.00020625988  1.0546246e-13  2.0821856e-11  
  989  0.0080043319  0.00025033855  0.00019917043  1.0526394e-13  2.0537573e-11  
  990  0.007938334  0.00025098948  0.00019200966  1.0505976e-13  2.0255267e-11  
  991  0.0078733563  0.00025160806  0.00018478092  1.0486272e-13  1.9974936e-11  
  992  0.0078094057  0.00025219387  0.00017748753  1.0466004e-13  1.969658e-11  
  993  0.007746489  0.00025274648  0.00017013282  1.0446448e-13  1.9420198e-11  
  994  0.0076846131  0.00025326545  0.00016272012  1.0426327e-13  1.9145789e-11  
  995  0.0076237827  0.00025375044  0.00015525274  1.0406915e-13  1.8873351e-11  
  996  0.0075639942  0.00025420145  0.00014773382  1.0387574e-13  1.8602869e-11  
  997  0.0075052418  0.0002546186  0.00014016651  1.0367672e-13  1.8334327e-11  
  998  0.0074475199  0.00025500197  0.00013255391  1.0348473e-13  1.8067707e-11  
  999  0.0073908227  0.00025535165  0.00012489916  1.0328716e-13  1.7802993e-11  
 1000  0.0073351444  0.00025566776  0.00011720539  1.0309659e-13  1.7540167e-11  
 1001  0.0072804794  0.00025595038  0.00010947572  1.0290046e-13  1.7279214e-11  
 1002  0.0072268218  0.00025619962  0.00010171327  1.027113e-13  1.7020115e-11  
 1003  0.007174166  0.00025641556  9.3921171e-05  1.0251659e-13  1.6762854e-11  
 1004  0.0071225063  0.00025659832  8.610255e-05  1.0232882e-13  1.6507412e-11  
 1005  0.0070718368  0.00025674797  7.8260531e-05  1.0214174e-13  1.6253773e-11  
 1006  0.007022152  0.00025686464  7.039824e-05  1.0194915e-13  1.6001919e-11  
 1007  0.0069734459  0.0002569484  6.2518804e-05  1.0176345e-13  1.5751832e-11  
 1008  0.006925713  0.00025699936  5.4625346e-05  1.0157226e-13  1.5503495e-11  
 1009  0.0068789475  0.00025701761  4.6720994e-05  1.0138793e-13  1.5256889e-11  
 1010  0.0068331435  0.00025700326  3.8808873e-05  1.0119812e-13  1.5011997e-11  
 1011  0.0067882956  0.00025695639  3.0892109e-05  1.0101514e-13  1.4768801e-11  
 1012  0.0067443978  0.00025687711  2.2973827e-05  1.0082671e-13  1.4527282e-11  
 1013  0.0067014444  0.00025676552  1.5057153e-05  1.0064508e-13  1.4287423e-11  
 1014  0.0066594298  0.00025662171  7.1452134e-06  1.0045801e-13  1.4049204e-11  
 1015  0.0066183481  0.00025644578  -7.5886672e-07  1.0027771e-13  1.3812608e-11  
 1016  0.0065781937  0.00025623783  -8.6519614e-06  1.0009198e-13  1.3577616e-11  
 1017  0.0065389608  0.00025599795  -1.6530945e-05  9.9913e-14  1.3344209e-11  
 1018  0.0065006438  0.00025572624  -2.4392692e-05  9.9728609e-14  1.3112369e-11  
 1019  0.0064632368  0.0002554228  -3.2234076e-05  9.9550932e-14  1.2882077e-11  
 1020  0.0064267341  0.00025508773  -4.0051972e-05  9.9367861e-14  1.2653314e-11  
 1021  0.00639113  0.00025472112  -4.7843253e-05  9.9191472e-14  1.242606e-11  
 1022  0.0063564188  0.00025432308  -5.5604795e-05  9.9009707e-14  1.2200297e-11  
 1023  0.0063225947  0.00025389369  -6.3333472e-05  9.8834593e-14  1.1976006e-11  
 1024  0.006289652  0.00025343306  -7.1026157e-05  9.8654118e-14  1.1753167e-11  
 1025  0.006257585  0.00025294128  -7.8679725e-05  9.8480263e-14  1.153176e-11  
 1026  0.0062263879  0.00025241845  -8.6291051e-05  9.8301063e-14  1.1311767e-11  
 1027  0.0061960551  0.00025186467  -9.3857008e-05  9.8128451e-14  1.1093168e-11  
 1028  0.0061665807  0.00025128004  -0.00010137447  9.7950509e-14  1.0875942e-11  
 1029  0.0061379591  0.00025066465  -0.00010884031  9.7779124e-14  1.066007e-11  
 1030  0.0061101845  0.00025001861  -0.00011625141  9.7602423e-14  1.0445533e-11  
 1031  0.0060832511  0.000249342  -0.00012360464  9.7432249e-14  1.023231e-11  
 1032  0.0060571533  0.00024863492  -0.00013089687  9.7256773e-14  1.0020381e-11  
 1033  0.0060318854  0.00024789748  -0.00013812497  9.7087791e-14  9.8097264e-12  
 1034  0.0060074404  0.00024712983  -0.00014528611  9.6919394e-14  9.600334e-12  
 1035  0.0059838073  0.00024633239  -0.00015237853  9.674572e-14  9.3922284e-12  
 1036  0.0059609736  0.00024550562  -0.00015940078  9.6578497e-14  9.1854428e-12  
 1037  0.0059389272  0.00024465001  -0.00016635139  9.6406017e-14  8.9800106e-12  
 1038  0.0059176556  0.00024376601  -0.0001732289  9.6239962e-14  8.7759652e-12  
 1039  0.0058971468  0.00024285412  -0.00018003185  9.6068668e-14  8.5733403e-12  
 1040  0.0058773882  0.00024191479  -0.00018675877  9.5903773e-14  8.3721694e-12  
 1041  0.0058583678  0.00024094851  -0.0001934082  9.5733658e-14  8.1724864e-12  
 1042  0.0058400731  0.00023995574  -0.00019997868  9.5569915e-14  7.9743251e-12  
 1043  0.0058224918  0.00023893696  -0.00020646875  9.5400971e-14  7.7777196e-12  
 1044  0.0058056118  0.00023789265  -0.00021287693  9.5238373e-14  7.582704e-12  
 1045  0.0057894206  0.00023682327  -0.00021920178  9.507059e-14  7.3893125e-12  
 1046  0.005773906  0.0002357293  -0.00022544182  9.4909128e-14  7.1975794e-12  
 1047  0.0057590558  0.00023461121  -0.00023159559  9.4748226e-14  7.0075392e-12  
 1048  0.0057448576  0.00023346948  -0.00023766164  9.4582165e-14  6.8192264e-12  
 1049  0.0057312991  0.00023230458  -0.00024363849  9.4422385e-14  6.6326757e-12  
 1050  0.005718368  0.00023111698  -0.00024952468  9.4257464e-14  6.4479218e-12  
 1051  0.0057060521  0.00022990715  -0.00025531876  9.4098798e-14  6.2649996e-12  
 1052  0.0056943391  0.00022867557  -0.00026101925  9.3935008e-14  6.0839442e-12  
 1053  0.0056832166  0.00022742272  -0.0002666247  9.3777446e-14  5.9047905e-12  
 1054  0.0056726724  0.00022614906  -0.00027213365  9.3620426e-14  5.7275738e-12  
 1055  0.0056626942  0.00022485507  -0.00027754462  9.3458308e-14  5.5523295e-12  
 1056  0.0056532697  0.00022354122  -0.00028285615  9.3302378e-14  5.3790929e-12  
 1057  0.0056443866  0.00022220798  -0.00028806679  9.3146983e-14  5.2078996e-12  
 1058  0.0056360326  0.00022085583  -0.00029317507  9.2986513e-14  5.0387852e-12  
 1059  0.0056281954  0.00021948525  -0.00029817953  9.2832191e-14  4.8717854e-12  
 1060  0.0056208628  0.0002180967  -0.00030307871  9.267281e-14  4.7069362e-12  
 1061  0.0056140224  0.00021669065  -0.00030787113  9.2519551e-14  4.5442734e-12  
 1062  0.005607662  0.00021526759  -0.00031255534  9.2366814e-14  4.3838333e-12  
 1063  0.0056017692  0.00021382798  -0.00031712988  9.220904e-14  4.2256518e-12  
 1064  0.0055963318  0.0002123723  -0.00032159328  9.2057348e-14  4.0697655e-12  
 1065  0.0055913375  0.00021090101  -0.00032594408  9.1906169e-14  3.9162105e-12  
 1066  0.005586774  0.00020941461  -0.00033018082  9.1749976e-14  3.7650236e-12  
 1067  0.0055826289  0.00020791355  -0.00033430203  9.1599824e-14  3.6162412e-12  
 1068  0.0055788901  0.0002063983  -0.00033830625  9.1450177e-14  3.4699002e-12  
 1069  0.0055755452  0.00020486936  -0.00034219202  9.130103e-14  3.3260373e-12  
 1070  0.005572582  0.00020332718  -0.00034595787  9.1146898e-14  3.1846896e-12  
 1071  0.005569988  0.00020177224  -0.00034960235  9.0998754e-14  3.045894e-12  
 1072  0.0055677512  0.00020020501  -0.00035312398  9.0851101e-14  2.9096878e-12  
 1073  0.0055658592  0.00019862598  -0.00035652164  9.0703936e-14  2.7760998e-12  
 1074  0.0055643006  0.00019703567  -0.00035979548  9.0551816e-14  2.6451258e-12  
 1075  0.0055630641  0.00019543462  -0.000362946  9.0405633e-14  2.5167529e-12  
 1076  0.0055621384  0.00019382336  -0.00036597368  9.0259934e-14  2.3909684e-12  
 1077  0.005561512  0.00019220243  -0.00036887902  9.0114716e-14  2.2677593e-12  
 1078  0.0055611736  0.00019057236  -0.0003716625  8.9969979e-14  2.1471127e-12  
 1079  0.0055611119  0.0001889337  -0.00037432462  8.9825721e-14  2.0290155e-12  
 1080  0.0055613155  0.00018728697  -0.00037686587  8.968194e-14  1.9134544e-12  
 1081  0.0055617731  0.00018563271  -0.00037928673  8.9533262e-14  1.8004164e-12  
 1082  0.0055624733  0.00018397146  -0.0003815877  8.939044e-14  1.6898881e-12  
 1083  0.0055634049  0.00018230375  -0.00038376926  8.9248089e-14  1.5818562e-12  
 1084  0.0055645563  0.00018063012  -0.00038583191  8.9106209e-14  1.4763072e-12  
 1085  0.0055659164  0.00017895111  -0.00038777613  8.8964797e-14  1.3732275e-12  
 1086  0.0055674737  0.00017726724  -0.00038960241  8.8823852e-14  1.2726036e-12  
 1087  0.0055692169  0.00017557906  -0.00039131126  8.8683372e-14  1.1744217e-12  
 1088  0.0055711346  0.0001738871  -0.00039290314  8.8543354e-14  1.0786682e-12  
 1089  0.0055732156  0.0001721919  -0.00039437856  8.8403797e-14  9.8532921e-13  
 1090  0.0055754484  0.00017049399  -0.00039573801  8.8264699e-14  8.9439076e-13  
 1091  0.0055778217  0.0001687939  -0.00039698197  8.8131331e-14  8.0583889e-13  
 1092  0.0055803242  0.00016709218  -0.00039811094  8.7993135e-14  7.1965953e-13  
 1093  0.0055829446  0.00016538936  -0.0003991254  8.7855391e-14  6.3583853e-13  
 1094  0.0055856713  0.00016368598  -0.00040002584  8.7718098e-14  5.5436167e-13  
 1095  0.0055884932  0.00016198256  -0.00040081276  8.7581254e-14  4.7521466e-13  
 1096  0.0055913989  0.00016027965  -0.00040148665  8.7444856e-14  3.9838311e-13  
 1097  0.005594377  0.00015857778  -0.00040204798  8.7314118e-14  3.2385257e-13  
 1098  0.0055974162  0.00015687749  -0.00040249727  8.7178597e-14  2.5160852e-13  
 1099  0.0056005051  0.00015517931  -0.00040283498  8.7043515e-14  1.8163633e-13  
 1100  0.0056036324  0.00015348378  -0.00040306162  8.690887e-14  1.1392132e-13  
 1101  0.0056067868  0.00015179144  -0.00040317768  8.6779839e-14  4.8448731e-14  
 1102  0.0056099568  0.00015010281  -0.00040318364  8.6646052e-14  -1.4796277e-14  
 1103  0.0056131312  0.00014841844  -0.00040307999  8.6512696e-14  -7.5828624e-14  
 1104  0.0056162986  0.00014673886  -0.00040286723  8.6384918e-14  -1.346633e-13  
 1105  0.0056194477  0.00014506461  -0.00040254584  8.6252405e-14  -1.9131539e-13  
 1106  0.005622567  0.00014339621  -0.00040211631  8.6125447e-14  -2.4580003e-13  
 1107  0.0056256453  0.00014173422  -0.00040157914  8.5993768e-14  -2.9813246e-13  
 1108  0.0056286712  0.00014007916  -0.00040093481  8.5867621e-14  -3.4832797e-13  
 1109  0.0056316334  0.00013843157  -0.00040018382  8.5736765e-14  -3.9640195e-13  
 1110  0.0056345205  0.00013679199  -0.00039932665  8.5611417e-14  -4.4236986e-13  
 1111  0.0056373212  0.00013516094  -0.00039836379  8.5481375e-14  -4.8624723e-13  
 1112  0.0056400251  0.00013353894  -0.00039729594  8.5356816e-14  -5.280577e-13  
 1113  0.0056426257  0.00013192632  -0.00039612459  8.5232646e-14  -5.6785719e-13  
 1114  0.0056451176  0.00013032342  -0.00039485144  8.5103803e-14  -6.0570987e-13  
 1115  0.0056474952  0.00012873054  -0.0003934782  8.4980414e-14  -6.4168015e-13  
 1116  0.0056497532  0.000127148  -0.00039200655  8.4857409e-14  -6.7583273e-13  
 1117  0.005651886  0.00012557612  -0.00039043821  8.4734787e-14  -7.0823252e-13  
 1118  0.0056538881  0.00012401522  -0.00038877487  8.4607525e-14  -7.389447e-13  
 1119  0.005655754  0.0001224656  -0.00038701822  8.4485675e-14  -7.6803469e-13  
 1120  0.0056574784  0.0001209276  -0.00038516998  8.4364205e-14  -7.9556818e-13  
 1121  0.0056590556  0.00011940151  -0.00038323184  8.4243113e-14  -8.2161109e-13  
 1122  0.0056604803  0.00011788767  -0.00038120549  8.4122398e-14  -8.462296e-13  
 1123  0.0056617469  0.00011638638  -0.00037909265  8.400206e-14  -8.6949014e-13  
 1124  0.0056628499  0.00011489796  -0.000376895  8.3882096e-14  -8.9145939e-13  
 1125  0.0056637839  0.00011342274  -0.00037461424  8.3762505e-14  -9.1220427e-13  
 1126  0.0056645434  0.00011196101  -0.00037225209  8.3643287e-14  -9.3179198e-13  
 1127  0.0056651229  0.00011051311  -0.00036981023  8.3524438e-14  -9.5028993e-13  
 1128  0.0056655169  0.00010907935  -0.00036729036  8.3405959e-14  -9.6776581e-13  
 1129  0.00566572  0.00010766004  -0.0003646942  8.3287848e-14  -9.8428755e-13  
 1130  0.0056657266  0.0001062555  -0.00036202342  8.3170103e-14  -9.9992334e-13  
 1131  0.0056655314  0.00010486605  -0.00035927974  8.3057631e-14  -1.0147416e-12  
 1132  0.0056651287  0.000103492  -0.00035646486  8.2940605e-14  -1.028811e-12  
 1133  0.0056645132  0.00010213368  -0.00035358046  8.2823941e-14  -1.0422005e-12  
 1134  0.0056636792  0.00010079138  -0.00035062826  8.2707637e-14  -1.0549793e-12  
 1135  0.0056626215  9.9465443e-05  -0.00034760995  8.2596566e-14  -1.0672168e-12  
 1136  0.0056613344  9.8156172e-05  -0.00034452724  8.2480969e-14  -1.0789827e-12  
 1137  0.0056598126  9.6863885e-05  -0.00034138181  8.2365728e-14  -1.090347e-12  
 1138  0.0056580504  9.55889e-05  -0.00033817538  8.2255688e-14  -1.1013797e-12  
 1139  0.0056560425  9.4331533e-05  -0.00033490964  8.2141144e-14  -1.1121514e-12  
 1140  0.0056537833  9.3092099e-05  -0.00033158628  8.2031781e-14  -1.1227328e-12  
 1141  0.0056512675  9.1870917e-05  -0.00032820702  8.1917928e-14  -1.1331947e-12  
 1142  0.0056484894  9.0668301e-05  -0.00032477354  8.1809235e-14  -1.1436084e-12  
 1143  0.0056454436  8.9484568e-05  -0.00032128756  8.1700871e-14  -1.1540453e-12  
 1144  0.0056421246  8.8320035e-05  -0.00031775076  8.1588036e-14  -1.1645771e-12  
 1145  0.005638527  8.7175018e-05  -0.00031416484  8.1480331e-14  -1.1752758e-12  
 1146  0.0056346453  8.6049832e-05  -0.00031053152  8.1372949e-14  -1.1862134e-12  
 1147  0.005630474  8.4944796e-05  -0.00030685248  8.1265889e-14  -1.1974625e-12  
 1148  0.0056260075  8.3860225e-05  -0.00030312943  8.1154384e-14  -1.2090958e-12  
 1149  0.0056212405  8.2796434e-05  -0.00029936406  8.1047968e-14  -1.2211862e-12  
 1150  0.0056161675  8.1753742e-05  -0.00029555808  8.0941868e-14  -1.2338069e-12  
 1151  0.005610784  8.0732408e-05  -0.00029171319  8.0836081e-14  -1.2470068e-12  
 1152  0.0056050901  7.9732474e-05  -0.00028783115  8.0730607e-14  -1.2607374e-12  
 1153  0.0055990869  7.8753924e-05  -0.00028391371  8.0625445e-14  -1.2749252e-12  
 1154  0.0055927755  7.7796745e-05  -0.00027996264  8.0520594e-14  -1.2894967e-12  
 1155  0.0055861572  7.6860921e-05  -0.0002759797  8.0416053e-14  -1.3043779e-12  
 1156  0.0055792329  7.5946437e-05  -0.00027196663  8.0311822e-14  -1.3194948e-12  
 1157  0.0055720039  7.505328e-05  -0.00026792522  8.0212589e-14  -1.3347729e-12  
 1158  0.0055644712  7.4181434e-05  -0.00026385721  8.0108965e-14  -1.3501377e-12  
 1159  0.005556636  7.3330884e-05  -0.00025976436  8.0005649e-14  -1.3655141e-12  
 1160  0.0055484994  7.2501617e-05  -0.00025564845  7.9902638e-14  -1.3808271e-12  
 1161  0.0055400625  7.1693617e-05  -0.00025151122  7.9804589e-14  -1.3960013e-12  
 1162  0.0055313265  7.090687e-05  -0.00024735443  7.9702178e-14  -1.4109609e-12  
 1163  0.0055222925  7.0141361e-05  -0.00024317985  7.9600071e-14  -1.4256299e-12  
 1164  0.0055129617  6.9397075e-05  -0.00023898924  7.9502898e-14  -1.4399324e-12  
 1165  0.005503335  6.8673998e-05  -0.00023478436  7.9401385e-14  -1.4537916e-12  
 1166  0.0054934137  6.7972114e-05  -0.00023056696  7.9304789e-14  -1.467131e-12  
 1167  0.005483199  6.7291411e-05  -0.00022633881  7.9203866e-14  -1.4798736e-12  
 1168  0.0054726918  6.6631871e-05  -0.00022210167  7.9107842e-14  -1.491942e-12  
 1169  0.0054618934  6.5993482e-05  -0.0002178573  7.9007505e-14  -1.503259e-12  
 1170  0.0054508049  6.5376229e-05  -0.00021360745  7.8912049e-14  -1.5137466e-12  
 1171  0.0054394274  6.4780096e-05  -0.0002093539  7.8816872e-14  -1.5233268e-12  
 1172  0.0054277621  6.4205069e-05  -0.00020509839  7.8717402e-14  -1.5319215e-12  
 1173  0.00541581  6.3651133e-05  -0.00020084269  7.8622786e-14  -1.5394521e-12  
 1174  0.0054035722  6.3118274e-05  -0.00019658856  7.8528445e-14  -1.5458397e-12  
 1175  0.00539105  6.2606477e-05  -0.00019233775  7.8434377e-14  -1.5510053e-12  
 1176  0.0053782445  6.2115727e-05  -0.00018809204  7.8340583e-14  -1.5548697e-12  
 1177  0.0053651567  6.164601e-05  -0.00018385318  7.8247059e-14  -1.5573533e-12  
 1178  0.0053517878  6.1197311e-05  -0.00017962292  7.8149282e-14  -1.5583762e-12  
 1179  0.005338139  6.0769616e-05  -0.00017540304  7.8056306e-14  -1.5578584e-12  
 1180  0.0053242112  6.0362909e-05  -0.00017119529  7.7963597e-14  -1.5557195e-12  
 1181  0.0053100058  5.9977176e-05  -0.00016700142  7.7871154e-14  -1.5518789e-12  
 1182  0.0052955238  5.9612402e-05  -0.00016282321  7.7778976e-14  -1.5462557e-12  
 1183  0.0052807663  5.9268573e-05  -0.0001586624  7.7691548e-14  -1.5387689e-12  
 1184  0.0052657345  5.8945675e-05  -0.00015452077  7.7599888e-14  -1.5293371e-12  
 1185  0.0052504294  5.8643691e-05  -0.00015040007  7.7508489e-14  -1.5178786e-12  
 1186  0.0052348523  5.8362608e-05  -0.00014630206  7.741735e-14  -1.5043115e-12  
 1187  0.0052190042  5.8102411e-05  -0.0001422285  7.7326468e-14  -1.4885537e-12  
 1188  0.0052028863  5.7863086e-05  -0.00013818115  7.7240292e-14  -1.4705228e-12  
 1189  0.0051864997  5.7644617e-05  -0.00013416177  7.7149914e-14  -1.450136e-12  
 1190  0.0051698462  5.7446948e-05  -0.00013017199  7.7059791e-14  -1.4273396e-12  
 1191  0.0051529301  5.7269852e-05  -0.00012621286  7.696992e-14  -1.4021957e-12  
 1192  0.0051357567  5.7113063e-05  -0.00012228531  7.688472e-14  -1.3747961e-12  
 1193  0.0051183308  5.6976311e-05  -0.00011839026  7.6795346e-14  -1.3452327e-12  
 1194  0.0051006577  5.6859328e-05  -0.00011452864  7.6710626e-14  -1.3135978e-12  
 1195  0.0050827423  5.6761846e-05  -0.00011070136  7.6621745e-14  -1.2799839e-12  
 1196  0.0050645897  5.6683598e-05  -0.00010690936  7.6537502e-14  -1.2444839e-12  
 1197  0.0050462051  5.6624314e-05  -0.00010315355  7.6449111e-14  -1.2071913e-12  
 1198  0.0050275934  5.6583727e-05  -9.943486e-05  7.6365342e-14  -1.1681995e-12  
 1199  0.0050087598  5.6561568e-05  -9.5754212e-05  7.6277439e-14  -1.1276024e-12  
 1200  0.0049897093  5.6557569e-05  -9.2112529e-05  7.6194141e-14  -1.0854943e-12  
 1201  0.0049704469  5.6571463e-05  -8.8510735e-05  7.6111073e-14  -1.0419697e-12  
 1202  0.0049509779  5.6602981e-05  -8.4949753e-05  7.6023891e-14  -9.9712361e-13  
 1203  0.0049313071  5.6651854e-05  -8.1430505e-05  7.5941289e-14  -9.5105116e-13  
 1204  0.0049114397  5.6717815e-05  -7.7953916e-05  7.5858916e-14  -9.0384791e-13  
 1205  0.0048913807  5.6800595e-05  -7.4520909e-05  7.577677e-14  -8.5560974e-13  
 1206  0.0048711353  5.6899927e-05  -7.1132408e-05  7.5690533e-14  -8.0643284e-13  
 1207  0.0048507085  5.7015542e-05  -6.7789334e-05  7.5608846e-14  -7.5641375e-13  
 1208  0.0048301053  5.7147172e-05  -6.4492613e-05  7.5527383e-14  -7.0564931e-13  
 1209  0.0048093309  5.7294548e-05  -6.1243167e-05  7.5446144e-14  -6.542367e-13  
 1210  0.0047883902  5.7457403e-05  -5.8041919e-05  7.5365128e-14  -6.0227344e-13  
 1211  0.0047672884  5.7635469e-05  -5.4889793e-05  7.5284333e-14  -5.4985734e-13  
 1212  0.0047460306  5.7828476e-05  -5.1787713e-05  7.5203758e-14  -4.9708658e-13  
 1213  0.0047246217  5.8036158e-05  -4.8736601e-05  7.5123403e-14  -4.4405964e-13  
 1214  0.0047030669  5.8258246e-05  -4.5737381e-05  7.5043267e-14  -3.9087534e-13  
 1215  0.0046813713  5.8494471e-05  -4.2790976e-05  7.4963349e-14  -3.376328e-13  
 1216  0.0046595399  5.8744566e-05  -3.989831e-05  7.4883647e-14  -2.8443151e-13  
 1217  0.0046375777  5.9008263e-05  -3.7060305e-05  7.480416e-14  -2.3137126e-13  
 1218  0.0046154899  5.9285292e-05  -3.4277886e-05  7.4724888e-14  -1.7855216e-13  
 1219  0.0045932815  5.9575387e-05  -3.1551976e-05  7.464583e-14  -1.2607466e-13  
 1220  0.0045709575  5.9878278e-05  -2.8883497e-05  7.4566983e-14  -7.4039543e-14  
 1221  0.0045485232  6.0193699e-05  -2.6273374e-05  7.4488347e-14  -2.2547905e-14  
 1222  0.0045259834  6.0521379e-05  -2.3722529e-05  7.4414126e-14  2.8298824e-14  
 1223  0.0045033433  6.0861052e-05  -2.1231886e-05  7.4335902e-14  7.8398891e-14  
 1224  0.004480608  6.121245e-05  -1.8802369e-05  7.4257885e-14  1.2765021e-13  
 1225  0.0044577825  6.1575303e-05  -1.64349e-05  7.4180075e-14  1.7595038e-13  
 1226  0.0044348719  6.1949344e-05  -1.4130403e-05  7.410247e-14  2.2319666e-13  
 1227  0.0044118813  6.2334305e-05  -1.1889801e-05  7.4029239e-14  2.6928599e-13  
 1228  0.0043888157  6.2729917e-05  -9.7140184e-06  7.3952034e-14  3.1411498e-13  
 1229  0.0043656802  6.3135902e-05  -7.6037955e-06  7.387503e-14  3.5760752e-13  
 1230  0.00434248  6.3551937e-05  -5.5591467e-06  7.3802377e-14  3.9979775e-13  
 1231  0.0043192203  6.3977689e-05  -3.5799042e-06  7.3725767e-14  4.407476e-13  
 1232  0.0042959064  6.4412824e-05  -1.6659002e-06  7.3649358e-14  4.8051919e-13  
 1233  0.0042725434  6.485701e-05  1.8303315e-07  7.3577277e-14  5.1917487e-13  
 1234  0.0042491365  6.5309913e-05  1.9670638e-06  7.3501259e-14  5.5677719e-13  
 1235  0.004225691  6.5771199e-05  3.6863594e-06  7.342544e-14  5.9338892e-13  
 1236  0.004202212  6.6240537e-05  5.341088e-06  7.3353928e-14  6.2907304e-13  
 1237  0.0041787048  6.6717591e-05  6.9314172e-06  7.3278496e-14  6.6389274e-13  
 1238  0.0041551746  6.720203e-05  8.4575151e-06  7.3207358e-14  6.9791143e-13  
 1239  0.0041316266  6.7693519e-05  9.9195493e-06  7.3132313e-14  7.311927e-13  
 1240  0.004108066  6.8191726e-05  1.1317688e-05  7.3057463e-14  7.638004e-13  
 1241  0.0040844979  6.8696318e-05  1.2652098e-05  7.2986885e-14  7.9579857e-13  
 1242  0.0040609277  6.920696e-05  1.3922949e-05  7.2912418e-14  8.2725144e-13  
 1243  0.0040373605  6.972332e-05  1.5130407e-05  7.2842208e-14  8.5822349e-13  
 1244  0.0040138015  7.0245065e-05  1.6274641e-05  7.2768121e-14  8.8877939e-13  
 1245  0.003990256  7.0771861e-05  1.7355818e-05  7.2698277e-14  9.1898403e-13  
 1246  0.0039667291  7.1303376e-05  1.8374107e-05  7.2624567e-14  9.489025e-13  
 1247  0.0039432261  7.1839275e-05  1.9329674e-05  7.2555086e-14  9.7860011e-13  
 1248  0.0039197521  7.2379225e-05  2.0222689e-05  7.2481751e-14  1.0081424e-12  
 1249  0.0038963124  7.2922895e-05  2.1053318e-05  7.241263e-14  1.0375951e-12  
 1250  0.0038729122  7.3469949e-05  2.182173e-05  7.2339668e-14  1.0670241e-12  
 1251  0.0038495567  7.4020055e-05  2.2528093e-05  7.2270905e-14  1.0964957e-12  
 1252  0.0038262511  7.4572879e-05  2.3172573e-05  7.2198311e-14  1.1260761e-12  
 1253  0.0038030006  7.5128089e-05  2.375534e-05  7.2129903e-14  1.155832e-12  
 1254  0.0037798104  7.5685351e-05  2.4276561e-05  7.2061668e-14  1.1858301e-12  
 1255  0.0037566857  7.6244332e-05  2.4736403e-05  7.1989619e-14  1.2161375e-12  
 1256  0.0037336318  7.6804698e-05  2.5135036e-05  7.1921734e-14  1.2468214e-12  
 1257  0.0037106538  7.7366117e-05  2.5472625e-05  7.1850047e-14  1.2779492e-12  
 1258  0.003687757  7.7928255e-05  2.574934e-05  7.1782509e-14  1.3095885e-12  
 1259  0.0036649465  7.8490779e-05  2.5965348e-05  7.171118e-14  1.3418072e-12  
 1260  0.0036422276  7.9053355e-05  2.6120817e-05  7.1643986e-14  1.3746735e-12  
 1261  0.0036196055  7.961565e-05  2.6215915e-05  7.1573012e-14  1.4082554e-12  
 1262  0.0035970853  8.0177332e-05  2.625081e-05  7.1506158e-14  1.4426216e-12  
 1263  0.0035746724  8.0738067e-05  2.6225669e-05  7.1439471e-14  1.4778408e-12  
 1264  0.0035523719  8.1297521e-05  2.6140661e-05  7.1369019e-14  1.5139818e-12  
 1265  0.0035301889  8.1855361e-05  2.5995952e-05  7.1302668e-14  1.5511138e-12  
 1266  0.0035081288  8.2411255e-05  2.5791712e-05  7.1232562e-14  1.5893062e-12  
 1267  0.0034861968  8.2964868e-05  2.5528107e-05  7.1166542e-14  1.6286284e-12  
 1268  0.0034643975  8.3515887e-05  2.520543e-05  7.1100683e-14  1.6691304e-12  
 1269  0.003442734  8.4064074e-05  2.4824464e-05  7.1031087e-14  1.7107829e-12  
 1270  0.0034212089  8.460921e-05  2.4386117e-05  7.0965556e-14  1.7535367e-12  
 1271  0.0033998246  8.5151077e-05  2.3891297e-05  7.0896299e-14  1.7973424e-12  
 1272  0.0033785837  8.5689457e-05  2.3340912e-05  7.0831094e-14  1.8421504e-12  
 1273  0.0033574888  8.6224129e-05  2.2735869e-05  7.0766048e-14  1.887911e-12  
 1274  0.0033365424  8.6754877e-05  2.2077076e-05  7.0697293e-14  1.9345743e-12  
 1275  0.0033157471  8.7281481e-05  2.1365442e-05  7.063257e-14  1.9820901e-12  
 1276  0.0032951053  8.7803722e-05  2.0601873e-05  7.0564149e-14  2.0304084e-12  
 1277  0.0032746197  8.8321383e-05  1.9787277e-05  7.0499747e-14  2.0794787e-12  
 1278  0.0032542928  8.8834244e-05  1.8922563e-05  7.0435502e-14  2.1292505e-12  
 1279  0.0032341271  8.9342087e-05  1.8008638e-05  7.0367576e-14  2.1796731e-12  
 1280  0.0032141251  8.9844693e-05  1.7046409e-05  7.0303649e-14  2.2306955e-12  
 1281  0.0031942895  9.0341844e-05  1.6036785e-05  7.0236051e-14  2.2822668e-12  
 1282  0.0031746228  9.083332e-05  1.4980674e-05  7.017244e-14  2.3343357e-12  
 1283  0.0031551274  9.1318904e-05  1.3878982e-05  7.0108983e-14  2.3868509e-12  
 1284  0.003135806  9.1798377e-05  1.2732618e-05  7.0041871e-14  2.4397609e-12  
 1285  0.0031166611  9.227152e-05  1.154249e-05  6.9978727e-14  2.4930139e-12  
 1286  0.0030976952  9.2738114e-05  1.0309504e-05  6.9911938e-14  2.5465582e-12  
 1287  0.0030789109  9.3197941e-05  9.0345701e-06  6.9849103e-14  2.6003416e-12  
 1288  0.0030603108  9.3650783e-05  7.7185947e-06  6.9782635e-14  2.6543121e-12  
 1289  0.0030418973  9.409642e-05  6.3624858e-06  6.9720107e-14  2.7084173e-12  
 1290  0.003023673  9.4534634e-05  4.9671512e-06  6.9657729e-14  2.7626046e-12  
 1291  0.0030056405  9.4965207e-05  3.5334987e-06  6.9591734e-14  2.8168215e-12  
 1292  0.0029878023  9.5387919e-05  2.0624359e-06  6.952966e-14  2.871015e-12  
 1293  0.0029701609  9.5802553e-05  5.5487069e-07  6.9463978e-14  2.9251322e-12  
 1294  0.0029527189  9.6208889e-05  -9.8828924e-07  6.9402205e-14  2.9791199e-12  
 1295  0.0029354789  9.6606709e-05  -2.5661361e-06  6.9340578e-14  3.0329249e-12  
 1296  0.0029184433  9.6995795e-05  -4.1777622e-06  6.9275359e-14  3.0864935e-12  
 1297  0.0029016148  9.7375927e-05  -5.8222597e-06  6.9214029e-14  3.1397723e-12  
 1298  0.0028849958  9.7746887e-05  -7.4987209e-06  6.9149117e-14  3.1927073e-12  
 1299  0.002868589  9.8108457e-05  -9.206238e-06  6.908808e-14  3.2452446e-12  
 1300  0.0028523968  9.8460418e-05  -1.0943903e-05  6.9023472e-14  3.29733e-12  
 1301  0.0028364218  9.8802551e-05  -1.2710809e-05  6.8962726e-14  3.3489093e-12  
 1302  0.0028206665  9.9134638e-05  -1.4506047e-05  6.8898418e-14  3.399928e-12  
 1303  0.0028051336  9.945646e-05  -1.6328711e-05  6.883796e-14  3.4503314e-12  
 1304  0.0027898254  9.9767798e-05  -1.8177891e-05  6.8777642e-14  3.5000649e-12  
 1305  0.0027747447  0.00010006843  -2.0052681e-05  6.8713776e-14  3.5490733e-12  
 1306  0.0027598939  0.00010035815  -2.1952172e-05  6.865374e-14  3.5973017e-12  
 1307  0.002745275  0.00010063676  -2.3875441e-05  6.8590167e-14  3.6447045e-12  
 1308  0.0027308878  0.00010090421  -2.5821492e-05  6.8530412e-14  3.6912754e-12  
 1309  0.0027167314  0.00010116047  -2.7789316e-05  6.8467129e-14  3.7370181e-12  
 1310  0.0027028052  0.00010140554  -2.9777902e-05  6.8407652e-14  3.7819361e-12  
 1311  0.0026891083  0.00010163939  -3.1786239e-05  6.8344659e-14  3.8260328e-12  
 1312  0.0026756399  0.00010186199  -3.3813318e-05  6.8285459e-14  3.869312e-12  
 1313  0.0026623992  0.00010207332  -3.5858126e-05  6.8222753e-14  3.9117772e-12  
 1314  0.0026493855  0.00010227338  -3.7919653e-05  6.8163829e-14  3.953432e-12  
 1315  0.002636598  0.00010246213  -3.9996889e-05  6.8101409e-14  3.9942801e-12  
 1316  0.0026240358  0.00010263955  -4.2088823e-05  6.804276e-14  4.0343251e-12  
 1317  0.0026116983  0.00010280562  -4.4194445e-05  6.7980624e-14  4.0735708e-12  
 1318  0.0025995845  0.00010296033  -4.6312744e-05  6.7922247e-14  4.1120207e-12  
 1319  0.0025876937  0.00010310365  -4.8442708e-05  6.7860394e-14  4.1496786e-12  
 1320  0.0025760252  0.00010323557  -5.0583329e-05  6.7802287e-14  4.1865483e-12  
 1321  0.0025645781  0.00010335605  -5.2733594e-05  6.7740715e-14  4.2226335e-12  
 1322  0.0025533516  0.00010346508  -5.4892493e-05  6.7682877e-14  4.2579378e-12  
 1323  0.002542345  0.00010356265  -5.7059016e-05  6.7621584e-14  4.2924652e-12  
 1324  0.0025315575  0.00010364872  -5.9232152e-05  6.7564014e-14  4.3262194e-12  
 1325  0.0025209882  0.00010372328  -6.141089e-05  6.7502997e-14  4.3592042e-12  
 1326  0.0025106364  0.0001037863  -6.359422e-05  6.7445692e-14  4.3914234e-12  
 1327  0.0025005014  0.00010383778  -6.578113e-05  6.7384951e-14  4.4228809e-12  
 1328  0.0024905823  0.00010387767  -6.7970612e-05  6.7327909e-14  4.4535805e-12  
 1329  0.0024808783  0.00010390598  -7.0161653e-05  6.7267441e-14  4.4835262e-12  
 1330  0.0024713886  0.00010392267  -7.2353242e-05  6.7210661e-14  4.5127218e-12  
 1331  0.0024621125  0.00010392772  -7.4544371e-05  6.7150463e-14  4.5411711e-12  
 1332  0.0024530491  0.00010392111  -7.6734027e-05  6.7093942e-14  4.5688783e-12  
 1333  0.0024441978  0.00010390283  -7.89212e-05  6.7034013e-14  4.5958472e-12  
 1334  0.0024355576  0.00010387285  -8.110488e-05  6.6977749e-14  4.6220817e-12  
 1335  0.0024271278  0.00010383115  -8.3284056e-05  6.6918087e-14  4.6475859e-12  
 1336  0.0024189076  0.00010377771  -8.5457717e-05  6.6862077e-14  4.6723637e-12  
 1337  0.0024108963  0.00010371251  -8.7624852e-05  6.6802679e-14  4.6964192e-12  
 1338  0.002403093  0.00010363553  -8.9784452e-05  6.6746922e-14  4.7197563e-12  
 1339  0.0023954969  0.00010354675  -9.1935504e-05  6.6687786e-14  4.7423793e-12  
 1340  0.0023881073  0.00010344614  -9.4077e-05  6.6632279e-14  4.764292e-12  
 1341  0.0023809234  0.00010333369  -9.6207927e-05  6.6573402e-14  4.7854986e-12  
 1342  0.0023739444  0.00010320938  -9.8327276e-05  6.6518143e-14  4.8060032e-12  
 1343  0.0023671694  0.00010307318  -0.00010043403  6.6459523e-14  4.82581e-12  
 1344  0.0023605978  0.00010292508  -0.00010252719  6.6404509e-14  4.844923e-12  
 1345  0.0023542287  0.00010276505  -0.00010460574  6.6346143e-14  4.8633463e-12  
 1346  0.0023480609  0.0001025931  -0.00010666874  6.6291372e-14  4.8810873e-12  
 1347  0.002342092  0.00010240935  -0.00010871554  6.6236718e-14  4.8981652e-12  
 1348  0.0023363189  0.00010221394  -0.00011074555  6.6178728e-14  4.9146025e-12  
 1349  0.0023307388  0.000102007  -0.00011275821  6.6124315e-14  4.9304217e-12  
 1350  0.0023253486  0.0001017887  -0.00011475291  6.6066574e-14  4.9456453e-12  
 1351  0.0023201455  0.00010155916  -0.0001167291  6.6012401e-14  4.9602961e-12  
 1352  0.0023151265  0.00010131853  -0.00011868618  6.5954909e-14  4.9743967e-12  
 1353  0.0023102888  0.00010106695  -0.00012062357  6.5900974e-14  4.9879699e-12  
 1354  0.0023056293  0.00010080457  -0.00012254069  6.5847154e-14  5.0010386e-12  
 1355  0.0023011451  0.00010053153  -0.00012443697  6.5790031e-14  5.0136258e-12  
 1356  0.0022968333  0.00010024797  -0.00012631183  6.5736447e-14  5.0257544e-12  
 1357  0.002292691  9.9954032e-05  -0.00012816467  6.5679569e-14  5.0374475e-12  
 1358  0.0022887152  9.9649863e-05  -0.00012999492  6.562622e-14  5.0487282e-12  
 1359  0.002284903  9.9335605e-05  -0.00013180201  6.5572986e-14  5.0596199e-12  
 1360  0.0022812514  9.90114e-05  -0.00013358534  6.551647e-14  5.0701457e-12  
 1361  0.0022777576  9.867739e-05  -0.00013534434  6.5463468e-14  5.080329e-12  
 1362  0.0022744185  9.8333719e-05  -0.00013707844  6.5410579e-14  5.0901933e-12  
 1363  0.0022712313  9.798053e-05  -0.00013878704  6.5354423e-14  5.0997621e-12  
 1364  0.0022681931  9.7617965e-05  -0.00014046956  6.5301764e-14  5.1090589e-12  
 1365  0.0022653008  9.7246168e-05  -0.00014212543  6.5249217e-14  5.1181074e-12  
 1366  0.0022625516  9.686528e-05  -0.00014375407  6.5193417e-14  5.1269313e-12  
 1367  0.0022599425  9.6475445e-05  -0.0001453549  6.5141098e-14  5.1355544e-12  
 1368  0.0022574706  9.6076806e-05  -0.00014692733  6.508889e-14  5.1440005e-12  
 1369  0.0022551329  9.5669505e-05  -0.00014847078  6.5036791e-14  5.1522937e-12  
 1370  0.0022529266  9.5253686e-05  -0.00014998467  6.4981458e-14  5.1604578e-12  
 1371  0.0022508486  9.4829492e-05  -0.00015146843  6.4929584e-14  5.1685169e-12  
 1372  0.0022488961  9.4397064e-05  -0.00015292147  6.4877819e-14  5.1764953e-12  
 1373  0.0022470661  9.3956546e-05  -0.00015434321  6.4826163e-14  5.1844171e-12  
 1374  0.0022453557  9.3508081e-05  -0.00015573308  6.4771289e-14  5.1923065e-12  
 1375  0.002243762  9.3051811e-05  -0.00015709048  6.4719854e-14  5.2001881e-12  
 1376  0.0022422819  9.258788e-05  -0.00015841484  6.4668525e-14  5.2080861e-12  
 1377  0.0022409127  9.2116431e-05  -0.00015970558  6.4617304e-14  5.2160251e-12  
 1378  0.0022396513  9.1637605e-05  -0.00016096212  6.4566188e-14  5.2240296e-12  
 1379  0.0022384948  9.1151547e-05  -0.00016218388  6.4515179e-14  5.2321243e-12  
 1380  0.0022374403  9.0658398e-05  -0.00016337027  6.4464275e-14  5.2403339e-12  
 1381  0.0022364848  9.0158302e-05  -0.00016452072  6.4413475e-14  5.2486832e-12  
 1382  0.0022356255  8.9651401e-05  -0.00016563464  6.436278e-14  5.2571971e-12  
 1383  0.0022348593  8.9137839e-05  -0.00016671146  6.4312188e-14  5.2659004e-12  
 1384  0.0022341833  8.8617758e-05  -0.00016775059  6.42617e-14  5.2748182e-12  
 1385  0.0022335947  8.809131e-05  -0.00016875156  6.4211314e-14  5.2839678e-12  
 1386  0.0022330903  8.7558685e-05  -0.00016971431  6.4161031e-14  5.293336e-12  
 1387  0.0022326669  8.702008e-05  -0.00017063887  6.4110851e-14  5.3029017e-12  
 1388  0.0022323215  8.6475694e-05  -0.00017152529  6.4060772e-14  5.3126439e-12  
 1389  0.002232051  8.5925726e-05  -0.00017237361  6.4010795e-14  5.3225415e-12  
 1390  0.0022318523  8.5370374e-05  -0.00017318387  6.396092e-14  5.3325732e-12  
 1391  0.0022317222  8.4809835e-05  -0.00017395611  6.3911145e-14  5.3427178e-12  
 1392  0.0022316577  8.4244309e-05  -0.00017469037  6.3864713e-14  5.352954e-12  
 1393  0.0022316556  8.3673994e-05  -0.0001753867  6.3815136e-14  5.3632604e-12  
 1394  0.0022317129  8.3099089e-05  -0.00017604514  6.3765659e-14  5.3736155e-12  
 1395  0.0022318264  8.251979e-05  -0.00017666572  6.3716283e-14  5.3839978e-12  
 1396  0.0022319929  8.1936298e-05  -0.00017724849  6.3670228e-14  5.3943858e-12  
 1397  0.0022322095  8.1348809e-05  -0.00017779349  6.3621047e-14  5.4047579e-12  
 1398  0.002232473  8.0757524e-05  -0.00017830076  6.3571965e-14  5.4150923e-12  
 1399  0.0022327803  8.0162639e-05  -0.00017877035  6.352619e-14  5.4253673e-12  
 1400  0.0022331282  7.9564353e-05  -0.00017920229  6.3477301e-14  5.435561e-12  
 1401  0.0022335137  7.8962865e-05  -0.00017959662  6.3431709e-14  5.4456517e-12  
 1402  0.0022339337  7.8358374e-05  -0.0001799534  6.3383013e-14  5.4556173e-12  
 1403  0.002234385  7.7751076e-05  -0.00018027265  6.3334414e-14  5.4654359e-12  
 1404  0.0022348646  7.7141171e-05  -0.00018055442  6.3289098e-14  5.4750854e-12  
 1405  0.0022353693  7.6528857e-05  -0.00018079875  6.324387e-14  5.4845437e-12  
 1406  0.002235896  7.5914332e-05  -0.00018100569  6.3195554e-14  5.4937885e-12  
 1407  0.0022364416  7.5297795e-05  -0.00018117526  6.3150506e-14  5.5027977e-12  
 1408  0.0022370031  7.4679444e-05  -0.00018130753  6.3102378e-14  5.5115489e-12  
 1409  0.0022375772  7.4059478e-05  -0.00018140252  6.3057508e-14  5.5200197e-12  
 1410  0.0022381609  7.3438094e-05  -0.00018146028  6.3012725e-14  5.5281878e-12  
 1411  0.0022387512  7.2815491e-05  -0.00018148085  6.2968028e-14  5.5360305e-12  
 1412  0.0022393447  7.2191868e-05  -0.00018146427  6.2920268e-14  5.5435255e-12  
 1413  0.0022399386  7.1567423e-05  -0.00018141058  6.2875748e-14  5.5506499e-12  
 1414  0.0022405295  7.0942353e-05  -0.00018131982  6.2831312e-14  5.5573813e-12  
 1415  0.0022411146  7.0316859e-05  -0.00018119204  6.2786961e-14  5.5636967e-12  
 1416  0.0022416905  6.9691137e-05  -0.00018102728  6.2742695e-14  5.5695735e-12  
 1417  0.0022422543  6.9065386e-05  -0.00018082558  6.2698513e-14  5.5749887e-12  
 1418  0.0022428028  6.8439805e-05  -0.00018058697  6.2654414e-14  5.5799194e-12  
 1419  0.002243333  6.7814591e-05  -0.0001803115  6.2610399e-14  5.5843426e-12  
 1420  0.0022438416  6.7189944e-05  -0.00017999922  6.2566467e-14  5.5882353e-12  
 1421  0.0022443256  6.6566062e-05  -0.00017965016  6.2522618e-14  5.5915744e-12  
 1422  0.0022447819  6.5943142e-05  -0.00017926436  6.247885e-14  5.5943366e-12  
 1423  0.0022452073  6.5321384e-05  -0.00017884188  6.2438266e-14  5.5964987e-12  
 1424  0.0022455991  6.4700976e-05  -0.00017838281  6.2394657e-14  5.5980422e-12  
 1425  0.0022459551  6.4082069e-05  -0.00017788759  6.235113e-14  5.5989668e-12  
 1426  0.0022462738  6.3464807e-05  -0.00017735672  6.2307684e-14  5.5992772e-12  
 1427  0.0022465534  6.284933e-05  -0.0001767907  6.2267403e-14  5.5989781e-12  
 1428  0.0022467922  6.223578e-05  -0.00017619002  6.2224114e-14  5.598074e-12  
 1429  0.0022469884  6.1624301e-05  -0.0001755552  6.2183981e-14  5.5965695e-12  
 1430  0.0022471403  6.1015033e-05  -0.00017488672  6.2140849e-14  5.5944694e-12  
 1431  0.0022472462  6.0408119e-05  -0.00017418508  6.2100864e-14  5.5917782e-12  
 1432  0.0022473043  5.9803701e-05  -0.0001734508  6.2057889e-14  5.5885007e-12  
 1433  0.002247313  5.9201921e-05  -0.00017268436  6.201805e-14  5.5846416e-12  
 1434  0.0022472705  5.8602921e-05  -0.00017188627  6.1978284e-14  5.5802056e-12  
 1435  0.0022471751  5.8006843e-05  -0.00017105702  6.1938588e-14  5.5751975e-12  
 1436  0.0022470251  5.7413829e-05  -0.00017019713  6.1895918e-14  5.5696219e-12  
 1437  0.0022468186  5.6824021e-05  -0.00016930708  6.1856368e-14  5.5634837e-12  
 1438  0.0022465542  5.623756e-05  -0.00016838738  6.1816888e-14  5.5567876e-12  
 1439  0.0022462298  5.565459e-05  -0.00016743852  6.1777479e-14  5.5495385e-12  
 1440  0.002245844  5.5075252e-05  -0.00016646102  6.173814e-14  5.5417412e-12  
 1441  0.0022453949  5.4499688e-05  -0.00016545536  6.1698871e-14  5.5334005e-12  
 1442  0.0022448808  5.3928041e-05  -0.00016442204  6.1659671e-14  5.5245212e-12  
 1443  0.0022443  5.3360451e-05  -0.00016336158  6.1620541e-14  5.5151082e-12  
 1444  0.0022436508  5.2797062e-05  -0.00016227446  6.1581481e-14  5.5051665e-12  
 1445  0.0022429314  5.2238015e-05  -0.00016116119  6.1545496e-14  5.4947009e-12  
 1446  0.0022421401  5.1683452e-05  -0.00016002226  6.1506569e-14  5.4837163e-12  
 1447  0.0022412752  5.1133515e-05  -0.00015885819  6.1467711e-14  5.4722177e-12  
 1448  0.002240335  5.0588347e-05  -0.00015766946  6.1431916e-14  5.46021e-12  
 1449  0.0022393177  5.0048089e-05  -0.00015645657  6.139319e-14  5.4476982e-12  
 1450  0.0022382216  4.9512884e-05  -0.00015522004  6.1357519e-14  5.4346872e-12  
 1451  0.002237045  4.8982873e-05  -0.00015396035  6.1318925e-14  5.4211822e-12  
 1452  0.0022357862  4.8458198e-05  -0.00015267801  6.1283377e-14  5.407188e-12  
 1453  0.0022344434  4.7939002e-05  -0.00015137351  6.1247887e-14  5.3927098e-12  
 1454  0.0022330149  4.7425427e-05  -0.00015004736  6.1209487e-14  5.3777525e-12  
 1455  0.002231499  4.6917614e-05  -0.00014870006  6.1174119e-14  5.3623213e-12  
 1456  0.002229894  4.6415705e-05  -0.00014733211  6.113881e-14  5.3464212e-12  
 1457  0.0022281981  4.5919843e-05  -0.000145944  6.1103558e-14  5.3300573e-12  
 1458  0.0022264096  4.543017e-05  -0.00014453624  6.1068365e-14  5.3132347e-12  
 1459  0.0022245269  4.4946828e-05  -0.00014310933  6.1033229e-14  5.2959587e-12  
 1460  0.002222548  4.4469958e-05  -0.00014166376  6.0998151e-14  5.2782342e-12  
 1461  0.0022204715  4.3999702e-05  -0.00014020004  6.0963129e-14  5.2600666e-12  
 1462  0.0022182954  4.3536204e-05  -0.00013871867  6.0928165e-14  5.2414609e-12  
 1463  0.0022160184  4.3079585e-05  -0.00013722016  6.0893257e-14  5.2224246e-12  
 1464  0.0022136404  4.2629892e-05  -0.00013570511  6.0861335e-14  5.2029739e-12  
 1465  0.0022111614  4.2187152e-05  -0.00013417411  6.0826536e-14  5.1831273e-12  
 1466  0.0022085817  4.1751392e-05  -0.00013262778  6.0791794e-14  5.1629033e-12  
 1467  0.0022059013  4.132264e-05  -0.00013106672  6.0760024e-14  5.1423205e-12  
 1468  0.0022031204  4.0900922e-05  -0.00012949153  6.072539e-14  5.1213976e-12  
 1469  0.0022002391  4.0486265e-05  -0.00012790283  6.0693721e-14  5.1001533e-12  
 1470  0.0021972576  4.0078697e-05  -0.00012630122  6.0662099e-14  5.0786063e-12  
 1471  0.0021941761  3.9678245e-05  -0.00012468731  6.0627624e-14  5.0567753e-12  
 1472  0.0021909945  3.9284936e-05  -0.00012306169  6.0596101e-14  5.0346794e-12  
 1473  0.0021877132  3.8898796e-05  -0.00012142499  6.0564626e-14  5.0123373e-12  
 1474  0.0021843323  3.8519854e-05  -0.00011977779  6.0533199e-14  4.989768e-12  
 1475  0.0021808518  3.8148136e-05  -0.00011812072  6.0498932e-14  4.9669905e-12  
 1476  0.0021772719  3.778367e-05  -0.00011645437  6.0467603e-14  4.944024e-12  
 1477  0.0021735928  3.7426482e-05  -0.00011477935  6.043632e-14  4.9208875e-12  
 1478  0.0021698146  3.7076599e-05  -0.00011309627  6.0405084e-14  4.8976001e-12  
 1479  0.0021659374  3.673405e-05  -0.00011140574  6.0376765e-14  4.8741812e-12  
 1480  0.0021619614  3.639886e-05  -0.00010970835  6.0345618e-14  4.8506499e-12  
 1481  0.0021578868  3.6071057e-05  -0.00010800472  6.0314517e-14  4.8270257e-12  
 1482  0.0021537136  3.5750669e-05  -0.00010629545  6.0283463e-14  4.8033278e-12  
 1483  0.0021494421  3.5437721e-05  -0.00010458115  6.0255309e-14  4.7795757e-12  
 1484  0.0021450722  3.5132243e-05  -0.00010286242  6.0224342e-14  4.755789e-12  
 1485  0.0021406043  3.4834259e-05  -0.00010113987  6.0193421e-14  4.7319871e-12  
 1486  0.0021360384  3.4543798e-05  -9.9414112e-05  6.0165389e-14  4.7081896e-12  
 1487  0.0021313747  3.4260887e-05  -9.7685742e-05  6.0134554e-14  4.6844162e-12  
 1488  0.0021266133  3.3985553e-05  -9.5955371e-05  6.0106601e-14  4.6606865e-12  
 1489  0.0021217544  3.3717823e-05  -9.4223604e-05  6.0078684e-14  4.6370204e-12  
 1490  0.002116798  3.3457724e-05  -9.2491047e-05  6.0047977e-14  4.6134376e-12  
 1491  0.0021117444  3.3205283e-05  -9.0758306e-05  6.0020138e-14  4.5899579e-12  
 1492  0.0021065937  3.2960528e-05  -8.9025988e-05  5.9992336e-14  4.5666014e-12  
 1493  0.0021013459  3.2723485e-05  -8.7294698e-05  5.9964571e-14  4.5433878e-12  
 1494  0.0020960014  3.2494182e-05  -8.5565042e-05  5.9936842e-14  4.5203373e-12  
 1495  0.0020905601  3.2272645e-05  -8.3837627e-05  5.9909149e-14  4.4974699e-12  
 1496  0.0020850223  3.2058903e-05  -8.2113058e-05  5.9881492e-14  4.4748057e-12  
 1497  0.0020793881  3.1852981e-05  -8.0391942e-05  5.9853871e-14  4.4523649e-12  
 1498  0.0020736576  3.1654908e-05  -7.8674884e-05  5.9826285e-14  4.4301677e-12  
 1499  0.002067831  3.146471e-05  -7.6962491e-05  5.9798735e-14  4.4082343e-12  
 1500  0.0020619083  3.1282414e-05  -7.5255369e-05  5.977122e-14  4.3865852e-12  
 1501  0.0020558898  3.1108047e-05  -7.3554124e-05  5.9746526e-14  4.3652407e-12  
 1502  0.0020497759  3.094162e-05  -7.1859325e-05  5.9719077e-14  4.3442152e-12  
 1503  0.0020435677  3.0783074e-05  -7.0171403e-05  5.9691662e-14  4.323499e-12  
 1504  0.0020372667  3.0632332e-05  -6.8490749e-05  5.9667058e-14  4.3030767e-12  
 1505  0.0020308744  3.0489319e-05  -6.6817757e-05  5.9639709e-14  4.2829323e-12  
 1506  0.0020243922  3.0353959e-05  -6.5152819e-05  5.9615163e-14  4.2630503e-12  
 1507  0.0020178217  3.0226174e-05  -6.3496329e-05  5.958788e-14  4.2434149e-12  
 1508  0.0020111642  3.0105891e-05  -6.184868e-05  5.9563392e-14  4.2240101e-12  
 1509  0.0020044213  2.9993032e-05  -6.0210264e-05  5.9538932e-14  4.2048202e-12  
 1510  0.0019975944  2.9887521e-05  -5.8581475e-05  5.9511745e-14  4.1858293e-12  
 1511  0.001990685  2.9789282e-05  -5.6962705e-05  5.9487343e-14  4.1670213e-12  
 1512  0.0019836946  2.969824e-05  -5.5354348e-05  5.9462969e-14  4.1483803e-12  
 1513  0.0019766246  2.9614319e-05  -5.3756796e-05  5.9438621e-14  4.1298902e-12  
 1514  0.0019694764  2.9537441e-05  -5.2170442e-05  5.9414301e-14  4.111535e-12  
 1515  0.0019622516  2.9467532e-05  -5.059568e-05  5.9390008e-14  4.0932986e-12  
 1516  0.0019549516  2.9404515e-05  -4.9032901e-05  5.9365743e-14  4.0751647e-12  
 1517  0.0019475779  2.9348315e-05  -4.7482501e-05  5.9341504e-14  4.0571171e-12  
 1518  0.0019401319  2.9298854e-05  -4.594487e-05  5.9317293e-14  4.0391396e-12  
 1519  0.0019326152  2.9256058e-05  -4.4420402e-05  5.9293109e-14  4.0212159e-12  
 1520  0.0019250291  2.921985e-05  -4.2909491e-05  5.9268952e-14  4.0033297e-12  
 1521  0.0019173752  2.9190154e-05  -4.1412529e-05  5.9247537e-14  3.9854644e-12  
 1522  0.0019096549  2.9166895e-05  -3.9929908e-05  5.9223431e-14  3.9676039e-12  
 1523  0.0019018696  2.9149995e-05  -3.8462023e-05  5.9199351e-14  3.9497314e-12  
 1524  0.0018940209  2.9139379e-05  -3.7009266e-05  5.9178003e-14  3.9318306e-12  
 1525  0.0018861103  2.9134972e-05  -3.557203e-05  5.9153974e-14  3.9138848e-12  
 1526  0.001878139  2.9136696e-05  -3.4150707e-05  5.9129972e-14  3.8958775e-12  
 1527  0.0018701088  2.9144477e-05  -3.2745692e-05  5.910869e-14  3.877792e-12  
 1528  0.0018620209  2.9158237e-05  -3.1357376e-05  5.9084738e-14  3.8596117e-12  
 1529  0.0018538769  2.9177901e-05  -2.9986153e-05  5.9063499e-14  3.8413196e-12  
 1530  0.0018456783  2.9203394e-05  -2.8632416e-05  5.904228e-14  3.8228992e-12  
 1531  0.0018374264  2.9234638e-05  -2.7296557e-05  5.9018401e-14  3.8043336e-12  
 1532  0.0018291228  2.9271558e-05  -2.597897e-05  5.8997225e-14  3.7856059e-12  
 1533  0.001820769  2.9314078e-05  -2.4680048e-05  5.8976067e-14  3.7666992e-12  
 1534  0.0018123664  2.9362121e-05  -2.3400184e-05  5.8952261e-14  3.7475965e-12  
 1535  0.0018039164  2.9415613e-05  -2.213977e-05  5.8931147e-14  3.7282809e-12  
 1536  0.0017954206  2.9474476e-05  -2.0899199e-05  5.8910051e-14  3.7087353e-12  
 1537  0.0017868803  2.9538635e-05  -1.9678865e-05  5.8888975e-14  3.6889426e-12  
 1538  0.0017782972  2.9608013e-05  -1.8479161e-05  5.8867918e-14  3.6688857e-12  
 1539  0.0017696726  2.9682535e-05  -1.7300479e-05  5.8844229e-14  3.6485475e-12  
 1540  0.0017610079  2.9762125e-05  -1.6143212e-05  5.8823214e-14  3.6279107e-12  
 1541  0.0017523048  2.98467e-05  -1.5007695e-05  5.8802218e-14  3.6069619e-12  
 1542  0.0017435649  2.9936147e-05  -1.3894025e-05  5.8781241e-14  3.5857032e-12  
 1543  0.0017347899  3.0030348e-05  -1.2802242e-05  5.8760283e-14  3.5641406e-12  
 1544  0.0017259816  3.0129183e-05  -1.1732384e-05  5.8739344e-14  3.54228e-12  
 1545  0.0017171416  3.0232534e-05  -1.0684491e-05  5.8721054e-14  3.5201275e-12  
 1546  0.0017082718  3.0340282e-05  -9.6586018e-06  5.8700149e-14  3.4976891e-12  
 1547  0.0016993738  3.0452308e-05  -8.6547555e-06  5.8679264e-14  3.4749708e-12  
 1548  0.0016904494  3.0568493e-05  -7.6729913e-06  5.8658397e-14  3.4519786e-12  
 1549  0.0016815004  3.0688717e-05  -6.7133482e-06  5.8637549e-14  3.4287186e-12  
 1550  0.0016725283  3.0812863e-05  -5.7758653e-06  5.861672e-14  3.405197e-12  
 1551  0.0016635351  3.094081e-05  -4.8605816e-06  5.859852e-14  3.3814197e-12  
 1552  0.0016545223  3.1072441e-05  -3.9675364e-06  5.8577725e-14  3.3573929e-12  
 1553  0.0016454918  3.1207635e-05  -3.0967687e-06  5.8556949e-14  3.3331228e-12  
 1554  0.0016364452  3.1346274e-05  -2.2483176e-06  5.8536192e-14  3.3086155e-12  
 1555  0.0016273844  3.148824e-05  -1.4222221e-06  5.851805e-14  3.2838771e-12  
 1556  0.001618311  3.1633412e-05  -6.185214e-07  5.8497326e-14  3.2589139e-12  
 1557  0.0016092267  3.1781673e-05  1.6274541e-07  5.8479212e-14  3.233732e-12  
 1558  0.0016001333  3.1932903e-05  9.2153926e-07  5.8458522e-14  3.2083376e-12  
 1559  0.0015910325  3.2086983e-05  1.657821e-06  5.8437851e-14  3.1827371e-12  
 1560  0.0015819261  3.2243794e-05  2.3715517e-06  5.8419779e-14  3.1569366e-12  
 1561  0.0015728158  3.2403218e-05  3.062692e-06  5.8399141e-14  3.1309424e-12  
 1562  0.0015637033  3.2565135e-05  3.7312031e-06  5.8381096e-14  3.1047608e-12  
 1563  0.0015545903  3.2729426e-05  4.3770456e-06  5.8360492e-14  3.0783981e-12  
 1564  0.0015454786  3.2895972e-05  5.0001807e-06  5.8342473e-14  3.0518606e-12  
 1565  0.0015363699  3.3064655e-05  5.6005691e-06  5.8321901e-14  3.0251546e-12  
 1566  0.001527266  3.3235356e-05  6.1781718e-06  5.8303909e-14  2.9982866e-12  
 1567  0.0015181685  3.3407954e-05  6.7329496e-06  5.828337e-14  2.9712628e-12  
 1568  0.0015090792  3.3582333e-05  7.2648635e-06  5.8265404e-14  2.9440896e-12  
 1569  0.0014999998  3.3758371e-05  7.7738745e-06  5.8247449e-14  2.9167735e-12  
 1570  0.0014909321  3.3935952e-05  8.2599432e-06  5.8226957e-14  2.8893209e-12  
 1571  0.0014818778  3.4114955e-05  8.7230308e-06  5.8209028e-14  2.8617382e-12  
 1572  0.0014728386  3.4295261e-05  9.1630981e-06  5.8191109e-14  2.8340319e-12  
 1573  0.0014638163  3.4476752e-05  9.580106e-06  5.8170664e-14  2.8062084e-12  
 1574  0.0014548125  3.4659309e-05  9.9740154e-06  5.8152771e-14  2.7782742e-12  
 1575  0.0014458291  3.4842812e-05  1.0344787e-05  5.8134888e-14  2.7502358e-12  
 1576  0.0014368677  3.5027144e-05  1.0692382e-05  5.8114488e-14  2.7220998e-12  
 1577  0.00142793  3.5212184e-05  1.1016762e-05  5.8096631e-14  2.6938727e-12  
 1578  0.0014190179  3.5397813e-05  1.1317886e-05  5.8078783e-14  2.665561e-12  
 1579  0.001410133  3.5583914e-05  1.1595717e-05  5.8058428e-14  2.6371712e-12  
 1580  0.001401277  3.5770371e-05  1.1850262e-05  5.8040605e-14  2.6087109e-12  
 1581  0.001392451  3.5957085e-05  1.2081722e-05  5.8022792e-14  2.5801902e-12  
 1582  0.0013836562  3.6143963e-05  1.2290344e-05  5.800499e-14  2.5516203e-12  
 1583  0.0013748937  3.633091e-05  1.2476377e-05  5.7984693e-14  2.5230124e-12  
 1584  0.0013661645  3.6517833e-05  1.2640067e-05  5.7966915e-14  2.4943776e-12  
 1585  0.0013574698  3.6704637e-05  1.2781664e-05  5.7949147e-14  2.4657271e-12  
 1586  0.0013488106  3.6891229e-05  1.2901413e-05  5.793139e-14  2.4370722e-12  
 1587  0.001340188  3.7077513e-05  1.2999564e-05  5.791115e-14  2.4084242e-12  
 1588  0.0013316032  3.7263397e-05  1.3076364e-05  5.7893418e-14  2.3797942e-12  
 1589  0.0013230572  3.7448785e-05  1.3132061e-05  5.7875695e-14  2.3511937e-12  
 1590  0.0013145512  3.7633584e-05  1.3166902e-05  5.7857984e-14  2.3226339e-12  
 1591  0.0013060861  3.78177e-05  1.3181136e-05  5.7837802e-14  2.2941264e-12  
 1592  0.0012976632  3.8001038e-05  1.3175009e-05  5.7820115e-14  2.2656823e-12  
 1593  0.0012892835  3.8183505e-05  1.3148771e-05  5.7802438e-14  2.2373133e-12  
 1594  0.0012809482  3.8365006e-05  1.3102667e-05  5.7784772e-14  2.2090307e-12  
 1595  0.0012726582  3.8545447e-05  1.3036947e-05  5.7767117e-14  2.180846e-12  
 1596  0.0012644148  3.8724734e-05  1.2951859e-05  5.7747006e-14  2.1527707e-12  
 1597  0.001256219  3.8902773e-05  1.2847649e-05  5.7729375e-14  2.1248165e-12  
 1598  0.0012480718  3.907947e-05  1.2724565e-05  5.7711755e-14  2.0969948e-12  
 1599  0.0012399745  3.9254731e-05  1.2582856e-05  5.7694144e-14  2.0693173e-12  
 1600  0.0012319281  3.9428462e-05  1.2422769e-05  5.7674092e-14  2.0417955e-12  
 1601  0.0012239336  3.9600568e-05  1.2244552e-05  5.7656506e-14  2.0144412e-12  
 1602  0.0012159923  3.9770955e-05  1.2048452e-05  5.763893e-14  1.987266e-12  
 1603  0.0012081051  3.993953e-05  1.1834718e-05  5.7621365e-14  1.9602817e-12  
 1604  0.0012002732  4.0106198e-05  1.1603596e-05  5.760137e-14  1.9334999e-12  
 1605  0.0011924977  4.0270865e-05  1.1355336e-05  5.7583829e-14  1.9069325e-12  
 1606  0.0011847796  4.0433437e-05  1.1090184e-05  5.7566299e-14  1.8805913e-12  
 1607  0.0011771202  4.059382e-05  1.0808389e-05  5.7548778e-14  1.854488e-12  
 1608  0.0011695204  4.0751919e-05  1.0510198e-05  5.752884e-14  1.8286345e-12  
 1609  0.0011619813  4.0907642e-05  1.0195858e-05  5.7511343e-14  1.8030427e-12  
 1610  0.0011545042  4.1060892e-05  9.8656185e-06  5.7493857e-14  1.7777245e-12  
 1611  0.0011470899  4.1211578e-05  9.5197262e-06  5.7476381e-14  1.7526919e-12  
 1612  0.0011397398  4.1359603e-05  9.158429e-06  5.7456498e-14  1.7279569e-12  
 1613  0.0011324548  4.1504875e-05  8.7819748e-06  5.7439045e-14  1.7035313e-12  
 1614  0.001125236  4.1647299e-05  8.3906112e-06  5.7421603e-14  1.6794272e-12  
 1615  0.0011180846  4.1786781e-05  7.9845861e-06  5.7401763e-14  1.6556568e-12  
 1616  0.0011110016  4.1923226e-05  7.5641472e-06  5.7384343e-14  1.632232e-12  
 1617  0.0011039881  4.2056542e-05  7.1295422e-06  5.7366933e-14  1.609165e-12  
 1618  0.0010970453  4.2186633e-05  6.6810189e-06  5.7349533e-14  1.5864679e-12  
 1619  0.001090174  4.2313416e-05  6.2188413e-06  5.7329748e-14  1.5641497e-12  
 1620  0.0010833746  4.2436852e-05  5.7433385e-06  5.731237e-14  1.5422073e-12  
 1621  0.001076647  4.255691e-05  5.2548557e-06  5.7295003e-14  1.5206341e-12  
 1622  0.0010699915  4.2673561e-05  4.7537384e-06  5.7275258e-14  1.4994238e-12  
 1623  0.001063408  4.2786776e-05  4.2403317e-06  5.7257914e-14  1.4785699e-12  
 1624  0.0010568968  4.2896525e-05  3.7149811e-06  5.7240578e-14  1.458066e-12  
 1625  0.0010504577  4.3002778e-05  3.1780318e-06  5.7220875e-14  1.4379055e-12  
 1626  0.0010440911  4.3105507e-05  2.6298291e-06  5.7203562e-14  1.418082e-12  
 1627  0.0010377969  4.3204682e-05  2.0707184e-06  5.7186259e-14  1.3985891e-12  
 1628  0.0010315752  4.3300272e-05  1.5010449e-06  5.7166597e-14  1.3794201e-12  
 1629  0.0010254262  4.339225e-05  9.2115404e-07  5.7149316e-14  1.3605685e-12  
 1630  0.0010193499  4.3480585e-05  3.3139102e-07  5.7132045e-14  1.3420277e-12  
 1631  0.0010133463  4.3565247e-05  -2.6789882e-07  5.7112422e-14  1.3237912e-12  
 1632  0.0010074157  4.3646208e-05  -8.7637015e-07  5.7095173e-14  1.3058524e-12  
 1633  0.0010015581  4.3723438e-05  -1.4936777e-06  5.7077934e-14  1.2882047e-12  
 1634  0.00099577354  4.3796907e-05  -2.1194761e-06  5.7058352e-14  1.2708414e-12  
 1635  0.00099006216  4.3866586e-05  -2.7534201e-06  5.7041134e-14  1.2537558e-12  
 1636  0.00098442403  4.3932445e-05  -3.3951643e-06  5.7023926e-14  1.2369414e-12  
 1637  0.00097885925  4.3994455e-05  -4.0443635e-06  5.7004383e-14  1.2203914e-12  
 1638  0.00097336791  4.4052587e-05  -4.7006723e-06  5.6987197e-14  1.2040991e-12  
 1639  0.0009679501  4.4106811e-05  -5.3637454e-06  5.6970019e-14  1.1880577e-12  
 1640  0.0009626059  4.4157097e-05  -6.0332375e-06  5.6950516e-14  1.1722607e-12  
 1641  0.00095733541  4.4203416e-05  -6.7088034e-06  5.693336e-14  1.1567011e-12  
 1642  0.00095213872  4.4245739e-05  -7.3900976e-06  5.6916213e-14  1.1413723e-12  
 1643  0.00094701592  4.4284036e-05  -8.0767749e-06  5.6896749e-14  1.1262674e-12  
 1644  0.00094196709  4.4318277e-05  -8.76849e-06  5.6879623e-14  1.1113796e-12  
 1645  0.00093699233  4.4348433e-05  -9.4648976e-06  5.6860185e-14  1.0967021e-12  
 1646  0.00093209173  4.4374475e-05  -1.0165652e-05  5.6843079e-14  1.0822281e-12  
 1647  0.00092726537  4.4396374e-05  -1.0870409e-05  5.6825983e-14  1.0679507e-12  
 1648  0.00092251336  4.4414099e-05  -1.1578822e-05  5.6806583e-14  1.0538629e-12  
 1649  0.00091783577  4.4427621e-05  -1.2290546e-05  5.6789507e-14  1.039958e-12  
 1650  0.00091323269  4.443691e-05  -1.3005236e-05  5.6772439e-14  1.026229e-12  
 1651  0.00090870423  4.4441938e-05  -1.3722547e-05  5.6753076e-14  1.0126689e-12  
 1652  0.00090425046  4.4442675e-05  -1.4442133e-05  5.6736028e-14  9.9927089e-13  
 1653  0.00089987148  4.4439091e-05  -1.5163649e-05  5.671669e-14  9.8602789e-13  
 1654  0.00089556737  4.4431157e-05  -1.588675e-05  5.6699662e-14  9.7293294e-13  
 1655  0.00089133824  4.4418843e-05  -1.661109e-05  5.6682642e-14  9.5997905e-13  
 1656  0.00088718416  4.440212e-05  -1.7336324e-05  5.666334e-14  9.4715919e-13  
 1657  0.00088310523  4.4380958e-05  -1.8062107e-05  5.6646339e-14  9.3446632e-13  
 1658  0.0008791014  4.4355339e-05  -1.8788108e-05  5.6627062e-14  9.2189425e-13  
 1659  0.00087517211  4.4325287e-05  -1.9514059e-05  5.6610079e-14  9.0944023e-13  
 1660  0.00087131665  4.4290838e-05  -2.0239707e-05  5.6593105e-14  8.9710234e-13  
 1661  0.00086753432  4.4252027e-05  -2.0964796e-05  5.6573863e-14  8.8487868e-13  
 1662  0.00086382441  4.4208889e-05  -2.1689074e-05  5.6556908e-14  8.7276734e-13  
 1663  0.00086018624  4.416146e-05  -2.2412287e-05  5.653996e-14  8.607664e-13  
 1664  0.00085661908  4.4109775e-05  -2.3134182e-05  5.6520754e-14  8.4887392e-13  
 1665  0.00085312225  4.4053869e-05  -2.3854503e-05  5.6503826e-14  8.37088e-13  
 1666  0.00084969503  4.3993779e-05  -2.4572999e-05  5.6484644e-14  8.2540668e-13  
 1667  0.00084633672  4.3929538e-05  -2.5289415e-05  5.6467735e-14  8.1382803e-13  
 1668  0.00084304663  4.3861183e-05  -2.6003497e-05  5.6450835e-14  8.0235011e-13  
 1669  0.00083982405  4.3788749e-05  -2.6714992e-05  5.6431689e-14  7.9097097e-13  
 1670  0.00083666828  4.3712272e-05  -2.7423645e-05  5.6414808e-14  7.7968865e-13  
 1671  0.00083357861  4.3631786e-05  -2.8129204e-05  5.6397936e-14  7.6850119e-13  
 1672  0.00083055435  4.3547327e-05  -2.8831415e-05  5.6381072e-14  7.5740663e-13  
 1673  0.00082759478  4.3458931e-05  -2.9530024e-05  5.6361973e-14  7.46403e-13  
 1674  0.00082469922  4.3366633e-05  -3.0224776e-05  5.6345129e-14  7.3548832e-13  
 1675  0.00082186695  4.3270468e-05  -3.091542e-05  5.6328293e-14  7.2466061e-13  
 1676  0.00081909727  4.3170471e-05  -3.16017e-05  5.630923e-14  7.1391788e-13  
 1677  0.00081638948  4.3066678e-05  -3.2283363e-05  5.6292414e-14  7.0325815e-13  
 1678  0.00081374288  4.2959125e-05  -3.2960155e-05  5.6275606e-14  6.9267941e-13  
 1679  0.00081115677  4.2847846e-05  -3.3631824e-05  5.6258807e-14  6.8217967e-13  
 1680  0.00080863044  4.2732878e-05  -3.4298114e-05  5.6239792e-14  6.7175693e-13  
 1681  0.00080616319  4.2614255e-05  -3.4958772e-05  5.6223013e-14  6.6140916e-13  
 1682  0.00080375431  4.2492012e-05  -3.5613546e-05  5.6206242e-14  6.5113435e-13  
 1683  0.00080140312  4.2366186e-05  -3.6262179e-05  5.618948e-14  6.4093048e-13  
 1684  0.00079910889  4.2236812e-05  -3.6904421e-05  5.6172727e-14  6.3079553e-13  
 1685  0.00079687094  4.2103924e-05  -3.7540015e-05  5.615377e-14  6.2072745e-13  
 1686  0.00079468856  4.1967559e-05  -3.816871e-05  5.6137036e-14  6.1072422e-13  
 1687  0.00079256104  4.1827751e-05  -3.879025e-05  5.6120311e-14  6.0078379e-13  
 1688  0.00079048768  4.1684537e-05  -3.9404383e-05  5.6103595e-14  5.9090411e-13  
 1689  0.00078846779  4.1537951e-05  -4.0010855e-05  5.6086887e-14  5.8108313e-13  
 1690  0.00078650065  4.1388028e-05  -4.0609411e-05  5.6070188e-14  5.7131879e-13  
 1691  0.00078458557  4.1234805e-05  -4.1199799e-05  5.6053497e-14  5.6160903e-13  
 1692  0.00078272184  4.1078317e-05  -4.1781764e-05  5.6036815e-14  5.5195178e-13  
 1693  0.00078090877  4.0918598e-05  -4.2355053e-05  5.6020141e-14  5.4234496e-13  
 1694  0.00077914564  4.0755684e-05  -4.2919413e-05  5.6003476e-14  5.327865e-13  
 1695  0.00077743176  4.0589612e-05  -4.3474589e-05  5.598682e-14  5.2327432e-13  
 1696  0.00077576643  4.0420415e-05  -4.4020327e-05  5.5970172e-14  5.1380631e-13  
 1697  0.00077414889  4.0248135e-05  -4.4556406e-05  5.5953532e-14  5.0438091e-13  
 1698  0.00077257823  4.0072833e-05  -4.508273e-05  5.5936902e-14  4.9499852e-13  
 1699  0.0007710535  3.9894576e-05  -4.5599232e-05  5.5920279e-14  4.8566007e-13  
 1700  0.00076957372  3.971343e-05  -4.6105848e-05  5.5903666e-14  4.7636651e-13  
 1701  0.00076813795  3.9529462e-05  -4.6602514e-05  5.588706e-14  4.6711876e-13  
 1702  0.00076674522  3.9342739e-05  -4.7089164e-05  5.5872631e-14  4.5791775e-13  
 1703  0.00076539458  3.9153327e-05  -4.7565733e-05  5.5856041e-14  4.4876443e-13  
 1704  0.00076408506  3.8961294e-05  -4.8032156e-05  5.5839459e-14  4.3965974e-13  
 1705  0.0007628157  3.8766705e-05  -4.8488368e-05  5.5822885e-14  4.3060461e-13  
 1706  0.00076158554  3.8569627e-05  -4.8934304e-05  5.5808478e-14  4.2159998e-13  
 1707  0.00076039363  3.8370128e-05  -4.93699e-05  5.5791919e-14  4.1264682e-13  
 1708  0.000759239  3.8168273e-05  -4.979509e-05  5.5775369e-14  4.0374605e-13  
 1709  0.0007581207  3.796413e-05  -5.0209809e-05  5.5760977e-14  3.9489863e-13  
 1710  0.00075703776  3.7757765e-05  -5.0613992e-05  5.5744442e-14  3.8610551e-13  
 1711  0.00075598923  3.7549244e-05  -5.1007575e-05  5.5727914e-14  3.7736765e-13  
 1712  0.00075497414  3.7338635e-05  -5.1390492e-05  5.5713538e-14  3.6868599e-13  
 1713  0.00075399154  3.7126004e-05  -5.1762678e-05  5.5697026e-14  3.600615e-13  
 1714  0.00075304047  3.6911417e-05  -5.2124069e-05  5.568266e-14  3.5149514e-13  
 1715  0.00075211996  3.6694942e-05  -5.2474599e-05  5.5668297e-14  3.4298786e-13  
 1716  0.00075122905  3.6476645e-05  -5.2814203e-05  5.5651805e-14  3.3454063e-13  
 1717  0.0007503668  3.6256593e-05  -5.3142817e-05  5.5637452e-14  3.2615441e-13  
 1718  0.00074953223  3.6034851e-05  -5.3460375e-05  5.5620974e-14  3.1783017e-13  
 1719  0.00074872438  3.5811488e-05  -5.3766813e-05  5.5606631e-14  3.0956889e-13  
 1720  0.00074794231  3.558657e-05  -5.4062065e-05  5.559229e-14  3.0137151e-13  
 1721  0.00074718504  3.5360163e-05  -5.4346066e-05  5.5577954e-14  2.9323904e-13  
 1722  0.00074645162  3.5132334e-05  -5.4618752e-05  5.5561503e-14  2.8517242e-13  
 1723  0.00074574109  3.490315e-05  -5.4880057e-05  5.5547176e-14  2.7717266e-13  
 1724  0.00074505249  3.4672677e-05  -5.5129917e-05  5.5532852e-14  2.6924071e-13  
 1725  0.00074438486  3.4440982e-05  -5.5368266e-05  5.5518532e-14  2.6137756e-13  
 1726  0.00074373723  3.4208132e-05  -5.559504e-05  5.5504215e-14  2.535842e-13  
 1727  0.00074310866  3.3974193e-05  -5.5810174e-05  5.5489901e-14  2.4586161e-13  
 1728  0.00074249817  3.3739232e-05  -5.6013602e-05  5.5475591e-14  2.3821077e-13  
 1729  0.00074190482  3.3503316e-05  -5.6205259e-05  5.5461285e-14  2.3063267e-13  
 1730  0.00074132763  3.3266511e-05  -5.6385081e-05  5.5446982e-14  2.2312831e-13  
 1731  0.00074076566  3.3028884e-05  -5.6553003e-05  5.5434778e-14  2.1569868e-13  
 1732  0.00074021793  3.2790501e-05  -5.6708959e-05  5.5420479e-14  2.0834476e-13  
 1733  0.0007396835  3.255143e-05  -5.6852885e-05  5.5406183e-14  2.0106756e-13  
 1734  0.0007391614  3.2311737e-05  -5.6984716e-05  5.5393979e-14  1.9386808e-13  
 1735  0.00073865067  3.2071489e-05  -5.7104386e-05  5.5379688e-14  1.8674731e-13  
 1736  0.00073815039  3.1830751e-05  -5.7211859e-05  5.5365399e-14  1.7970642e-13  
 1737  0.00073765983  3.1589583e-05  -5.7307214e-05  5.5353196e-14  1.7274722e-13  
 1738  0.00073717828  3.1348046e-05  -5.7390556e-05  5.5338911e-14  1.658717e-13  
 1739  0.00073670505  3.1106199e-05  -5.7461991e-05  5.5326707e-14  1.5908185e-13  
 1740  0.00073623943  3.0864101e-05  -5.7521627e-05  5.5314501e-14  1.5237965e-13  
 1741  0.00073578073  3.0621813e-05  -5.7569569e-05  5.5300222e-14  1.4576711e-13  
 1742  0.00073532825  3.0379393e-05  -5.7605923e-05  5.5288016e-14  1.3924621e-13  
 1743  0.00073488129  3.01369e-05  -5.7630797e-05  5.5275809e-14  1.3281898e-13  
 1744  0.00073443915  2.9894396e-05  -5.7644295e-05  5.52636e-14  1.264874e-13  
 1745  0.00073400114  2.9651938e-05  -5.7646526e-05  5.525139e-14  1.2025351e-13  
 1746  0.00073356654  2.9409587e-05  -5.7637594e-05  5.5239179e-14  1.141193e-13  
 1747  0.00073313467  2.9167403e-05  -5.7617607e-05  5.5226966e-14  1.0808681e-13  
 1748  0.00073270483  2.8925444e-05  -5.7586671e-05  5.5214753e-14  1.0215806e-13  
 1749  0.00073227631  2.868377e-05  -5.7544891e-05  5.5202538e-14  9.6335073e-14  
 1750  0.00073184842  2.8442441e-05  -5.7492375e-05  5.5190322e-14  9.0619888e-14  
 1751  0.00073142045  2.8201516e-05  -5.7429228e-05  5.5178105e-14  8.5014542e-14  
 1752  0.00073099172  2.7961055e-05  -5.7355557e-05  5.5167933e-14  7.9521076e-14  
 1753  0.00073056152  2.7721118e-05  -5.7271469e-05  5.5155711e-14  7.4141536e-14  
 1754  0.00073012915  2.7481763e-05  -5.7177069e-05  5.514553e-14  6.8877972e-14  
 1755  0.00072969391  2.7243051e-05  -5.7072464e-05  5.5133304e-14  6.3732439e-14  
 1756  0.00072925511  2.7005041e-05  -5.6957761e-05  5.5123114e-14  5.8706995e-14  
 1757  0.00072881205  2.6767792e-05  -5.6833065e-05  5.5110883e-14  5.3803703e-14  
 1758  0.00072836402  2.6531364e-05  -5.6698483e-05  5.5100684e-14  4.902463e-14  
 1759  0.00072791032  2.6295817e-05  -5.6554121e-05  5.5090479e-14  4.4371848e-14  
 1760  0.00072745027  2.606121e-05  -5.6400086e-05  5.5080269e-14  3.9847431e-14  
 1761  0.00072698316  2.5827602e-05  -5.6236484e-05  5.5068028e-14  3.5453459e-14  
 1762  0.00072650828  2.5595054e-05  -5.6063421e-05  5.5057809e-14  3.1192016e-14  
 1763  0.00072602495  2.5363624e-05  -5.5881004e-05  5.5047585e-14  2.706519e-14  
 1764  0.00072553247  2.5133373e-05  -5.5689339e-05  5.5037355e-14  2.3075073e-14  
 1765  0.00072503012  2.4904359e-05  -5.5488532e-05  5.5029136e-14  1.9223763e-14  
 1766  0.00072451723  2.4676642e-05  -5.527869e-05  5.5018893e-14  1.5513358e-14  
 1767  0.00072399308  2.4450283e-05  -5.5059918e-05  5.5008644e-14  1.1945965e-14  
 1768  0.00072345697  2.4225339e-05  -5.4832324e-05  5.499839e-14  8.5236913e-15  
 1769  0.00072290822  2.4001872e-05  -5.4596013e-05  5.4990138e-14  5.2486515e-15  
 1770  0.00072234612  2.377994e-05  -5.4351093e-05  5.4979871e-14  2.1229626e-15  
 1771  0.00072176996  2.3559603e-05  -5.4097668e-05  5.4971601e-14  -8.5125377e-16  
 1772  0.00072117906  2.334092e-05  -5.3835846e-05  5.4961322e-14  -3.6718717e-15  
 1773  0.00072057272  2.3123951e-05  -5.3565733e-05  5.4953034e-14  -6.3367612e-15  
 1774  0.00071995022  2.2908756e-05  -5.3287436e-05  5.4942742e-14  -8.843788e-15  
 1775  0.00071931097  2.2695388e-05  -5.3001072e-05  5.4934437e-14  -1.1191505e-14  
 1776  0.00071865469  2.2483879e-05  -5.2706811e-05  5.4926123e-14  -1.3381233e-14  
 1777  0.00071798118  2.2274252e-05  -5.2404833e-05  5.4917799e-14  -1.5414986e-14  
 1778  0.00071729026  2.2066533e-05  -5.209532e-05  5.4909465e-14  -1.7294786e-14  
 1779  0.00071658174  2.1860747e-05  -5.1778453e-05  5.4901122e-14  -1.9022659e-14  
 1780  0.00071585543  2.165692e-05  -5.1454412e-05  5.4892769e-14  -2.0600636e-14  
 1781  0.00071511115  2.1455075e-05  -5.1123379e-05  5.4884407e-14  -2.2030754e-14  
 1782  0.00071434869  2.1255238e-05  -5.0785534e-05  5.4876035e-14  -2.3315053e-14  
 1783  0.00071356788  2.1057435e-05  -5.0441059e-05  5.4867654e-14  -2.4455581e-14  
 1784  0.00071276852  2.0861689e-05  -5.0090134e-05  5.4861236e-14  -2.5454389e-14  
 1785  0.00071195043  2.0668026e-05  -4.973294e-05  5.4852835e-14  -2.6313534e-14  
 1786  0.00071111342  2.0476471e-05  -4.936966e-05  5.4844423e-14  -2.7035078e-14  
 1787  0.00071025729  2.0287049e-05  -4.9000472e-05  5.483797e-14  -2.7621088e-14  
 1788  0.00070938186  2.0099785e-05  -4.8625559e-05  5.4829538e-14  -2.8073638e-14  
 1789  0.00070848694  1.9914704e-05  -4.8245102e-05  5.4823059e-14  -2.8394803e-14  
 1790  0.00070757235  1.9731831e-05  -4.7859281e-05  5.4816567e-14  -2.8586668e-14  
 1791  0.00070663788  1.955119e-05  -4.7468277e-05  5.4808104e-14  -2.8651319e-14  
 1792  0.00070568335  1.9372808e-05  -4.7072272e-05  5.4801587e-14  -2.859085e-14  
 1793  0.00070470858  1.9196708e-05  -4.6671447e-05  5.4795057e-14  -2.8407359e-14  
 1794  0.00070371338  1.9022917e-05  -4.6265982e-05  5.4788514e-14  -2.8102949e-14  
 1795  0.00070269754  1.8851458e-05  -4.5856058e-05  5.4781957e-14  -2.7679728e-14  
 1796  0.0007016609  1.8682356e-05  -4.5441856e-05  5.4775388e-14  -2.713981e-14  
 1797  0.00070060325  1.8515638e-05  -4.5023558e-05  5.4768805e-14  -2.6485313e-14  
 1798  0.00069952441  1.8351328e-05  -4.4601345e-05  5.4762209e-14  -2.5718362e-14  
 1799  0.00069842419  1.818945e-05  -4.4175397e-05  5.47556e-14  -2.4841085e-14  
 1800  0.0006973024  1.803003e-05  -4.3745895e-05  5.4750917e-14  -2.3855617e-14  
 1801  0.00069615885  1.7873093e-05  -4.3313021e-05  5.474428e-14  -2.2764097e-14  
 1802  0.00069499336  1.7718664e-05  -4.2876955e-05  5.473763e-14  -2.1568668e-14  
 1803  0.00069380573  1.7566767e-05  -4.2437878e-05  5.4732899e-14  -2.0271482e-14  
 1804  0.00069259577  1.7417428e-05  -4.1995972e-05  5.4726221e-14  -1.8874691e-14  
 1805  0.00069136329  1.7270672e-05  -4.1551417e-05  5.4721458e-14  -1.7380457e-14  
 1806  0.00069010812  1.7126523e-05  -4.1104394e-05  5.4716678e-14  -1.5790945e-14  
 1807  0.00068883005  1.6985008e-05  -4.0655085e-05  5.4709957e-14  -1.4108323e-14  
 1808  0.00068752889  1.684615e-05  -4.020367e-05  5.4705145e-14  -1.2334769e-14  
 1809  0.00068620447  1.6709974e-05  -3.975033e-05  5.4700316e-14  -1.0472461e-14  
 1810  0.00068485659  1.6576507e-05  -3.9295247e-05  5.469547e-14  -8.5235863e-15  
 1811  0.00068348506  1.6445771e-05  -3.8838601e-05  5.4690608e-14  -6.4903349e-15  
 1812  0.00068208969  1.6317794e-05  -3.8380573e-05  5.4685728e-14  -4.3749028e-15  
 1813  0.00068067029  1.6192599e-05  -3.7921344e-05  5.4680832e-14  -2.179491e-15  
 1814  0.00067922676  1.6070206e-05  -3.746109e-05  5.4675919e-14  9.3988263e-17  
 1815  0.00067775926  1.5950606e-05  -3.6999965e-05  5.4670989e-14  2.4447948e-15  
 1816  0.00067626805  1.5833787e-05  -3.6538114e-05  5.4666043e-14  4.8724809e-15  
 1817  0.0006747534  1.5719735e-05  -3.6075687e-05  5.466108e-14  7.3765975e-15  
 1818  0.00067321556  1.5608436e-05  -3.561283e-05  5.4658001e-14  9.9566943e-15  
 1819  0.00067165477  1.5499877e-05  -3.5149692e-05  5.4653003e-14  1.261232e-14  
 1820  0.0006700713  1.5394043e-05  -3.468642e-05  5.4647989e-14  1.5343021e-14  
 1821  0.0006684654  1.5290923e-05  -3.4223162e-05  5.4644852e-14  1.8148344e-14  
 1822  0.00066683734  1.5190501e-05  -3.3760064e-05  5.4639803e-14  2.1027833e-14  
 1823  0.00066518735  1.5092765e-05  -3.3297276e-05  5.4636628e-14  2.3981032e-14  
 1824  0.0006635157  1.49977e-05  -3.2834944e-05  5.4631545e-14  2.7007483e-14  
 1825  0.00066182265  1.4905293e-05  -3.2373216e-05  5.4628331e-14  3.0106727e-14  
 1826  0.00066010845  1.4815531e-05  -3.191224e-05  5.4623214e-14  3.3278303e-14  
 1827  0.00065837335  1.47284e-05  -3.1452163e-05  5.4619962e-14  3.652175e-14  
 1828  0.00065661761  1.4643886e-05  -3.0993134e-05  5.461669e-14  3.9836605e-14  
 1829  0.00065484149  1.4561977e-05  -3.0535298e-05  5.4613399e-14  4.3222404e-14  
 1830  0.00065304524  1.4482657e-05  -3.0078805e-05  5.4608212e-14  4.6678681e-14  
 1831  0.00065122911  1.4405914e-05  -2.9623802e-05  5.4604883e-14  5.020497e-14  
 1832  0.00064939337  1.4331734e-05  -2.9170436e-05  5.4601534e-14  5.3800803e-14  
 1833  0.00064753826  1.4260103e-05  -2.8718855e-05  5.4598165e-14  5.746571e-14  
 1834  0.00064566405  1.4191008e-05  -2.8269207e-05  5.4594777e-14  6.1199222e-14  
 1835  0.00064377099  1.4124436e-05  -2.782164e-05  5.459137e-14  6.5000866e-14  
 1836  0.00064185933  1.4060372e-05  -2.73763e-05  5.4587942e-14  6.8870169e-14  
 1837  0.00063992933  1.3998803e-05  -2.6933335e-05  5.4584496e-14  7.2806658e-14  
 1838  0.00063798124  1.3939716e-05  -2.6492894e-05  5.458103e-14  7.6809857e-14  
 1839  0.00063601532  1.3883096e-05  -2.6055124e-05  5.4577544e-14  8.0879289e-14  
 1840  0.00063403183  1.3828931e-05  -2.5620172e-05  5.457404e-14  8.5014476e-14  
 1841  0.00063203102  1.3777207e-05  -2.5188186e-05  5.4570516e-14  8.9214939e-14  
 1842  0.00063001315  1.372791e-05  -2.4759313e-05  5.4568824e-14  9.3480198e-14  
 1843  0.00062797847  1.3681026e-05  -2.4333702e-05  5.456526e-14  9.780977e-14  
 1844  0.00062592724  1.3636542e-05  -2.39115e-05  5.4561677e-14  1.0220317e-13  
 1845  0.00062385971  1.3594445e-05  -2.3492854e-05  5.4558075e-14  1.0665992e-13  
 1846  0.00062177614  1.355472e-05  -2.3077913e-05  5.4556296e-14  1.1117953e-13  
 1847  0.00061967678  1.3517355e-05  -2.2666823e-05  5.4552654e-14  1.1576152e-13  
 1848  0.00061756189  1.3482335e-05  -2.2259732e-05  5.4548993e-14  1.2040539e-13  
 1849  0.00061543173  1.3449647e-05  -2.1856789e-05  5.4547151e-14  1.2511065e-13  
 1850  0.00061328654  1.3419278e-05  -2.145814e-05  5.454345e-14  1.2987682e-13  
 1851  0.00061112659  1.3391213e-05  -2.1063933e-05  5.4541564e-14  1.3470341e-13  
 1852  0.00060895213  1.336544e-05  -2.0674316e-05  5.4537824e-14  1.3958992e-13  
 1853  0.00060676345  1.334194e-05  -2.0289421e-05  5.4535894e-14  1.445354e-13  
 1854  0.00060456096  1.3320682e-05  -1.9909313e-05  5.4532115e-14  1.4953711e-13  
 1855  0.00060234508  1.3301629e-05  -1.9534043e-05  5.4530143e-14  1.5459181e-13  
 1856  0.00060011627  1.3284744e-05  -1.9163662e-05  5.4526325e-14  1.596963e-13  
 1857  0.00059787495  1.3269992e-05  -1.879822e-05  5.4524309e-14  1.6484735e-13  
 1858  0.00059562157  1.3257336e-05  -1.8437768e-05  5.4520453e-14  1.7004171e-13  
 1859  0.00059335656  1.324674e-05  -1.8082355e-05  5.4518395e-14  1.7527615e-13  
 1860  0.00059108036  1.3238167e-05  -1.7732032e-05  5.45145e-14  1.8054742e-13  
 1861  0.00058879342  1.3231581e-05  -1.738685e-05  5.45124e-14  1.8585225e-13  
 1862  0.00058649615  1.3226945e-05  -1.7046859e-05  5.4508467e-14  1.9118739e-13  
 1863  0.00058418902  1.3224225e-05  -1.6712109e-05  5.4506325e-14  1.9654957e-13  
 1864  0.00058187245  1.3223382e-05  -1.6382651e-05  5.4504161e-14  2.0193549e-13  
 1865  0.00057954687  1.3224381e-05  -1.6058535e-05  5.450017e-14  2.0734189e-13  
 1866  0.00057721274  1.3227185e-05  -1.5739811e-05  5.4497965e-14  2.1276547e-13  
 1867  0.00057487048  1.3231759e-05  -1.542653e-05  5.4495738e-14  2.1820292e-13  
 1868  0.00057252053  1.3238065e-05  -1.5118743e-05  5.449169e-14  2.2365095e-13  
 1869  0.00057016334  1.3246068e-05  -1.4816499e-05  5.4489422e-14  2.2910623e-13  
 1870  0.00056779934  1.3255731e-05  -1.4519849e-05  5.4487133e-14  2.3456545e-13  
 1871  0.00056542896  1.3267018e-05  -1.4228844e-05  5.4483028e-14  2.4002528e-13  
 1872  0.00056305265  1.3279893e-05  -1.3943533e-05  5.4480698e-14  2.4548237e-13  
 1873  0.00056067085  1.3294318e-05  -1.3663967e-05  5.4476556e-14  2.509334e-13  
 1874  0.00055828398  1.3310259e-05  -1.3390197e-05  5.4474186e-14  2.5637501e-13  
 1875  0.00055589249  1.3327678e-05  -1.3122273e-05  5.4471794e-14  2.6180385e-13  
 1876  0.00055349682  1.3346539e-05  -1.2860246e-05  5.4467596e-14  2.6721654e-13  
 1877  0.0005510974  1.3366806e-05  -1.2604165e-05  5.4465164e-14  2.7260973e-13  
 1878  0.00054869468  1.3388442e-05  -1.2354081e-05  5.4462711e-14  2.7798003e-13  
 1879  0.00054628909  1.3411412e-05  -1.2110044e-05  5.4458459e-14  2.8332405e-13  
 1880  0.00054388106  1.3435679e-05  -1.1872106e-05  5.4455966e-14  2.8863841e-13  
 1881  0.00054147104  1.3461206e-05  -1.1640315e-05  5.4453452e-14  2.9391971e-13  
 1882  0.00053905946  1.3487958e-05  -1.1414724e-05  5.4449144e-14  2.9916453e-13  
 1883  0.00053664677  1.3515897e-05  -1.1195381e-05  5.4446591e-14  3.0436948e-13  
 1884  0.00053423339  1.3544989e-05  -1.0982338e-05  5.4442247e-14  3.0953111e-13  
 1885  0.00053181978  1.3575195e-05  -1.0775644e-05  5.4439654e-14  3.1464602e-13  
 1886  0.00052940635  1.3606481e-05  -1.0575351e-05  5.4437041e-14  3.1971076e-13  
 1887  0.00052699356  1.3638809e-05  -1.0381508e-05  5.4432643e-14  3.2472189e-13  
 1888  0.00052458184  1.3672143e-05  -1.0194167e-05  5.442999e-14  3.2967597e-13  
 1889  0.00052217163  1.3706448e-05  -1.0013376e-05  5.4425557e-14  3.3456953e-13  
 1890  0.00051976337  1.3741686e-05  -9.8391875e-06  5.4422866e-14  3.3939911e-13  
 1891  0.00051735749  1.3777821e-05  -9.6716509e-06  5.4418397e-14  3.4416125e-13  
 1892  0.00051495441  1.3814818e-05  -9.5108006e-06  5.4415667e-14  3.4885333e-13  
 1893  0.0005125545  1.3852639e-05  -9.3566058e-06  5.4411163e-14  3.5347619e-13  
 1894  0.0005101581  1.3891249e-05  -9.2090197e-06  5.4408394e-14  3.5803156e-13  
 1895  0.00050776554  1.3930611e-05  -9.0679951e-06  5.4403856e-14  3.6252113e-13  
 1896  0.00050537717  1.3970689e-05  -8.9334853e-06  5.4399302e-14  3.6694664e-13  
 1897  0.00050299333  1.4011448e-05  -8.8054432e-06  5.4396476e-14  3.713098e-13  
 1898  0.00050061437  1.4052849e-05  -8.6838218e-06  5.4391888e-14  3.7561234e-13  
 1899  0.00049824062  1.4094858e-05  -8.5685743e-06  5.4387283e-14  3.79856e-13  
 1900  0.00049587242  1.4137438e-05  -8.4596536e-06  5.4384401e-14  3.8404251e-13  
 1901  0.00049351013  1.4180553e-05  -8.3570129e-06  5.4379763e-14  3.8817361e-13  
 1902  0.00049115407  1.4224166e-05  -8.2606051e-06  5.4375108e-14  3.9225104e-13  
 1903  0.00048880459  1.4268242e-05  -8.1703833e-06  5.4370437e-14  3.9627655e-13  
 1904  0.00048646204  1.4312744e-05  -8.0863006e-06  5.4367483e-14  4.0025189e-13  
 1905  0.00048412675  1.4357635e-05  -8.00831e-06  5.4362779e-14  4.0417881e-13  
 1906  0.00048179907  1.440288e-05  -7.9363645e-06  5.435806e-14  4.0805907e-13  
 1907  0.00047947934  1.4448443e-05  -7.8704172e-06  5.4353324e-14  4.1189444e-13  
 1908  0.0004771679  1.4494287e-05  -7.8104212e-06  5.4348574e-14  4.1568667e-13  
 1909  0.00047486509  1.4540375e-05  -7.7563295e-06  5.4343807e-14  4.1943754e-13  
 1910  0.00047257125  1.4586672e-05  -7.708095e-06  5.4339025e-14  4.2314883e-13  
 1911  0.00047028673  1.4633142e-05  -7.665671e-06  5.4334228e-14  4.2682231e-13  
 1912  0.00046801187  1.4679747e-05  -7.6290104e-06  5.4329415e-14  4.3045976e-13  
 1913  0.00046574701  1.4726453e-05  -7.5980662e-06  5.4324588e-14  4.3406297e-13  
 1914  0.00046349248  1.4773222e-05  -7.5727916e-06  5.4319744e-14  4.3763372e-13  
 1915  0.00046124864  1.4820018e-05  -7.5531396e-06  5.4314886e-14  4.4117382e-13  
 1916  0.00045901582  1.4866806e-05  -7.5390631e-06  5.4308302e-14  4.4468505e-13  
 1917  0.00045679437  1.4913548e-05  -7.5305153e-06  5.4303415e-14  4.4816921e-13  
 1918  0.00045458463  1.4960209e-05  -7.5274492e-06  5.4298513e-14  4.5162812e-13  
 1919  0.00045238694  1.5006753e-05  -7.5298179e-06  5.4293597e-14  4.5506358e-13  
 1920  0.00045020164  1.5053143e-05  -7.5375744e-06  5.4286961e-14  4.5847741e-13  
 1921  0.00044802907  1.5099342e-05  -7.5506717e-06  5.4282017e-14  4.6187141e-13  
 1922  0.00044586958  1.5145315e-05  -7.5690629e-06  5.4277057e-14  4.6524741e-13  
 1923  0.0004437235  1.5191026e-05  -7.592701e-06  5.4270384e-14  4.6860724e-13  
 1924  0.00044159118  1.5236438e-05  -7.6215392e-06  5.4265397e-14  4.7195271e-13  
 1925  0.00043947296  1.5281514e-05  -7.6555303e-06  5.42587e-14  4.7528567e-13  
 1926  0.00043736919  1.532622e-05  -7.6946275e-06  5.4253685e-14  4.7860795e-13  
 1927  0.00043528019  1.5370517e-05  -7.7387839e-06  5.4246964e-14  4.8192138e-13  
 1928  0.00043320633  1.5414371e-05  -7.7879524e-06  5.4241922e-14  4.8522781e-13  
 1929  0.00043114793  1.5457745e-05  -7.8420862e-06  5.4235177e-14  4.8852909e-13  
 1930  0.00042910534  1.5500603e-05  -7.9011382e-06  5.4230107e-14  4.9182707e-13  
 1931  0.00042707886  1.5542911e-05  -7.9650532e-06  5.4223339e-14  4.9512314e-13  
 1932  0.00042506862  1.5584647e-05  -8.033743e-06  5.421656e-14  4.9841683e-13  
 1933  0.00042307472  1.5625793e-05  -8.107111e-06  5.421145e-14  5.017072e-13  
 1934  0.00042109724  1.566633e-05  -8.1850606e-06  5.4204648e-14  5.0499332e-13  
 1935  0.00041913629  1.5706238e-05  -8.2674952e-06  5.4197834e-14  5.0827424e-13  
 1936  0.00041719196  1.57455e-05  -8.3543183e-06  5.419101e-14  5.1154902e-13  
 1937  0.00041526433  1.5784095e-05  -8.4454334e-06  5.4185848e-14  5.1481672e-13  
 1938  0.0004133535  1.5822005e-05  -8.5407437e-06  5.4179001e-14  5.180764e-13  
 1939  0.00041145956  1.5859212e-05  -8.6401529e-06  5.4172142e-14  5.213271e-13  
 1940  0.0004095826  1.5895695e-05  -8.7435643e-06  5.4165273e-14  5.2456788e-13  
 1941  0.00040772273  1.5931437e-05  -8.8508813e-06  5.4158393e-14  5.2779779e-13  
 1942  0.00040588002  1.5966419e-05  -8.9620074e-06  5.4151503e-14  5.3101587e-13  
 1943  0.00040405458  1.600062e-05  -9.0768461e-06  5.4144602e-14  5.3422116e-13  
 1944  0.00040224649  1.6034024e-05  -9.1953007e-06  5.413769e-14  5.3741272e-13  
 1945  0.00040045586  1.606661e-05  -9.3172747e-06  5.4130768e-14  5.4058957e-13  
 1946  0.00039868276  1.6098359e-05  -9.4426715e-06  5.4123835e-14  5.4375077e-13  
 1947  0.0003969273  1.6129254e-05  -9.5713946e-06  5.4116892e-14  5.4689534e-13  
 1948  0.00039518956  1.6159274e-05  -9.7033474e-06  5.4108283e-14  5.5002232e-13  
 1949  0.00039346964  1.6188401e-05  -9.8384333e-06  5.410132e-14  5.5313075e-13  
 1950  0.00039176764  1.6216617e-05  -9.9765557e-06  5.4094347e-14  5.5621965e-13  
 1951  0.00039008364  1.6243901e-05  -1.0117618e-05  5.4087363e-14  5.5928807e-13  
 1952  0.00038841773  1.6270236e-05  -1.0261524e-05  5.4078721e-14  5.6233501e-13  
 1953  0.00038677002  1.6295602e-05  -1.0408177e-05  5.4071718e-14  5.6535951e-13  
 1954  0.00038514059  1.631998e-05  -1.055748e-05  5.406306e-14  5.683606e-13  
 1955  0.00038352953  1.6343352e-05  -1.0709337e-05  5.4056038e-14  5.7133729e-13  
 1956  0.00038193694  1.6365698e-05  -1.0863651e-05  5.4049005e-14  5.7428861e-13  
 1957  0.00038036292  1.6387001e-05  -1.1020325e-05  5.4040322e-14  5.7721356e-13  
 1958  0.00037880754  1.6407239e-05  -1.1179264e-05  5.4033271e-14  5.8011118e-13  
 1959  0.00037727092  1.6426396e-05  -1.134037e-05  5.4024572e-14  5.8298047e-13  
 1960  0.00037575313  1.6444451e-05  -1.1503547e-05  5.4017501e-14  5.8582044e-13  
 1961  0.00037425427  1.6461387e-05  -1.1668698e-05  5.4008787e-14  5.8863011e-13  
 1962  0.00037277444  1.6477184e-05  -1.1835727e-05  5.4000066e-14  5.9140848e-13  
 1963  0.00037131372  1.6491822e-05  -1.2004538e-05  5.3992967e-14  5.9415455e-13  
 1964  0.00036987221  1.6505284e-05  -1.2175033e-05  5.398423e-14  5.9686735e-13  
 1965  0.00036845001  1.6517551e-05  -1.2347116e-05  5.3977113e-14  5.9954586e-13  
 1966  0.0003670472  1.6528602e-05  -1.252069e-05  5.396836e-14  6.0218908e-13  
 1967  0.00036566388  1.653842e-05  -1.269566e-05  5.39596e-14  6.0479602e-13  
 1968  0.00036430013  1.6546986e-05  -1.2871927e-05  5.3950833e-14  6.0736568e-13  
 1969  0.00036295606  1.6554281e-05  -1.3049397e-05  5.3943679e-14  6.0989704e-13  
 1970  0.00036163172  1.6560288e-05  -1.3227974e-05  5.3934896e-14  6.1238933e-13  
 1971  0.000360327  1.6565009e-05  -1.3407569e-05  5.3926107e-14  6.1484267e-13  
 1972  0.00035904175  1.6568446e-05  -1.3588097e-05  5.3918925e-14  6.1725741e-13  
 1973  0.00035777583  1.6570601e-05  -1.376947e-05  5.391012e-14  6.196339e-13  
 1974  0.00035652909  1.6571478e-05  -1.3951603e-05  5.3901308e-14  6.2197249e-13  
 1975  0.00035530138  1.6571081e-05  -1.4134408e-05  5.3892489e-14  6.2427354e-13  
 1976  0.00035409257  1.6569411e-05  -1.43178e-05  5.3883664e-14  6.265374e-13  
 1977  0.00035290249  1.6566473e-05  -1.4501691e-05  5.3876439e-14  6.2876443e-13  
 1978  0.00035173102  1.6562269e-05  -1.4685996e-05  5.3867598e-14  6.3095498e-13  
 1979  0.000350578  1.6556802e-05  -1.4870628e-05  5.3858752e-14  6.331094e-13  
 1980  0.00034944329  1.6550075e-05  -1.5055499e-05  5.3849898e-14  6.3522806e-13  
 1981  0.00034832673  1.6542092e-05  -1.5240525e-05  5.3841038e-14  6.373113e-13  
 1982  0.00034722819  1.6532856e-05  -1.5425618e-05  5.3833771e-14  6.393595e-13  
 1983  0.00034614752  1.6522368e-05  -1.5610692e-05  5.3824897e-14  6.4137301e-13  
 1984  0.00034508456  1.6510634e-05  -1.5795659e-05  5.3816016e-14  6.4335219e-13  
 1985  0.00034403919  1.6497654e-05  -1.5980435e-05  5.380713e-14  6.452974e-13  
 1986  0.00034301124  1.6483434e-05  -1.6164932e-05  5.3798237e-14  6.47209e-13  
 1987  0.00034200058  1.6467975e-05  -1.6349064e-05  5.3790928e-14  6.4908736e-13  
 1988  0.00034100706  1.6451281e-05  -1.6532744e-05  5.3782021e-14  6.5093284e-13  
 1989  0.00034003053  1.6433355e-05  -1.6715886e-05  5.3773109e-14  6.527458e-13  
 1990  0.00033907084  1.64142e-05  -1.6898404e-05  5.376419e-14  6.5452662e-13  
 1991  0.00033812786  1.6393818e-05  -1.708021e-05  5.3756849e-14  6.5627565e-13  
 1992  0.00033720143  1.6372214e-05  -1.7261218e-05  5.3747917e-14  6.5799326e-13  
 1993  0.00033629141  1.634939e-05  -1.7441343e-05  5.3738979e-14  6.5967983e-13  
 1994  0.00033539765  1.6325349e-05  -1.7620496e-05  5.3730035e-14  6.6133572e-13  
 1995  0.00033452  1.6300094e-05  -1.7798593e-05  5.3722663e-14  6.6296129e-13  
 1996  0.00033365833  1.6273628e-05  -1.7975545e-05  5.3713706e-14  6.6455693e-13  
 1997  0.00033281248  1.6245955e-05  -1.8151268e-05  5.3704743e-14  6.66123e-13  
 1998  0.00033198231  1.6217076e-05  -1.8325674e-05  5.3697348e-14  6.6765987e-13  
 1999  0.00033116767  1.6186997e-05  -1.8498677e-05  5.3688373e-14  6.6916792e-13  
 2000  0.00033036842  1.6155718e-05  -1.867019e-05  5.3679392e-14  6.7064752e-13  
 2001  0.00032958441  1.6123245e-05  -1.8840127e-05  5.3671974e-14  6.7209905e-13  
 2002  0.00032881549  1.6089578e-05  -1.9008401e-05  5.366298e-14  6.7352287e-13  
 2003  0.00032806152  1.6054723e-05  -1.9174927e-05  5.3655546e-14  6.7491938e-13  
 2004  0.00032732236  1.6018681e-05  -1.9339616e-05  5.3646541e-14  6.7628893e-13  
 2005  0.00032659785  1.5981456e-05  -1.9502384e-05  5.3639092e-14  6.7763192e-13  
 2006  0.00032588785  1.594305e-05  -1.9663142e-05  5.3630073e-14  6.7894872e-13  
 2007  0.00032519222  1.5903468e-05  -1.9821806e-05  5.3622609e-14  6.8023972e-13  
 2008  0.0003245108  1.5862711e-05  -1.9978288e-05  5.3613579e-14  6.8150528e-13  
 2009  0.00032384344  1.5820786e-05  -2.013251e-05  5.36061e-14  6.8274565e-13  
 2010  0.00032318989  1.5777708e-05  -2.0284428e-05  5.3598612e-14  6.8396051e-13  
 2011  0.00032254991  1.5733494e-05  -2.0434005e-05  5.3589564e-14  6.8514939e-13  
 2012  0.00032192322  1.5688164e-05  -2.0581204e-05  5.3582062e-14  6.8631181e-13  
 2013  0.00032130957  1.5641734e-05  -2.0725989e-05  5.3574551e-14  6.8744732e-13  
 2014  0.00032070871  1.5594223e-05  -2.0868324e-05  5.3567032e-14  6.8855542e-13  
 2015  0.00032012037  1.5545648e-05  -2.1008172e-05  5.3559506e-14  6.8963567e-13  
 2016  0.00031954431  1.5496029e-05  -2.1145497e-05  5.3551971e-14  6.9068757e-13  
 2017  0.00031898025  1.5445381e-05  -2.1280262e-05  5.3544428e-14  6.9171067e-13  
 2018  0.00031842795  1.5393724e-05  -2.1412431e-05  5.3536878e-14  6.9270448e-13  
 2019  0.00031788715  1.5341076e-05  -2.1541967e-05  5.3529319e-14  6.9366853e-13  
 2020  0.00031735758  1.5287454e-05  -2.1668834e-05  5.3521752e-14  6.9460234e-13  
 2021  0.000316839  1.5232876e-05  -2.1792996e-05  5.3514178e-14  6.9550544e-13  
 2022  0.00031633114  1.5177361e-05  -2.1914415e-05  5.3508131e-14  6.9637735e-13  
 2023  0.00031583374  1.5120926e-05  -2.2033056e-05  5.3500539e-14  6.9721759e-13  
 2024  0.00031534655  1.5063589e-05  -2.2148882e-05  5.3492939e-14  6.9802569e-13  
 2025  0.00031486932  1.5005368e-05  -2.2261857e-05  5.3486863e-14  6.9880115e-13  
 2026  0.00031440178  1.4946281e-05  -2.2371944e-05  5.3479246e-14  6.995435e-13  
 2027  0.00031394367  1.4886347e-05  -2.2479106e-05  5.347315e-14  7.0025226e-13  
 2028  0.00031349474  1.4825582e-05  -2.2583308e-05  5.3467043e-14  7.0092695e-13  
 2029  0.00031305473  1.4764005e-05  -2.2684513e-05  5.3460925e-14  7.0156708e-13  
 2030  0.00031262338  1.4701634e-05  -2.2782684e-05  5.3453273e-14  7.0217216e-13  
 2031  0.00031220044  1.4638487e-05  -2.2877785e-05  5.3447135e-14  7.0274172e-13  
 2032  0.00031178565  1.4574581e-05  -2.2969779e-05  5.3440987e-14  7.0327526e-13  
 2033  0.00031137874  1.4509936e-05  -2.305863e-05  5.3434828e-14  7.037723e-13  
 2034  0.00031097947  1.4444568e-05  -2.3144302e-05  5.3430177e-14  7.0423235e-13  
 2035  0.00031058757  1.4378495e-05  -2.3226758e-05  5.3423995e-14  7.0465492e-13  
 2036  0.00031020279  1.4311736e-05  -2.3305962e-05  5.3417803e-14  7.0503953e-13  
 2037  0.00030982486  1.4244309e-05  -2.3381877e-05  5.3413114e-14  7.0538568e-13  
 2038  0.00030945354  1.4176231e-05  -2.3454466e-05  5.3406899e-14  7.0569287e-13  
 2039  0.00030908856  1.4107521e-05  -2.3523694e-05  5.3402184e-14  7.0596063e-13  
 2040  0.00030872967  1.4038195e-05  -2.3589524e-05  5.3397456e-14  7.0618845e-13  
 2041  0.00030837661  1.3968274e-05  -2.3651919e-05  5.3392715e-14  7.0637584e-13  
 2042  0.00030802912  1.3897773e-05  -2.3710843e-05  5.338796e-14  7.0652231e-13  
 2043  0.00030768694  1.3826711e-05  -2.3766259e-05  5.3383192e-14  7.0662736e-13  
 2044  0.00030734982  1.3755107e-05  -2.3818131e-05  5.337841e-14  7.0669049e-13  
 2045  0.00030701749  1.3682978e-05  -2.3866423e-05  5.3373615e-14  7.0671121e-13  
 2046  0.00030668971  1.3610342e-05  -2.3911098e-05  5.3368807e-14  7.0668903e-13  
 2047  0.00030636621  1.3537217e-05  -2.395212e-05  5.3365485e-14  7.0662343e-13  
 2048  0.00030604674  1.3463621e-05  -2.3989461e-05  5.3362146e-14  7.0651409e-13  
 2049  0.00030573107  1.3389574e-05  -2.4023131e-05  5.3357295e-14  7.063614e-13  
 2050  0.000305419  1.3315097e-05  -2.405315e-05  5.3353926e-14  7.061659e-13  
 2051  0.0003051103  1.324021e-05  -2.4079536e-05  5.3350541e-14  7.0592815e-13  
 2052  0.00030480474  1.3164933e-05  -2.4102308e-05  5.3347139e-14  7.0564869e-13  
 2053  0.00030450213  1.3089287e-05  -2.4121485e-05  5.3343722e-14  7.053281e-13  
 2054  0.00030420222  1.3013293e-05  -2.4137087e-05  5.3341778e-14  7.0496692e-13  
 2055  0.00030390482  1.2936969e-05  -2.4149132e-05  5.3338327e-14  7.0456571e-13  
 2056  0.00030360969  1.2860337e-05  -2.4157639e-05  5.3336347e-14  7.0412503e-13  
 2057  0.00030331662  1.2783418e-05  -2.4162628e-05  5.3332864e-14  7.0364544e-13  
 2058  0.0003030254  1.2706231e-05  -2.4164117e-05  5.3330847e-14  7.0312751e-13  
 2059  0.0003027358  1.2628796e-05  -2.4162125e-05  5.3328813e-14  7.0257179e-13  
 2060  0.0003024476  1.2551135e-05  -2.4156672e-05  5.332676e-14  7.0197885e-13  
 2061  0.00030216059  1.2473267e-05  -2.4147776e-05  5.3326167e-14  7.0134925e-13  
 2062  0.00030187455  1.2395214e-05  -2.4135456e-05  5.3324076e-14  7.0068357e-13  
 2063  0.00030158926  1.2316994e-05  -2.4119732e-05  5.3321966e-14  6.9998237e-13  
 2064  0.0003013045  1.2238629e-05  -2.4100622e-05  5.3321313e-14  6.9924622e-13  
 2065  0.00030102006  1.2160139e-05  -2.4078146e-05  5.3320638e-14  6.9847568e-13  
 2066  0.00030073571  1.2081545e-05  -2.4052323e-05  5.3319943e-14  6.9767133e-13  
 2067  0.00030045124  1.2002866e-05  -2.402317e-05  5.3319226e-14  6.9683375e-13  
 2068  0.00030016643  1.1924123e-05  -2.3990709e-05  5.3318489e-14  6.959635e-13  
 2069  0.00029988106  1.1845336e-05  -2.3954957e-05  5.331773e-14  6.9506116e-13  
 2070  0.00029959491  1.1766526e-05  -2.3915933e-05  5.3316952e-14  6.9412731e-13  
 2071  0.00029930776  1.1687714e-05  -2.3873657e-05  5.3317616e-14  6.9316252e-13  
 2072  0.0002990194  1.1608918e-05  -2.3828147e-05  5.3318257e-14  6.9216737e-13  
 2073  0.0002987296  1.1530161e-05  -2.3779424e-05  5.3317413e-14  6.9114245e-13  
 2074  0.00029843816  1.1451461e-05  -2.3727504e-05  5.3318009e-14  6.9008833e-13  
 2075  0.00029814485  1.137284e-05  -2.3672409e-05  5.3318581e-14  6.8900559e-13  
 2076  0.00029784944  1.1294318e-05  -2.3614156e-05  5.3320587e-14  6.8789482e-13  
 2077  0.00029755174  1.1215915e-05  -2.3552764e-05  5.3321112e-14  6.8675661e-13  
 2078  0.0002972515  1.1137652e-05  -2.3488253e-05  5.3321613e-14  6.8559153e-13  
 2079  0.00029694853  1.1059548e-05  -2.3420642e-05  5.3323544e-14  6.8440018e-13  
 2080  0.00029664259  1.0981625e-05  -2.334995e-05  5.3325449e-14  6.8318314e-13  
 2081  0.00029633347  1.0903902e-05  -2.3276196e-05  5.3327329e-14  6.81941e-13  
 2082  0.00029602096  1.0826401e-05  -2.3199398e-05  5.3329183e-14  6.8067436e-13  
 2083  0.00029570483  1.074914e-05  -2.3119576e-05  5.3331011e-14  6.793838e-13  
 2084  0.00029538487  1.0672142e-05  -2.3036748e-05  5.3332813e-14  6.7806991e-13  
 2085  0.00029506085  1.0595425e-05  -2.2950935e-05  5.3336035e-14  6.767333e-13  
 2086  0.00029473256  1.0519011e-05  -2.2862154e-05  5.3339228e-14  6.7537456e-13  
 2087  0.00029439981  1.0442918e-05  -2.277043e-05  5.3340951e-14  6.7399416e-13  
 2088  0.00029406248  1.036716e-05  -2.267581e-05  5.3344089e-14  6.7259214e-13  
 2089  0.00029372049  1.029175e-05  -2.2578346e-05  5.33472e-14  6.711684e-13  
 2090  0.00029337377  1.0216699e-05  -2.2478088e-05  5.335172e-14  6.6972287e-13  
 2091  0.00029302221  1.014202e-05  -2.2375089e-05  5.3354773e-14  6.6825544e-13  
 2092  0.00029266575  1.0067725e-05  -2.2269401e-05  5.3359233e-14  6.6676604e-13  
 2093  0.0002923043  9.9938259e-06  -2.2161075e-05  5.3362229e-14  6.6525456e-13  
 2094  0.00029193776  9.9203359e-06  -2.2050163e-05  5.336663e-14  6.6372094e-13  
 2095  0.00029156607  9.8472667e-06  -2.1936717e-05  5.3371e-14  6.6216506e-13  
 2096  0.00029118913  9.7746307e-06  -2.1820788e-05  5.337534e-14  6.6058686e-13  
 2097  0.00029080686  9.7024402e-06  -2.1702429e-05  5.3381079e-14  6.5898623e-13  
 2098  0.00029041918  9.6307073e-06  -2.158169e-05  5.3385357e-14  6.5736309e-13  
 2099  0.000290026  9.5594445e-06  -2.1458625e-05  5.3391031e-14  6.5571734e-13  
 2100  0.00028962723  9.4886639e-06  -2.1333284e-05  5.3395249e-14  6.5404891e-13  
 2101  0.00028922281  9.4183778e-06  -2.1205719e-05  5.3400859e-14  6.523577e-13  
 2102  0.00028881263  9.3485985e-06  -2.1075982e-05  5.3406437e-14  6.5064361e-13  
 2103  0.00028839662  9.2793383e-06  -2.0944125e-05  5.3413402e-14  6.4890657e-13  
 2104  0.00028797469  9.2106094e-06  -2.0810199e-05  5.3418914e-14  6.4714648e-13  
 2105  0.00028754676  9.1424241e-06  -2.0674257e-05  5.3425811e-14  6.4536325e-13  
 2106  0.00028711274  9.0747947e-06  -2.053635e-05  5.3431257e-14  6.4355678e-13  
 2107  0.00028667255  9.0077334e-06  -2.0396529e-05  5.3438086e-14  6.41727e-13  
 2108  0.00028622611  8.9412525e-06  -2.0254847e-05  5.344488e-14  6.3987381e-13  
 2109  0.00028577334  8.8753643e-06  -2.0111355e-05  5.345164e-14  6.3799712e-13  
 2110  0.00028531414  8.8100811e-06  -1.9966105e-05  5.3459776e-14  6.3609683e-13  
 2111  0.00028484843  8.7454151e-06  -1.9819149e-05  5.3466465e-14  6.3417287e-13  
 2112  0.00028437613  8.6813786e-06  -1.9670538e-05  5.3474528e-14  6.3222513e-13  
 2113  0.00028389716  8.6179838e-06  -1.9520325e-05  5.3482555e-14  6.3025353e-13  
 2114  0.00028341144  8.5552431e-06  -1.936856e-05  5.3490544e-14  6.2825797e-13  
 2115  0.00028291887  8.4931687e-06  -1.9215297e-05  5.3498497e-14  6.2623837e-13  
 2116  0.00028241937  8.4317728e-06  -1.9060585e-05  5.3506414e-14  6.2419463e-13  
 2117  0.00028191287  8.3710678e-06  -1.8904478e-05  5.3514293e-14  6.2212666e-13  
 2118  0.00028139927  8.3110659e-06  -1.8747027e-05  5.3523537e-14  6.2003437e-13  
 2119  0.00028087849  8.2517794e-06  -1.8588283e-05  5.3531343e-14  6.1791768e-13  
 2120  0.00028035045  8.1932205e-06  -1.8428299e-05  5.3540509e-14  6.1577647e-13  
 2121  0.00027981506  8.1354016e-06  -1.8267127e-05  5.3549638e-14  6.1361068e-13  
 2122  0.00027927225  8.0783349e-06  -1.8104817e-05  5.3558727e-14  6.1142019e-13  
 2123  0.00027872192  8.0220326e-06  -1.7941421e-05  5.3569171e-14  6.0920493e-13  
 2124  0.00027816399  7.966507e-06  -1.7776993e-05  5.3578182e-14  6.069648e-13  
 2125  0.00027759838  7.9117705e-06  -1.7611582e-05  5.3588546e-14  6.046997e-13  
 2126  0.00027702503  7.8578332e-06  -1.7445241e-05  5.3597479e-14  6.0240966e-13  
 2127  0.00027644396  7.8046974e-06  -1.7278022e-05  5.3607762e-14  6.0009517e-13  
 2128  0.00027585525  7.7523633e-06  -1.7109976e-05  5.3618004e-14  5.9775682e-13  
 2129  0.00027525893  7.7008312e-06  -1.6941155e-05  5.3628205e-14  5.9539522e-13  
 2130  0.00027465507  7.6501011e-06  -1.677161e-05  5.3638367e-14  5.9301097e-13  
 2131  0.00027404372  7.6001734e-06  -1.6601393e-05  5.364987e-14  5.9060468e-13  
 2132  0.00027342494  7.5510482e-06  -1.6430556e-05  5.3659949e-14  5.8817695e-13  
 2133  0.00027279879  7.5027258e-06  -1.6259151e-05  5.3671368e-14  5.8572838e-13  
 2134  0.00027216532  7.4552064e-06  -1.6087228e-05  5.3682745e-14  5.832596e-13  
 2135  0.00027152458  7.4084901e-06  -1.591484e-05  5.3694079e-14  5.807712e-13  
 2136  0.00027087663  7.3625773e-06  -1.5742037e-05  5.370537e-14  5.7826379e-13  
 2137  0.00027022153  7.3174681e-06  -1.5568873e-05  5.3716619e-14  5.75738e-13  
 2138  0.00026955934  7.2731627e-06  -1.5395398e-05  5.3727825e-14  5.7319442e-13  
 2139  0.0002688901  7.2296613e-06  -1.5221664e-05  5.3740362e-14  5.7063368e-13  
 2140  0.00026821388  7.1869643e-06  -1.5047723e-05  5.3752855e-14  5.6805639e-13  
 2141  0.00026753073  7.1450716e-06  -1.4873627e-05  5.3763932e-14  5.6546317e-13  
 2142  0.0002668407  7.1039837e-06  -1.4699426e-05  5.3776337e-14  5.6285463e-13  
 2143  0.00026614386  7.0637006e-06  -1.4525172e-05  5.3788697e-14  5.602314e-13  
 2144  0.00026544026  7.0242227e-06  -1.4350918e-05  5.3801013e-14  5.5759409e-13  
 2145  0.00026472995  6.9855501e-06  -1.4176715e-05  5.381465e-14  5.5494333e-13  
 2146  0.00026401299  6.947683e-06  -1.4002614e-05  5.3826877e-14  5.5227973e-13  
 2147  0.00026328943  6.9106216e-06  -1.3828667e-05  5.3840422e-14  5.4960392e-13  
 2148  0.00026255934  6.8743662e-06  -1.3654926e-05  5.3852559e-14  5.4691653e-13  
 2149  0.00026182276  6.838917e-06  -1.3481442e-05  5.3866013e-14  5.4421818e-13  
 2150  0.00026107976  6.8042742e-06  -1.3308267e-05  5.387942e-14  5.415095e-13  
 2151  0.00026033038  6.7704379e-06  -1.3135453e-05  5.3892782e-14  5.3879112e-13  
 2152  0.00025957469  6.7374085e-06  -1.296305e-05  5.3906097e-14  5.3606367e-13  
 2153  0.00025881274  6.7051861e-06  -1.2791112e-05  5.3920722e-14  5.3332777e-13  
 2154  0.00025804458  6.6737709e-06  -1.2619689e-05  5.3933944e-14  5.3058406e-13  
 2155  0.00025727028  6.6431632e-06  -1.2448833e-05  5.3948474e-14  5.2783318e-13  
 2156  0.00025648988  6.6133632e-06  -1.2278596e-05  5.3961604e-14  5.2507575e-13  
 2157  0.00025570345  6.584371e-06  -1.2109029e-05  5.3976038e-14  5.2231241e-13  
 2158  0.00025491104  6.5561869e-06  -1.1940184e-05  5.3990425e-14  5.1954381e-13  
 2159  0.0002541127  6.5288111e-06  -1.1772113e-05  5.4004764e-14  5.1677057e-13  
 2160  0.00025330849  6.5022438e-06  -1.1604867e-05  5.4019056e-14  5.1399334e-13  
 2161  0.00025249847  6.4764853e-06  -1.1438497e-05  5.4033299e-14  5.1121275e-13  
 2162  0.00025168269  6.4515357e-06  -1.1273056e-05  5.4048839e-14  5.0842945e-13  
 2163  0.00025086121  6.4273952e-06  -1.1108595e-05  5.4062987e-14  5.0564408e-13  
 2164  0.00025003409  6.4040641e-06  -1.0945166e-05  5.4078429e-14  5.0285729e-13  
 2165  0.00024920138  6.3815411e-06  -1.0782816e-05  5.4092482e-14  5.0006959e-13  
 2166  0.00024836322  6.3598186e-06  -1.0621577e-05  5.4107826e-14  4.9728102e-13  
 2167  0.00024751973  6.3388876e-06  -1.0461474e-05  5.412312e-14  4.9449148e-13  
 2168  0.00024667104  6.318739e-06  -1.0302535e-05  5.4138366e-14  4.9170088e-13  
 2169  0.00024581729  6.2993639e-06  -1.0144788e-05  5.4153562e-14  4.8890911e-13  
 2170  0.00024495861  6.2807532e-06  -9.9882577e-06  5.416871e-14  4.861161e-13  
 2171  0.00024409512  6.2628978e-06  -9.8329726e-06  5.4185141e-14  4.8332173e-13  
 2172  0.00024322696  6.2457887e-06  -9.6789592e-06  5.420019e-14  4.8052593e-13  
 2173  0.00024235426  6.2294169e-06  -9.5262443e-06  5.421519e-14  4.7772858e-13  
 2174  0.00024147716  6.2137734e-06  -9.3748548e-06  5.423147e-14  4.7492961e-13  
 2175  0.00024059578  6.198849e-06  -9.2248177e-06  5.42477e-14  4.721289e-13  
 2176  0.00023971025  6.1846348e-06  -9.0761598e-06  5.4262552e-14  4.6932636e-13  
 2177  0.00023882071  6.1711218e-06  -8.9289082e-06  5.4278681e-14  4.6652191e-13  
 2178  0.00023792729  6.1583008e-06  -8.7830896e-06  5.429476e-14  4.6371544e-13  
 2179  0.00023703011  6.1461628e-06  -8.6387309e-06  5.4310789e-14  4.6090685e-13  
 2180  0.00023612932  6.1346989e-06  -8.4958592e-06  5.4326767e-14  4.5809605e-13  
 2181  0.00023522504  6.1239e-06  -8.3545012e-06  5.4342696e-14  4.5528295e-13  
 2182  0.0002343174  6.1137569e-06  -8.2146839e-06  5.4358574e-14  4.5246744e-13  
 2183  0.00023340653  6.1042608e-06  -8.0764342e-06  5.437572e-14  4.4964943e-13  
 2184  0.00023249257  6.0954025e-06  -7.939779e-06  5.4391498e-14  4.4682882e-13  
 2185  0.00023157565  6.087173e-06  -7.8047452e-06  5.4408541e-14  4.4400552e-13  
 2186  0.0002306559  6.0795634e-06  -7.6713597e-06  5.4424219e-14  4.4117942e-13  
 2187  0.00022973344  6.0725644e-06  -7.5396494e-06  5.4441159e-14  4.3835043e-13  
 2188  0.00022880842  6.0661672e-06  -7.4096412e-06  5.4456737e-14  4.3551845e-13  
 2189  0.00022788096  6.0603626e-06  -7.2813621e-06  5.4473575e-14  4.3268338e-13  
 2190  0.0002269512  6.0551417e-06  -7.1548388e-06  5.4490363e-14  4.2984513e-13  
 2191  0.00022601926  6.0504953e-06  -7.0300984e-06  5.4507099e-14  4.2700359e-13  
 2192  0.00022508527  6.0464145e-06  -6.9071677e-06  5.4522476e-14  4.2415867e-13  
 2193  0.00022414938  6.0428903e-06  -6.7860736e-06  5.4539111e-14  4.2131027e-13  
 2194  0.0002232117  6.0399134e-06  -6.6668431e-06  5.4555695e-14  4.1845828e-13  
 2195  0.00022227238  6.0374751e-06  -6.549503e-06  5.4572228e-14  4.1560262e-13  
 2196  0.00022133153  6.0355661e-06  -6.4340803e-06  5.4590013e-14  4.1274317e-13  
 2197  0.00022038931  6.0341775e-06  -6.3206018e-06  5.4606444e-14  4.0987984e-13  
 2198  0.00021944582  6.0333002e-06  -6.2090944e-06  5.4622824e-14  4.0701254e-13  
 2199  0.00021850121  6.0329252e-06  -6.0995851e-06  5.4639153e-14  4.0414115e-13  
 2200  0.00021755561  6.0330435e-06  -5.9921008e-06  5.465673e-14  4.0126559e-13  
 2201  0.00021660915  6.0336459e-06  -5.8866683e-06  5.4672958e-14  3.9838575e-13  
 2202  0.00021566196  6.0347235e-06  -5.7833146e-06  5.4689136e-14  3.9550152e-13  
 2203  0.00021471418  6.0362673e-06  -5.6820666e-06  5.4706558e-14  3.9261282e-13  
 2204  0.00021376592  6.0382677e-06  -5.582946e-06  5.4722635e-14  3.8971964e-13  
 2205  0.00021281732  6.0407134e-06  -5.4859535e-06  5.4739954e-14  3.8682248e-13  
 2206  0.0002118685  6.0435927e-06  -5.3910849e-06  5.4755931e-14  3.8392191e-13  
 2207  0.00021091958  6.0468938e-06  -5.2983357e-06  5.4773147e-14  3.8101854e-13  
 2208  0.00020997069  6.0506049e-06  -5.2077016e-06  5.4790312e-14  3.7811295e-13  
 2209  0.00020902194  6.0547142e-06  -5.1191782e-06  5.4806138e-14  3.7520574e-13  
 2210  0.00020807347  6.05921e-06  -5.0327612e-06  5.4823201e-14  3.722975e-13  
 2211  0.00020712539  6.0640805e-06  -4.9484461e-06  5.4840213e-14  3.6938884e-13  
 2212  0.00020617783  6.069314e-06  -4.8662286e-06  5.4855889e-14  3.6648034e-13  
 2213  0.00020523091  6.0748986e-06  -4.7861043e-06  5.48728e-14  3.6357261e-13  
 2214  0.00020428475  6.0808226e-06  -4.7080688e-06  5.4889659e-14  3.6066625e-13  
 2215  0.00020333948  6.0870743e-06  -4.6321179e-06  5.4906467e-14  3.5776185e-13  
 2216  0.00020239522  6.0936417e-06  -4.558247e-06  5.4923225e-14  3.5486002e-13  
 2217  0.00020145209  6.1005133e-06  -4.4864518e-06  5.4939932e-14  3.5196137e-13  
 2218  0.00020051022  6.1076772e-06  -4.4167279e-06  5.4956588e-14  3.4906649e-13  
 2219  0.00019956973  6.1151217e-06  -4.349071e-06  5.4971918e-14  3.4617599e-13  
 2220  0.00019863074  6.1228349e-06  -4.2834768e-06  5.4988475e-14  3.4329048e-13  
 2221  0.00019769337  6.1308051e-06  -4.2199407e-06  5.5004981e-14  3.4041056e-13  
 2222  0.00019675775  6.1390206e-06  -4.1584585e-06  5.5021438e-14  3.3753685e-13  
 2223  0.00019582401  6.1474695e-06  -4.0990257e-06  5.5037844e-14  3.3466995e-13  
 2224  0.00019489225  6.1561401e-06  -4.0416381e-06  5.50542e-14  3.3181047e-13  
 2225  0.00019396262  6.1650207e-06  -3.9862911e-06  5.5070507e-14  3.2895903e-13  
 2226  0.00019303522  6.1740994e-06  -3.9329806e-06  5.5086764e-14  3.2611623e-13  
 2227  0.00019211019  6.1833645e-06  -3.881702e-06  5.5102971e-14  3.2328269e-13  
 2228  0.00019118764  6.1928042e-06  -3.832451e-06  5.5119129e-14  3.2045903e-13  
 2229  0.0001902677  6.2024068e-06  -3.7852232e-06  5.5135237e-14  3.1764586e-13  
 2230  0.0001893505  6.2121604e-06  -3.7400143e-06  5.5151296e-14  3.1484379e-13  
 2231  0.00018843615  6.2220534e-06  -3.6968198e-06  5.5167306e-14  3.1205345e-13  
 2232  0.00018752478  6.2320739e-06  -3.6556355e-06  5.5183267e-14  3.0927546e-13  
 2233  0.0001866165  6.2422101e-06  -3.6164569e-06  5.5199179e-14  3.0651043e-13  
 2234  0.00018571146  6.2524504e-06  -3.5792796e-06  5.5215042e-14  3.0375899e-13  
 2235  0.00018480976  6.2627828e-06  -3.5440994e-06  5.5230857e-14  3.0102175e-13  
 2236  0.00018391153  6.2731958e-06  -3.5109117e-06  5.5246622e-14  2.9829935e-13  
 2237  0.0001830169  6.2836774e-06  -3.4797123e-06  5.526234e-14  2.955924e-13  
 2238  0.00018212598  6.2942159e-06  -3.4504968e-06  5.5278008e-14  2.9290154e-13  
 2239  0.0001812389  6.3047996e-06  -3.4232607e-06  5.5293629e-14  2.9022738e-13  
 2240  0.00018035578  6.3154167e-06  -3.3979997e-06  5.5309201e-14  2.8757056e-13  
 2241  0.00017947675  6.3260553e-06  -3.3747095e-06  5.5323474e-14  2.849317e-13  
 2242  0.00017860193  6.3367039e-06  -3.3533857e-06  5.5338952e-14  2.8231144e-13  
 2243  0.00017773143  6.347351e-06  -3.3340203e-06  5.5354381e-14  2.7971025e-13  
 2244  0.00017686532  6.357988e-06  -3.3165912e-06  5.5369762e-14  2.7712806e-13  
 2245  0.00017600366  6.3686064e-06  -3.3010729e-06  5.5385096e-14  2.7456461e-13  
 2246  0.0001751465  6.379198e-06  -3.2874395e-06  5.5399137e-14  2.7201968e-13  
 2247  0.0001742939  6.3897546e-06  -3.2756656e-06  5.5414376e-14  2.6949302e-13  
 2248  0.00017344592  6.4002678e-06  -3.2657254e-06  5.5429568e-14  2.6698439e-13  
 2249  0.00017260262  6.4107294e-06  -3.2575934e-06  5.5443471e-14  2.6449356e-13  
 2250  0.00017176406  6.421131e-06  -3.2512437e-06  5.545857e-14  2.6202029e-13  
 2251  0.00017093029  6.4314644e-06  -3.2466509e-06  5.5473622e-14  2.5956433e-13  
 2252  0.00017010137  6.4417213e-06  -3.2437892e-06  5.5487388e-14  2.5712544e-13  
 2253  0.00016927736  6.4518934e-06  -3.2426331e-06  5.5502347e-14  2.5470339e-13  
 2254  0.00016845831  6.4619724e-06  -3.2431567e-06  5.5516023e-14  2.5229793e-13  
 2255  0.00016764429  6.47195e-06  -3.2453346e-06  5.5530889e-14  2.4990881e-13  
 2256  0.00016683534  6.481818e-06  -3.2491411e-06  5.5544475e-14  2.4753581e-13  
 2257  0.00016603154  6.4915681e-06  -3.2545504e-06  5.5558016e-14  2.4517866e-13  
 2258  0.00016523294  6.5011919e-06  -3.2615371e-06  5.5572745e-14  2.4283714e-13  
 2259  0.00016443958  6.5106812e-06  -3.2700753e-06  5.5586197e-14  2.4051099e-13  
 2260  0.00016365154  6.5200277e-06  -3.2801395e-06  5.5599605e-14  2.3819996e-13  
 2261  0.00016286887  6.5292231e-06  -3.291704e-06  5.5614198e-14  2.3590383e-13  
 2262  0.00016209163  6.5382592e-06  -3.3047431e-06  5.5627517e-14  2.3362233e-13  
 2263  0.00016131987  6.5471276e-06  -3.3192313e-06  5.5640793e-14  2.3135523e-13  
 2264  0.00016055365  6.55582e-06  -3.3351429e-06  5.5654024e-14  2.2910227e-13  
 2265  0.00015979304  6.5643283e-06  -3.3524521e-06  5.5667213e-14  2.2686322e-13  
 2266  0.00015903808  6.572644e-06  -3.3711335e-06  5.5680357e-14  2.2463781e-13  
 2267  0.00015828883  6.5807589e-06  -3.3911612e-06  5.5693459e-14  2.2242581e-13  
 2268  0.00015754536  6.5886647e-06  -3.4125098e-06  5.5706517e-14  2.2022697e-13  
 2269  0.00015680773  6.5963531e-06  -3.4351534e-06  5.5719531e-14  2.1804103e-13  
 2270  0.00015607597  6.6038159e-06  -3.4590665e-06  5.5732503e-14  2.1586775e-13  
 2271  0.00015535017  6.6110447e-06  -3.4842235e-06  5.5745432e-14  2.1370688e-13  
 2272  0.00015463037  6.6180313e-06  -3.5105986e-06  5.5758318e-14  2.1155816e-13  
 2273  0.00015391663  6.6247674e-06  -3.5381663e-06  5.5769945e-14  2.0942136e-13  
 2274  0.00015320901  6.6312446e-06  -3.5669008e-06  5.5782746e-14  2.072962e-13  
 2275  0.00015250756  6.6374548e-06  -3.5967765e-06  5.5795505e-14  2.0518245e-13  
 2276  0.00015181235  6.6433896e-06  -3.6277679e-06  5.5808221e-14  2.0307985e-13  
 2277  0.00015112343  6.6490407e-06  -3.6598492e-06  5.5819683e-14  2.0098815e-13  
 2278  0.00015044086  6.6543999e-06  -3.6929947e-06  5.5832315e-14  1.989071e-13  
 2279  0.0001497647  6.6594588e-06  -3.7271789e-06  5.5844905e-14  1.9683644e-13  
 2280  0.00014909501  6.6642092e-06  -3.7623761e-06  5.5856244e-14  1.9477591e-13  
 2281  0.00014843183  6.6686428e-06  -3.7985606e-06  5.5868751e-14  1.9272527e-13  
 2282  0.00014777522  6.6727523e-06  -3.8357061e-06  5.5880009e-14  1.9068436e-13  
 2283  0.00014712518  6.676535e-06  -3.8737839e-06  5.5892433e-14  1.8865348e-13  
 2284  0.00014648168  6.6799889e-06  -3.9127645e-06  5.5903611e-14  1.8663303e-13  
 2285  0.0001458447  6.6831123e-06  -3.9526184e-06  5.5914749e-14  1.8462341e-13  
 2286  0.00014521423  6.6859034e-06  -3.9933161e-06  5.5927049e-14  1.8262501e-13  
 2287  0.00014459025  6.6883603e-06  -4.0348283e-06  5.5938107e-14  1.8063825e-13  
 2288  0.00014397274  6.6904812e-06  -4.0771254e-06  5.5949126e-14  1.7866352e-13  
 2289  0.00014336169  6.6922644e-06  -4.1201779e-06  5.5960106e-14  1.7670122e-13  
 2290  0.00014275706  6.693708e-06  -4.1639565e-06  5.5972244e-14  1.7475177e-13  
 2291  0.00014215886  6.6948101e-06  -4.2084317e-06  5.5983144e-14  1.7281556e-13  
 2292  0.00014156705  6.6955691e-06  -4.253574e-06  5.5994005e-14  1.70893e-13  
 2293  0.00014098161  6.695983e-06  -4.2993539e-06  5.6004828e-14  1.689845e-13  
 2294  0.00014040254  6.69605e-06  -4.3457421e-06  5.6015612e-14  1.6709047e-13  
 2295  0.00013982982  6.6957685e-06  -4.3927089e-06  5.6026357e-14  1.652113e-13  
 2296  0.00013926341  6.6951364e-06  -4.4402251e-06  5.6037064e-14  1.6334741e-13  
 2297  0.00013870332  6.6941521e-06  -4.4882611e-06  5.6047732e-14  1.6149921e-13  
 2298  0.00013814951  6.6928137e-06  -4.5367875e-06  5.6058362e-14  1.5966711e-13  
 2299  0.00013760197  6.6911194e-06  -4.5857747e-06  5.6068954e-14  1.5785151e-13  
 2300  0.00013706068  6.6890674e-06  -4.6351935e-06  5.607832e-14  1.5605283e-13  
 2301  0.00013652562  6.6866558e-06  -4.6850142e-06  5.6088837e-14  1.5427148e-13  
 2302  0.00013599678  6.683883e-06  -4.7352074e-06  5.6099316e-14  1.5250787e-13  
 2303  0.00013547414  6.680747e-06  -4.7857438e-06  5.6109757e-14  1.5076241e-13  
 2304  0.00013495767  6.677246e-06  -4.8365937e-06  5.6118977e-14  1.4903552e-13  
 2305  0.00013444737  6.6733782e-06  -4.8877279e-06  5.6129343e-14  1.4732761e-13  
 2306  0.0001339432  6.6691419e-06  -4.9391167e-06  5.6139672e-14  1.456391e-13  
 2307  0.00013344516  6.6645352e-06  -4.9907308e-06  5.6148784e-14  1.439704e-13  
 2308  0.00013295322  6.6595563e-06  -5.0425407e-06  5.6159039e-14  1.4232192e-13  
 2309  0.00013246738  6.6542033e-06  -5.0945169e-06  5.6169257e-14  1.4069409e-13  
 2310  0.00013198759  6.6484746e-06  -5.14663e-06  5.6178261e-14  1.3908732e-13  
 2311  0.00013151386  6.6423682e-06  -5.1988506e-06  5.6188405e-14  1.3750203e-13  
 2312  0.00013104617  6.6358823e-06  -5.251149e-06  5.6197338e-14  1.3593864e-13  
 2313  0.00013058448  6.6290152e-06  -5.303496e-06  5.620741e-14  1.3439756e-13  
 2314  0.00013012879  6.621765e-06  -5.3558621e-06  5.6216272e-14  1.3287923e-13  
 2315  0.00012967908  6.6141299e-06  -5.4082177e-06  5.6226271e-14  1.3138405e-13  
 2316  0.00012923532  6.6061081e-06  -5.4605335e-06  5.6235063e-14  1.2991245e-13  
 2317  0.00012879751  6.5976978e-06  -5.51278e-06  5.6244991e-14  1.2846485e-13  
 2318  0.00012836562  6.5888972e-06  -5.5649276e-06  5.6253713e-14  1.2704168e-13  
 2319  0.00012793963  6.5797044e-06  -5.6169471e-06  5.62624e-14  1.2564336e-13  
 2320  0.00012751953  6.5701177e-06  -5.6688088e-06  5.627222e-14  1.2427031e-13  
 2321  0.00012710529  6.5601362e-06  -5.7204852e-06  5.6280839e-14  1.2292277e-13  
 2322  0.00012669685  6.5497628e-06  -5.7719561e-06  5.6290588e-14  1.2160027e-13  
 2323  0.00012629415  6.5390013e-06  -5.8232029e-06  5.6299137e-14  1.2030214e-13  
 2324  0.00012589711  6.5278557e-06  -5.8742072e-06  5.6308815e-14  1.1902771e-13  
 2325  0.00012550567  6.5163297e-06  -5.9249507e-06  5.6317296e-14  1.1777632e-13  
 2326  0.00012511976  6.5044272e-06  -5.9754148e-06  5.6326903e-14  1.165473e-13  
 2327  0.00012473933  6.4921522e-06  -6.0255812e-06  5.6335315e-14  1.1533997e-13  
 2328  0.00012436429  6.4795083e-06  -6.0754313e-06  5.6344852e-14  1.1415367e-13  
 2329  0.00012399458  6.4664996e-06  -6.1249469e-06  5.6353196e-14  1.1298773e-13  
 2330  0.00012363015  6.4531297e-06  -6.1741093e-06  5.6362663e-14  1.1184146e-13  
 2331  0.00012327091  6.4394027e-06  -6.2229002e-06  5.6370939e-14  1.1071421e-13  
 2332  0.00012291681  6.4253224e-06  -6.2713012e-06  5.6380337e-14  1.0960529e-13  
 2333  0.00012256777  6.4108926e-06  -6.3192938e-06  5.6389699e-14  1.0851402e-13  
 2334  0.00012222373  6.3961171e-06  -6.3668596e-06  5.6397873e-14  1.0743973e-13  
 2335  0.00012188463  6.3809999e-06  -6.4139801e-06  5.6407166e-14  1.0638175e-13  
 2336  0.00012155039  6.3655447e-06  -6.4606369e-06  5.6416423e-14  1.0533937e-13  
 2337  0.00012122096  6.3497555e-06  -6.5068116e-06  5.6424496e-14  1.0431194e-13  
 2338  0.00012089625  6.3336361e-06  -6.5524858e-06  5.6433685e-14  1.0329876e-13  
 2339  0.00012057621  6.3171904e-06  -6.5976409e-06  5.6442839e-14  1.0229915e-13  
 2340  0.00012026077  6.3004221e-06  -6.6422586e-06  5.6451959e-14  1.0131242e-13  
 2341  0.00011994987  6.2833352e-06  -6.6863205e-06  5.6461043e-14  1.0033789e-13  
 2342  0.00011964343  6.2659336e-06  -6.729808e-06  5.6468948e-14  9.9374876e-14  
 2343  0.00011934139  6.248221e-06  -6.7727028e-06  5.6477964e-14  9.8422681e-14  
 2344  0.00011904368  6.2302013e-06  -6.8149864e-06  5.6486946e-14  9.7480618e-14  
 2345  0.00011875023  6.2118785e-06  -6.8566404e-06  5.6495894e-14  9.6547995e-14  
 2346  0.00011846099  6.1932563e-06  -6.8976463e-06  5.6505948e-14  9.5624122e-14  
 2347  0.00011817588  6.1743386e-06  -6.9379858e-06  5.6514826e-14  9.4708303e-14  
 2348  0.00011789483  6.1551292e-06  -6.9776403e-06  5.652367e-14  9.3799844e-14  
 2349  0.00011761779  6.1356321e-06  -7.0165915e-06  5.6532479e-14  9.289805e-14  
 2350  0.00011734467  6.115851e-06  -7.0548208e-06  5.6541255e-14  9.2002222e-14  
 2351  0.00011707542  6.0957899e-06  -7.09231e-06  5.6551132e-14  9.1111663e-14  
 2352  0.00011680997  6.0754526e-06  -7.1290405e-06  5.6559839e-14  9.0225673e-14  
 2353  0.00011654825  6.0548429e-06  -7.1649939e-06  5.6569646e-14  8.9343551e-14  
 2354  0.0001162902  6.0339646e-06  -7.2001517e-06  5.6578284e-14  8.8464595e-14  
 2355  0.00011603574  6.0128218e-06  -7.2344956e-06  5.658802e-14  8.7588102e-14  
 2356  0.00011578482  5.9914181e-06  -7.268007e-06  5.6597721e-14  8.6713367e-14  
 2357  0.00011553736  5.9697575e-06  -7.3006676e-06  5.6606256e-14  8.5839685e-14  
 2358  0.0001152933  5.9478439e-06  -7.332459e-06  5.6615887e-14  8.496635e-14  
 2359  0.00011505257  5.925681e-06  -7.3633626e-06  5.6625482e-14  8.4092652e-14  
 2360  0.0001148151  5.9032731e-06  -7.3933628e-06  5.6635042e-14  8.3218109e-14  
 2361  0.00011458082  5.8806261e-06  -7.4224551e-06  5.6644567e-14  8.2343134e-14  
 2362  0.00011434967  5.8577462e-06  -7.4506375e-06  5.6654057e-14  8.146837e-14  
 2363  0.00011412156  5.8346395e-06  -7.4779083e-06  5.6663511e-14  8.0594458e-14  
 2364  0.00011389642  5.8113124e-06  -7.5042656e-06  5.6672931e-14  7.9722043e-14  
 2365  0.00011367419  5.7877709e-06  -7.5297076e-06  5.6682315e-14  7.8851767e-14  
 2366  0.00011345478  5.7640214e-06  -7.5542325e-06  5.6692787e-14  7.7984277e-14  
 2367  0.00011323813  5.7400701e-06  -7.5778385e-06  5.6702101e-14  7.712022e-14  
 2368  0.00011302416  5.7159231e-06  -7.6005236e-06  5.67125e-14  7.6260243e-14  
 2369  0.00011281279  5.6915868e-06  -7.6222862e-06  5.6721743e-14  7.5404995e-14  
 2370  0.00011260397  5.6670672e-06  -7.6431243e-06  5.673207e-14  7.4555125e-14  
 2371  0.0001123976  5.6423707e-06  -7.6630361e-06  5.6741244e-14  7.3711285e-14  
 2372  0.00011219363  5.6175034e-06  -7.6820198e-06  5.6751499e-14  7.2874126e-14  
 2373  0.00011199198  5.5924716e-06  -7.7000736e-06  5.6761718e-14  7.2044303e-14  
 2374  0.00011179257  5.5672814e-06  -7.7171956e-06  5.67719e-14  7.1222468e-14  
 2375  0.00011159533  5.5419392e-06  -7.7333841e-06  5.6782047e-14  7.0409277e-14  
 2376  0.00011140019  5.5164511e-06  -7.7486371e-06  5.6792157e-14  6.9605387e-14  
 2377  0.00011120708  5.4908233e-06  -7.7629529e-06  5.6802232e-14  6.8811455e-14  
 2378  0.00011101592  5.465062e-06  -7.7763296e-06  5.681227e-14  6.802814e-14  
 2379  0.00011082664  5.4391736e-06  -7.7887654e-06  5.6823383e-14  6.7256101e-14  
 2380  0.00011063916  5.4131641e-06  -7.8002585e-06  5.6833349e-14  6.6495998e-14  
 2381  0.00011045343  5.3870398e-06  -7.810807e-06  5.6843279e-14  6.5748494e-14  
 2382  0.00011026935  5.3608069e-06  -7.8204092e-06  5.6854281e-14  6.5014252e-14  
 2383  0.00011008687  5.3344717e-06  -7.8290631e-06  5.6865245e-14  6.4293934e-14  
 2384  0.0001099059  5.3080403e-06  -7.8367669e-06  5.6875067e-14  6.3588208e-14  
 2385  0.00010972637  5.281519e-06  -7.8435189e-06  5.6885957e-14  6.2897738e-14  
 2386  0.00010954822  5.2549141e-06  -7.8493172e-06  5.689681e-14  6.2223192e-14  
 2387  0.00010937136  5.2282316e-06  -7.8541599e-06  5.6907627e-14  6.1565237e-14  
 2388  0.00010919572  5.2014778e-06  -7.8580453e-06  5.6918406e-14  6.0924545e-14  
 2389  0.00010902124  5.174659e-06  -7.8609715e-06  5.6929148e-14  6.0301784e-14  
 2390  0.00010884784  5.1477813e-06  -7.8629367e-06  5.6939853e-14  5.9697626e-14  
 2391  0.00010867545  5.1208511e-06  -7.863939e-06  5.695162e-14  5.9112745e-14  
 2392  0.00010850398  5.0938744e-06  -7.8639766e-06  5.6962251e-14  5.8547814e-14  
 2393  0.00010833338  5.0668575e-06  -7.8630477e-06  5.6972844e-14  5.8003507e-14  
 2394  0.00010816357  5.0398067e-06  -7.8611505e-06  5.6984498e-14  5.74805e-14  
 2395  0.00010799447  5.0127281e-06  -7.8582832e-06  5.6996112e-14  5.6979471e-14  
 2396  0.00010782601  4.985628e-06  -7.8544438e-06  5.7006595e-14  5.6501098e-14  
 2397  0.00010765812  4.9585126e-06  -7.8496306e-06  5.7018134e-14  5.6046059e-14  
 2398  0.00010749073  4.9313881e-06  -7.8438417e-06  5.7029635e-14  5.5615035e-14  
 2399  0.00010732377  4.9042605e-06  -7.8370776e-06  5.7041098e-14  5.5208526e-14  
 2400  0.00010715718  4.877135e-06  -7.829347e-06  5.7052523e-14  5.4826308e-14  
 2401  0.00010699093  4.8500168e-06  -7.820661e-06  5.7064999e-14  5.4467976e-14  
 2402  0.00010682497  4.8229106e-06  -7.8110308e-06  5.7076348e-14  5.4133123e-14  
 2403  0.00010665926  4.7958217e-06  -7.8004674e-06  5.7088746e-14  5.3821344e-14  
 2404  0.00010649374  4.7687551e-06  -7.7889819e-06  5.7100018e-14  5.3532229e-14  
 2405  0.00010632838  4.7417156e-06  -7.7765853e-06  5.7112338e-14  5.326537e-14  
 2406  0.00010616313  4.7147084e-06  -7.7632886e-06  5.7123534e-14  5.302036e-14  
 2407  0.00010599794  4.6877385e-06  -7.7491031e-06  5.7135777e-14  5.2796786e-14  
 2408  0.00010583278  4.6608109e-06  -7.7340397e-06  5.7147981e-14  5.259424e-14  
 2409  0.00010566759  4.6339307e-06  -7.7181095e-06  5.7160146e-14  5.241231e-14  
 2410  0.00010550234  4.6071027e-06  -7.7013236e-06  5.7172272e-14  5.2250583e-14  
 2411  0.00010533697  4.5803322e-06  -7.683693e-06  5.718436e-14  5.2108648e-14  
 2412  0.00010517144  4.553624e-06  -7.6652288e-06  5.7196408e-14  5.198609e-14  
 2413  0.00010500571  4.5269832e-06  -7.6459422e-06  5.7209497e-14  5.1882495e-14  
 2414  0.00010483974  4.5004148e-06  -7.6258441e-06  5.7221468e-14  5.1797449e-14  
 2415  0.00010467347  4.4739239e-06  -7.6049456e-06  5.7233401e-14  5.1730535e-14  
 2416  0.00010450687  4.4475155e-06  -7.5832578e-06  5.7246371e-14  5.1681338e-14  
 2417  0.00010433989  4.4211945e-06  -7.5607917e-06  5.7258226e-14  5.164944e-14  
 2418  0.00010417248  4.394966e-06  -7.5375585e-06  5.7271118e-14  5.1634423e-14  
 2419  0.0001040046  4.3688351e-06  -7.5135692e-06  5.7283969e-14  5.1635869e-14  
 2420  0.0001038362  4.3428067e-06  -7.4888349e-06  5.7295709e-14  5.1653359e-14  
 2421  0.00010366724  4.3168858e-06  -7.4633666e-06  5.7308482e-14  5.1686473e-14  
 2422  0.00010349768  4.2910776e-06  -7.4371754e-06  5.7321216e-14  5.1734789e-14  
 2423  0.00010332748  4.2653869e-06  -7.4102724e-06  5.7333911e-14  5.1797886e-14  
 2424  0.00010315657  4.2398189e-06  -7.3826686e-06  5.7346566e-14  5.1875343e-14  
 2425  0.00010298493  4.2143785e-06  -7.3543751e-06  5.7359183e-14  5.1966736e-14  
 2426  0.00010281251  4.1890708e-06  -7.3254031e-06  5.737176e-14  5.2071641e-14  
 2427  0.00010263925  4.1639007e-06  -7.2957634e-06  5.7384298e-14  5.2189635e-14  
 2428  0.00010246513  4.1388734e-06  -7.2654673e-06  5.7396798e-14  5.2320292e-14  
 2429  0.00010229008  4.1139938e-06  -7.2345258e-06  5.7410323e-14  5.2463186e-14  
 2430  0.00010211408  4.0892669e-06  -7.20295e-06  5.7422744e-14  5.2617891e-14  
 2431  0.00010193707  4.0646978e-06  -7.1707508e-06  5.7435126e-14  5.2783979e-14  
 2432  0.000101759  4.0402914e-06  -7.1379395e-06  5.7447471e-14  5.2961023e-14  
 2433  0.00010157984  4.0160529e-06  -7.1045271e-06  5.7460837e-14  5.3148593e-14  
 2434  0.00010139954  3.9919872e-06  -7.0705245e-06  5.7473104e-14  5.3346261e-14  
 2435  0.00010121805  3.9680993e-06  -7.035943e-06  5.7486392e-14  5.3553596e-14  
 2436  0.00010103534  3.9443943e-06  -7.0007936e-06  5.7498581e-14  5.3770167e-14  
 2437  0.00010085135  3.9208772e-06  -6.9650873e-06  5.751179e-14  5.3995542e-14  
 2438  0.00010066604  3.8975525e-06  -6.9288358e-06  5.7523903e-14  5.4229378e-14  
 2439  0.00010047941  3.8744224e-06  -6.8920538e-06  5.7537034e-14  5.4471688e-14  
 2440  0.00010029146  3.8514887e-06  -6.8547562e-06  5.754907e-14  5.4722571e-14  
 2441  0.00010010217  3.8287532e-06  -6.8169582e-06  5.7562123e-14  5.4982129e-14  
 2442  9.9911543e-05  3.8062176e-06  -6.778675e-06  5.7574083e-14  5.5250462e-14  
 2443  9.9719577e-05  3.7838837e-06  -6.7399217e-06  5.7587058e-14  5.5527673e-14  
 2444  9.9526267e-05  3.7617532e-06  -6.7007134e-06  5.7599994e-14  5.5813863e-14  
 2445  9.9331608e-05  3.739828e-06  -6.6610653e-06  5.761184e-14  5.6109132e-14  
 2446  9.9135596e-05  3.7181096e-06  -6.6209925e-06  5.7624698e-14  5.6413584e-14  
 2447  9.8938226e-05  3.6966e-06  -6.5805101e-06  5.7637518e-14  5.6727319e-14  
 2448  9.8739496e-05  3.6753008e-06  -6.5396333e-06  5.764925e-14  5.7050441e-14  
 2449  9.85394e-05  3.6542139e-06  -6.4983772e-06  5.7661993e-14  5.738305e-14  
 2450  9.8337935e-05  3.6333409e-06  -6.4567569e-06  5.7674697e-14  5.772525e-14  
 2451  9.8135095e-05  3.6126836e-06  -6.4147876e-06  5.7686317e-14  5.8077143e-14  
 2452  9.7930878e-05  3.5922438e-06  -6.3724845e-06  5.7698944e-14  5.8438831e-14  
 2453  9.7725279e-05  3.5720233e-06  -6.3298625e-06  5.7711533e-14  5.8810418e-14  
 2454  9.7518293e-05  3.5520237e-06  -6.286937e-06  5.7724083e-14  5.9192006e-14  
 2455  9.7309918e-05  3.5322469e-06  -6.243723e-06  5.7735553e-14  5.9583698e-14  
 2456  9.7100147e-05  3.5126946e-06  -6.2002356e-06  5.7748027e-14  5.9985597e-14  
 2457  9.6888978e-05  3.4933685e-06  -6.1564901e-06  5.7759423e-14  6.0397808e-14  
 2458  9.6676406e-05  3.4742705e-06  -6.1125014e-06  5.7771821e-14  6.0820433e-14  
 2459  9.6462427e-05  3.4554022e-06  -6.0682849e-06  5.7784182e-14  6.1253576e-14  
 2460  9.6247036e-05  3.4367654e-06  -6.0238555e-06  5.7795466e-14  6.1697341e-14  
 2461  9.6030231e-05  3.4183619e-06  -5.9792285e-06  5.7807751e-14  6.2151832e-14  
 2462  9.5812006e-05  3.4001935e-06  -5.9344189e-06  5.7818962e-14  6.2617153e-14  
 2463  9.5592357e-05  3.3822618e-06  -5.889442e-06  5.7831172e-14  6.3093408e-14  
 2464  9.537128e-05  3.3645687e-06  -5.8443128e-06  5.784231e-14  6.3580702e-14  
 2465  9.5148771e-05  3.3471159e-06  -5.7990465e-06  5.7854445e-14  6.4079139e-14  
 2466  9.4924827e-05  3.3299051e-06  -5.7536582e-06  5.786551e-14  6.4588824e-14  
 2467  9.4699441e-05  3.3129382e-06  -5.7081631e-06  5.7876539e-14  6.5109862e-14  
 2468  9.4472612e-05  3.2962168e-06  -5.6625762e-06  5.7887532e-14  6.5642357e-14  
 2469  9.4244334e-05  3.2797427e-06  -5.6169128e-06  5.7899519e-14  6.6186416e-14  
 2470  9.4014603e-05  3.2635177e-06  -5.5711879e-06  5.7910439e-14  6.6742143e-14  
 2471  9.3783415e-05  3.2475435e-06  -5.5254168e-06  5.7921324e-14  6.7309643e-14  
 2472  9.3550766e-05  3.231822e-06  -5.4796145e-06  5.7932173e-14  6.7889023e-14  
 2473  9.3316651e-05  3.2163547e-06  -5.4337961e-06  5.7941959e-14  6.8480388e-14  
 2474  9.3081068e-05  3.2011436e-06  -5.3879768e-06  5.7952738e-14  6.9083845e-14  
 2475  9.284401e-05  3.1861903e-06  -5.3421718e-06  5.7963481e-14  6.9699498e-14  
 2476  9.2605475e-05  3.1714966e-06  -5.2963962e-06  5.7974189e-14  7.0327454e-14  
 2477  9.2365463e-05  3.1570638e-06  -5.2506643e-06  5.7983837e-14  7.0967731e-14  
 2478  9.2123995e-05  3.1428908e-06  -5.2049878e-06  5.7994475e-14  7.1619987e-14  
 2479  9.1881097e-05  3.1289762e-06  -5.1593774e-06  5.8004055e-14  7.2283794e-14  
 2480  9.1636796e-05  3.1153185e-06  -5.1138439e-06  5.8013602e-14  7.2958719e-14  
 2481  9.1391116e-05  3.1019162e-06  -5.0683981e-06  5.8024136e-14  7.3644332e-14  
 2482  9.1144084e-05  3.0887677e-06  -5.0230509e-06  5.8033616e-14  7.43402e-14  
 2483  9.0895726e-05  3.0758717e-06  -4.977813e-06  5.8043062e-14  7.504589e-14  
 2484  9.0646068e-05  3.0632265e-06  -4.9326952e-06  5.8052475e-14  7.5760968e-14  
 2485  9.0395136e-05  3.0508308e-06  -4.8877083e-06  5.8060837e-14  7.6485e-14  
 2486  9.0142956e-05  3.038683e-06  -4.8428632e-06  5.8070185e-14  7.7217551e-14  
 2487  8.9889553e-05  3.0267816e-06  -4.7981706e-06  5.8078484e-14  7.7958184e-14  
 2488  8.9634955e-05  3.0151251e-06  -4.7536413e-06  5.8087766e-14  7.8706464e-14  
 2489  8.9379186e-05  3.0037121e-06  -4.7092862e-06  5.8096002e-14  7.9461952e-14  
 2490  8.9122273e-05  2.992541e-06  -4.665116e-06  5.8104206e-14  8.022421e-14  
 2491  8.8864242e-05  2.9816104e-06  -4.6211416e-06  5.811238e-14  8.0992801e-14  
 2492  8.8605118e-05  2.9709187e-06  -4.5773737e-06  5.8120522e-14  8.1767284e-14  
 2493  8.8344928e-05  2.9604645e-06  -4.5338232e-06  5.8128634e-14  8.2547219e-14  
 2494  8.8083698e-05  2.9502462e-06  -4.4905008e-06  5.8135705e-14  8.3332166e-14  
 2495  8.7821453e-05  2.9402624e-06  -4.4474173e-06  5.8143756e-14  8.4121682e-14  
 2496  8.755822e-05  2.9305116e-06  -4.4045836e-06  5.8150768e-14  8.4915325e-14  
 2497  8.7294024e-05  2.9209922e-06  -4.3620105e-06  5.815775e-14  8.5712653e-14  
 2498  8.7028892e-05  2.9117029e-06  -4.3197088e-06  5.8164704e-14  8.6513221e-14  
 2499  8.676285e-05  2.902642e-06  -4.2776892e-06  5.8171629e-14  8.7316585e-14  
 2500  8.6495923e-05  2.8938081e-06  -4.2359625e-06  5.8178525e-14  8.81223e-14  
 2501  8.6228137e-05  2.8851998e-06  -4.1945396e-06  5.8184388e-14  8.8929919e-14  
 2502  8.5959519e-05  2.8768154e-06  -4.1534313e-06  5.8190224e-14  8.9738997e-14  
 2503  8.5690095e-05  2.8686536e-06  -4.1126484e-06  5.8197036e-14  9.0549085e-14  
 2504  8.541989e-05  2.8607128e-06  -4.0722016e-06  5.8201816e-14  9.1359736e-14  
 2505  8.514893e-05  2.8529915e-06  -4.0321018e-06  5.8207571e-14  9.2170501e-14  
 2506  8.4877241e-05  2.8454883e-06  -3.9923598e-06  5.8213299e-14  9.298093e-14  
 2507  8.460485e-05  2.8382015e-06  -3.9529864e-06  5.8218001e-14  9.3790573e-14  
 2508  8.4331782e-05  2.8311299e-06  -3.9139924e-06  5.8223676e-14  9.459898e-14  
 2509  8.4058063e-05  2.8242718e-06  -3.8753885e-06  5.8228328e-14  9.5405698e-14  
 2510  8.378372e-05  2.8176257e-06  -3.8371856e-06  5.8231957e-14  9.6210275e-14  
 2511  8.3508777e-05  2.8111902e-06  -3.7993945e-06  5.8236559e-14  9.7012258e-14  
 2512  8.3233262e-05  2.8049638e-06  -3.762026e-06  5.8241135e-14  9.7811193e-14  
 2513  8.29572e-05  2.7989449e-06  -3.7250909e-06  5.8244693e-14  9.8606626e-14  
 2514  8.2680617e-05  2.7931322e-06  -3.6886e-06  5.8248227e-14  9.9398101e-14  
 2515  8.240354e-05  2.787524e-06  -3.6525641e-06  5.8251738e-14  1.0018516e-13  
 2516  8.2125994e-05  2.7821186e-06  -3.6169925e-06  5.8255226e-14  1.0096744e-13  
 2517  8.1848013e-05  2.7769131e-06  -3.5818892e-06  5.82577e-14  1.0174486e-13  
 2518  8.1569629e-05  2.7719043e-06  -3.5472565e-06  5.8260152e-14  1.0251748e-13  
 2519  8.1290876e-05  2.7670889e-06  -3.5130967e-06  5.8263573e-14  1.0328531e-13  
 2520  8.1011787e-05  2.7624637e-06  -3.4794124e-06  5.8264992e-14  1.0404838e-13  
 2521  8.0732395e-05  2.7580255e-06  -3.4462058e-06  5.826738e-14  1.0480671e-13  
 2522  8.0452733e-05  2.7537712e-06  -3.4134794e-06  5.8269747e-14  1.0556035e-13  
 2523  8.0172835e-05  2.7496974e-06  -3.3812355e-06  5.8271106e-14  1.063093e-13  
 2524  7.9892734e-05  2.745801e-06  -3.3494766e-06  5.8272446e-14  1.0705361e-13  
 2525  7.9612462e-05  2.7420788e-06  -3.3182051e-06  5.8273766e-14  1.077933e-13  
 2526  7.9332054e-05  2.7385275e-06  -3.2874233e-06  5.8274082e-14  1.085284e-13  
 2527  7.9051542e-05  2.7351439e-06  -3.2571337e-06  5.8275364e-14  1.0925894e-13  
 2528  7.877096e-05  2.7319248e-06  -3.2273387e-06  5.8275644e-14  1.0998494e-13  
 2529  7.8490341e-05  2.728867e-06  -3.1980406e-06  5.8275906e-14  1.1070643e-13  
 2530  7.8209717e-05  2.7259673e-06  -3.1692418e-06  5.827615e-14  1.1142345e-13  
 2531  7.7929123e-05  2.7232225e-06  -3.1409447e-06  5.8275396e-14  1.1213601e-13  
 2532  7.7648591e-05  2.7206293e-06  -3.1131518e-06  5.8274627e-14  1.1284416e-13  
 2533  7.7368155e-05  2.7181845e-06  -3.0858654e-06  5.8273841e-14  1.1354791e-13  
 2534  7.7087848e-05  2.715885e-06  -3.059088e-06  5.8273039e-14  1.142473e-13  
 2535  7.6807702e-05  2.7137274e-06  -3.0328218e-06  5.8272221e-14  1.1494235e-13  
 2536  7.6527752e-05  2.7117086e-06  -3.0070694e-06  5.8270411e-14  1.1563309e-13  
 2537  7.6248031e-05  2.7098254e-06  -2.9818331e-06  5.8268586e-14  1.1631955e-13  
 2538  7.5968571e-05  2.7080746e-06  -2.9571153e-06  5.8266747e-14  1.1700177e-13  
 2539  7.5689406e-05  2.7064529e-06  -2.9329184e-06  5.8264894e-14  1.1767976e-13  
 2540  7.541057e-05  2.7049571e-06  -2.9092448e-06  5.8262054e-14  1.1835356e-13  
 2541  7.5132094e-05  2.703584e-06  -2.8860968e-06  5.82592e-14  1.190232e-13  
 2542  7.4854013e-05  2.7023304e-06  -2.863477e-06  5.8256334e-14  1.196887e-13  
 2543  7.457636e-05  2.7011931e-06  -2.8413877e-06  5.8253456e-14  1.203501e-13  
 2544  7.4299168e-05  2.7001688e-06  -2.8198312e-06  5.8249594e-14  1.2100742e-13  
 2545  7.402247e-05  2.6992544e-06  -2.79881e-06  5.8245722e-14  1.216607e-13  
 2546  7.3746299e-05  2.6984466e-06  -2.7783265e-06  5.8241838e-14  1.2230996e-13  
 2547  7.3470689e-05  2.6977423e-06  -2.7583831e-06  5.8237944e-14  1.2295523e-13  
 2548  7.3195673e-05  2.6971381e-06  -2.7389821e-06  5.8233072e-14  1.2359654e-13  
 2549  7.2921284e-05  2.6966309e-06  -2.720126e-06  5.822819e-14  1.2423392e-13  
 2550  7.2647555e-05  2.6962175e-06  -2.7018171e-06  5.8223299e-14  1.248674e-13  
 2551  7.2374519e-05  2.6958946e-06  -2.6840579e-06  5.8218398e-14  1.25497e-13  
 2552  7.210221e-05  2.6956591e-06  -2.6668507e-06  5.8212524e-14  1.2612277e-13  
 2553  7.1830661e-05  2.6955077e-06  -2.650198e-06  5.8206643e-14  1.2674473e-13  
 2554  7.1559905e-05  2.6954372e-06  -2.6341021e-06  5.8200753e-14  1.273629e-13  
 2555  7.1289973e-05  2.6954444e-06  -2.6185642e-06  5.8193894e-14  1.2797727e-13  
 2556  7.1020887e-05  2.6955263e-06  -2.6035806e-06  5.8187029e-14  1.2858762e-13  
 2557  7.0752669e-05  2.6956799e-06  -2.5891463e-06  5.8180158e-14  1.2919368e-13  
 2558  7.0485337e-05  2.6959021e-06  -2.5752564e-06  5.8173281e-14  1.2979519e-13  
 2559  7.0218913e-05  2.69619e-06  -2.5619058e-06  5.8166397e-14  1.3039186e-13  
 2560  6.9953416e-05  2.6965404e-06  -2.5490897e-06  5.8158549e-14  1.3098344e-13  
 2561  6.9688868e-05  2.6969505e-06  -2.536803e-06  5.8150697e-14  1.3156966e-13  
 2562  6.9425287e-05  2.6974172e-06  -2.5250408e-06  5.814284e-14  1.3215023e-13  
 2563  6.9162695e-05  2.6979374e-06  -2.5137982e-06  5.8134023e-14  1.3272489e-13  
 2564  6.8901111e-05  2.6985083e-06  -2.5030701e-06  5.8126157e-14  1.3329338e-13  
 2565  6.8640557e-05  2.6991266e-06  -2.4928516e-06  5.8117333e-14  1.3385541e-13  
 2566  6.8381051e-05  2.6997895e-06  -2.4831378e-06  5.8108505e-14  1.3441072e-13  
 2567  6.8122615e-05  2.700494e-06  -2.4739236e-06  5.8098722e-14  1.3495904e-13  
 2568  6.7865269e-05  2.7012369e-06  -2.4652042e-06  5.8089889e-14  1.3550008e-13  
 2569  6.7609032e-05  2.7020153e-06  -2.4569745e-06  5.8080101e-14  1.3603358e-13  
 2570  6.7353926e-05  2.7028262e-06  -2.4492296e-06  5.8070312e-14  1.3655926e-13  
 2571  6.7099971e-05  2.7036666e-06  -2.4419646e-06  5.8060522e-14  1.3707685e-13  
 2572  6.6847186e-05  2.7045334e-06  -2.4351744e-06  5.804978e-14  1.3758608e-13  
 2573  6.6595592e-05  2.7054237e-06  -2.4288541e-06  5.8039987e-14  1.3808666e-13  
 2574  6.634521e-05  2.7063344e-06  -2.4229988e-06  5.8029245e-14  1.3857833e-13  
 2575  6.6096059e-05  2.7072625e-06  -2.4176034e-06  5.8018502e-14  1.3906081e-13  
 2576  6.584816e-05  2.708205e-06  -2.4126631e-06  5.800776e-14  1.3953382e-13  
 2577  6.5601533e-05  2.7091589e-06  -2.4081728e-06  5.7996071e-14  1.3999708e-13  
 2578  6.5356199e-05  2.7101212e-06  -2.4041276e-06  5.7985329e-14  1.4045032e-13  
 2579  6.5112177e-05  2.7110888e-06  -2.4005225e-06  5.7973642e-14  1.4089326e-13  
 2580  6.4869488e-05  2.7120587e-06  -2.3973527e-06  5.7961957e-14  1.4132562e-13  
 2581  6.4628152e-05  2.713028e-06  -2.394613e-06  5.7950274e-14  1.4174712e-13  
 2582  6.438819e-05  2.7139936e-06  -2.3922985e-06  5.7937649e-14  1.4215749e-13  
 2583  6.4149621e-05  2.7149525e-06  -2.3904043e-06  5.7925969e-14  1.4255645e-13  
 2584  6.3912467e-05  2.7159017e-06  -2.3889255e-06  5.7913349e-14  1.4294371e-13  
 2585  6.3676746e-05  2.7168381e-06  -2.387857e-06  5.7900732e-14  1.43319e-13  
 2586  6.344248e-05  2.7177588e-06  -2.3871939e-06  5.7888118e-14  1.4368203e-13  
 2587  6.3209689e-05  2.7186607e-06  -2.3869312e-06  5.7875507e-14  1.4403253e-13  
 2588  6.2978393e-05  2.7195409e-06  -2.387064e-06  5.7862898e-14  1.4437021e-13  
 2589  6.2748612e-05  2.7203963e-06  -2.3875873e-06  5.7849355e-14  1.4469479e-13  
 2590  6.2520367e-05  2.7212239e-06  -2.3884961e-06  5.7835817e-14  1.4500599e-13  
 2591  6.2293678e-05  2.7220207e-06  -2.3897855e-06  5.7823218e-14  1.4530353e-13  
 2592  6.2068564e-05  2.7227836e-06  -2.3914505e-06  5.7809687e-14  1.4558712e-13  
 2593  6.1845047e-05  2.7235097e-06  -2.3934862e-06  5.7795226e-14  1.4585649e-13  
 2594  6.1623144e-05  2.7241962e-06  -2.395887e-06  5.7781704e-14  1.4611145e-13  
 2595  6.1402856e-05  2.7248414e-06  -2.3986455e-06  5.7768186e-14  1.4635223e-13  
 2596  6.1184185e-05  2.7254437e-06  -2.4017535e-06  5.775374e-14  1.4657918e-13  
 2597  6.0967131e-05  2.7260017e-06  -2.4052031e-06  5.77393e-14  1.4679265e-13  
 2598  6.0751693e-05  2.7265139e-06  -2.4089862e-06  5.7724866e-14  1.4699297e-13  
 2599  6.0537871e-05  2.7269787e-06  -2.4130947e-06  5.7711367e-14  1.4718049e-13  
 2600  6.0325664e-05  2.7273948e-06  -2.4175206e-06  5.7696014e-14  1.4735555e-13  
 2601  6.0115074e-05  2.7277605e-06  -2.4222558e-06  5.7681596e-14  1.475185e-13  
 2602  5.99061e-05  2.7280745e-06  -2.4272922e-06  5.7667184e-14  1.4766968e-13  
 2603  5.9698741e-05  2.7283353e-06  -2.4326219e-06  5.7651851e-14  1.4780944e-13  
 2604  5.9492998e-05  2.7285412e-06  -2.4382367e-06  5.7637451e-14  1.4793812e-13  
 2605  5.928887e-05  2.7286909e-06  -2.4441287e-06  5.7622132e-14  1.4805606e-13  
 2606  5.9086358e-05  2.7287828e-06  -2.4502897e-06  5.7606819e-14  1.4816363e-13  
 2607  5.8885461e-05  2.7288156e-06  -2.4567117e-06  5.7591514e-14  1.4826116e-13  
 2608  5.868618e-05  2.7287875e-06  -2.4633867e-06  5.7576216e-14  1.48349e-13  
 2609  5.8488513e-05  2.7286973e-06  -2.4703066e-06  5.7560925e-14  1.484275e-13  
 2610  5.8292462e-05  2.7285433e-06  -2.4774633e-06  5.7545641e-14  1.4849701e-13  
 2611  5.8098025e-05  2.7283242e-06  -2.4848488e-06  5.7530365e-14  1.4855789e-13  
 2612  5.7905203e-05  2.7280384e-06  -2.4924551e-06  5.7514175e-14  1.4861047e-13  
 2613  5.7713996e-05  2.7276843e-06  -2.5002741e-06  5.7498913e-14  1.4865512e-13  
 2614  5.7524403e-05  2.7272606e-06  -2.5082977e-06  5.7483659e-14  1.4869218e-13  
 2615  5.7336425e-05  2.7267658e-06  -2.5165179e-06  5.7467493e-14  1.48722e-13  
 2616  5.7150062e-05  2.7261983e-06  -2.5249266e-06  5.7452254e-14  1.4874495e-13  
 2617  5.6965313e-05  2.7255566e-06  -2.5335158e-06  5.7436105e-14  1.4876136e-13  
 2618  5.6782177e-05  2.7248393e-06  -2.5422775e-06  5.7419965e-14  1.487716e-13  
 2619  5.6600656e-05  2.7240449e-06  -2.5512035e-06  5.7404749e-14  1.4877602e-13  
 2620  5.6420749e-05  2.7231718e-06  -2.5602858e-06  5.7388625e-14  1.4877497e-13  
 2621  5.6242456e-05  2.7222187e-06  -2.5695164e-06  5.737251e-14  1.4876882e-13  
 2622  5.6065777e-05  2.7211839e-06  -2.5788873e-06  5.7357317e-14  1.4875791e-13  
 2623  5.5890711e-05  2.720066e-06  -2.5883903e-06  5.7341219e-14  1.487426e-13  
 2624  5.5717259e-05  2.7188636e-06  -2.5980174e-06  5.7325129e-14  1.4872325e-13  
 2625  5.5545421e-05  2.7175751e-06  -2.6077606e-06  5.7309048e-14  1.4870022e-13  
 2626  5.5375196e-05  2.716199e-06  -2.6176118e-06  5.7292976e-14  1.4867386e-13  
 2627  5.5206584e-05  2.7147339e-06  -2.627563e-06  5.7277823e-14  1.4864453e-13  
 2628  5.5039585e-05  2.7131782e-06  -2.6376061e-06  5.7261767e-14  1.486126e-13  
 2629  5.4874199e-05  2.7115305e-06  -2.647733e-06  5.724572e-14  1.4857842e-13  
 2630  5.4710427e-05  2.7097893e-06  -2.6579357e-06  5.7229682e-14  1.4854236e-13  
 2631  5.4548267e-05  2.707953e-06  -2.6682062e-06  5.721456e-14  1.4850477e-13  
 2632  5.438772e-05  2.7060202e-06  -2.6785364e-06  5.7198539e-14  1.4846601e-13  
 2633  5.4228784e-05  2.7039898e-06  -2.6889184e-06  5.7182526e-14  1.4842639e-13  
 2634  5.4071444e-05  2.7018616e-06  -2.6993457e-06  5.7167428e-14  1.4838591e-13  
 2635  5.3915688e-05  2.699636e-06  -2.7098117e-06  5.7151432e-14  1.4834454e-13  
 2636  5.3761498e-05  2.6973134e-06  -2.72031e-06  5.7136349e-14  1.4830221e-13  
 2637  5.3608861e-05  2.694894e-06  -2.7308341e-06  5.712037e-14  1.482589e-13  
 2638  5.3457761e-05  2.6923782e-06  -2.7413776e-06  5.7105302e-14  1.4821454e-13  
 2639  5.3308183e-05  2.6897662e-06  -2.751934e-06  5.7090242e-14  1.4816908e-13  
 2640  5.3160112e-05  2.6870583e-06  -2.7624969e-06  5.7074287e-14  1.4812249e-13  
 2641  5.3013532e-05  2.6842549e-06  -2.7730598e-06  5.7059242e-14  1.4807471e-13  
 2642  5.286843e-05  2.6813563e-06  -2.7836162e-06  5.7044204e-14  1.4802569e-13  
 2643  5.2724788e-05  2.6783627e-06  -2.7941597e-06  5.7029173e-14  1.4797538e-13  
 2644  5.2582594e-05  2.6752746e-06  -2.8046839e-06  5.701415e-14  1.4792374e-13  
 2645  5.244183e-05  2.6720921e-06  -2.8151823e-06  5.6999134e-14  1.4787071e-13  
 2646  5.2302483e-05  2.6688156e-06  -2.8256484e-06  5.6985022e-14  1.4781625e-13  
 2647  5.2164537e-05  2.6654454e-06  -2.8360757e-06  5.6970019e-14  1.4776031e-13  
 2648  5.2027976e-05  2.6619819e-06  -2.8464579e-06  5.6955919e-14  1.4770283e-13  
 2649  5.1892787e-05  2.6584253e-06  -2.8567885e-06  5.6940931e-14  1.4764378e-13  
 2650  5.1758953e-05  2.6547759e-06  -2.867061e-06  5.6926843e-14  1.475831e-13  
 2651  5.162646e-05  2.651034e-06  -2.877269e-06  5.6912762e-14  1.4752073e-13  
 2652  5.1495292e-05  2.6472e-06  -2.8874059e-06  5.6898686e-14  1.4745664e-13  
 2653  5.1365435e-05  2.6432742e-06  -2.8974654e-06  5.6884616e-14  1.4739077e-13  
 2654  5.1236873e-05  2.6392568e-06  -2.9074411e-06  5.6870552e-14  1.4732308e-13  
 2655  5.1109591e-05  2.6351482e-06  -2.9173263e-06  5.6857384e-14  1.472535e-13  
 2656  5.0983574e-05  2.6309487e-06  -2.9271148e-06  5.6843331e-14  1.47182e-13  
 2657  5.0858807e-05  2.6266585e-06  -2.9367999e-06  5.6830173e-14  1.4710853e-13  
 2658  5.0735275e-05  2.6222781e-06  -2.9463754e-06  5.6817019e-14  1.4703302e-13  
 2659  5.0612963e-05  2.6178076e-06  -2.9558347e-06  5.680387e-14  1.4695545e-13  
 2660  5.0491855e-05  2.6132475e-06  -2.9651713e-06  5.6790725e-14  1.4687574e-13  
 2661  5.0371937e-05  2.608598e-06  -2.9743789e-06  5.6777585e-14  1.4679386e-13  
 2662  5.0253193e-05  2.6038594e-06  -2.983451e-06  5.6765335e-14  1.4670975e-13  
 2663  5.0135608e-05  2.599032e-06  -2.992381e-06  5.6753088e-14  1.4662337e-13  
 2664  5.0019167e-05  2.5941162e-06  -3.0011626e-06  5.6739959e-14  1.4653466e-13  
 2665  4.9903855e-05  2.5891123e-06  -3.0097893e-06  5.6727719e-14  1.4644357e-13  
 2666  4.9789658e-05  2.5840205e-06  -3.0182546e-06  5.6715482e-14  1.4635006e-13  
 2667  4.9676558e-05  2.5788411e-06  -3.0265521e-06  5.6704131e-14  1.4625406e-13  
 2668  4.9564543e-05  2.5735746e-06  -3.0346754e-06  5.6691899e-14  1.4615554e-13  
 2669  4.9453596e-05  2.5682211e-06  -3.0426179e-06  5.6680551e-14  1.4605444e-13  
 2670  4.9343703e-05  2.562781e-06  -3.0503733e-06  5.6669206e-14  1.4595071e-13  
 2671  4.9234847e-05  2.5572546e-06  -3.057935e-06  5.6657862e-14  1.458443e-13  
 2672  4.9127015e-05  2.5516424e-06  -3.0652974e-06  5.6646519e-14  1.4573521e-13  
 2673  4.9020186e-05  2.5459457e-06  -3.0724575e-06  5.6636057e-14  1.4562364e-13  
 2674  4.8914342e-05  2.5401659e-06  -3.0794132e-06  5.6624718e-14  1.4550983e-13  
 2675  4.8809463e-05  2.5343045e-06  -3.0861623e-06  5.6614257e-14  1.4539405e-13  
 2676  4.870553e-05  2.5283629e-06  -3.0927026e-06  5.6603797e-14  1.4527652e-13  
 2677  4.8602523e-05  2.5223427e-06  -3.0990319e-06  5.6593337e-14  1.4515752e-13  
 2678  4.8500424e-05  2.5162453e-06  -3.1051481e-06  5.6583753e-14  1.4503728e-13  
 2679  4.8399213e-05  2.5100722e-06  -3.1110491e-06  5.6573294e-14  1.4491607e-13  
 2680  4.829887e-05  2.5038247e-06  -3.1167325e-06  5.6563709e-14  1.4479412e-13  
 2681  4.8199377e-05  2.4975045e-06  -3.1221964e-06  5.6554123e-14  1.446717e-13  
 2682  4.8100714e-05  2.4911129e-06  -3.1274384e-06  5.6545409e-14  1.4454905e-13  
 2683  4.8002862e-05  2.4846514e-06  -3.1324564e-06  5.6535821e-14  1.4442644e-13  
 2684  4.7905801e-05  2.4781215e-06  -3.1372483e-06  5.6527104e-14  1.443041e-13  
 2685  4.7809513e-05  2.4715247e-06  -3.1418119e-06  5.6518384e-14  1.441823e-13  
 2686  4.7713977e-05  2.4648623e-06  -3.1461449e-06  5.6509662e-14  1.4406129e-13  
 2687  4.7619175e-05  2.4581359e-06  -3.1502453e-06  5.6500939e-14  1.4394132e-13  
 2688  4.7525087e-05  2.451347e-06  -3.1541109e-06  5.6493082e-14  1.4382265e-13  
 2689  4.7431693e-05  2.444497e-06  -3.1577394e-06  5.6485222e-14  1.4370553e-13  
 2690  4.7338976e-05  2.4375873e-06  -3.1611287e-06  5.6477358e-14  1.4359022e-13  
 2691  4.7246914e-05  2.4306195e-06  -3.1642767e-06  5.6469491e-14  1.4347698e-13  
 2692  4.715549e-05  2.4235949e-06  -3.1671811e-06  5.6462488e-14  1.4336605e-13  
 2693  4.7064683e-05  2.4165152e-06  -3.1698398e-06  5.645548e-14  1.432577e-13  
 2694  4.6974474e-05  2.4093816e-06  -3.1722506e-06  5.6448467e-14  1.4315219e-13  
 2695  4.6884845e-05  2.4021958e-06  -3.1744114e-06  5.6441449e-14  1.4304976e-13  
 2696  4.6795775e-05  2.3949591e-06  -3.1763199e-06  5.6435292e-14  1.4295069e-13  
 2697  4.6707246e-05  2.387673e-06  -3.1779741e-06  5.6429128e-14  1.4285522e-13  
 2698  4.6619238e-05  2.380339e-06  -3.1793717e-06  5.6422958e-14  1.4276361e-13  
 2699  4.6531731e-05  2.3729585e-06  -3.1805105e-06  5.6417645e-14  1.4267613e-13  
 2700  4.6444707e-05  2.3655331e-06  -3.1813884e-06  5.6411463e-14  1.4259303e-13  
 2701  4.6358146e-05  2.3580642e-06  -3.1820032e-06  5.6406136e-14  1.4251458e-13  
 2702  4.6272029e-05  2.3505531e-06  -3.1823528e-06  5.6400803e-14  1.4244103e-13  
 2703  4.6186336e-05  2.3430015e-06  -3.1824349e-06  5.6396322e-14  1.4237264e-13  
 2704  4.6101049e-05  2.3354108e-06  -3.1822474e-06  5.6391832e-14  1.4230967e-13  
 2705  4.6016148e-05  2.3277824e-06  -3.1817881e-06  5.6387335e-14  1.4225239e-13  
 2706  4.5931613e-05  2.3201178e-06  -3.1810549e-06  5.6382829e-14  1.4220105e-13  
 2707  4.5847425e-05  2.3124185e-06  -3.1800455e-06  5.6379172e-14  1.4215592e-13  
 2708  4.5763565e-05  2.3046859e-06  -3.1787579e-06  5.6374649e-14  1.4211726e-13  
 2709  4.5680014e-05  2.2969215e-06  -3.1771898e-06  5.637183e-14  1.4208533e-13  
 2710  4.5596753e-05  2.2891267e-06  -3.175339e-06  5.6368145e-14  1.420604e-13  
 2711  4.5513762e-05  2.2813031e-06  -3.1732041e-06  5.6365305e-14  1.4204255e-13  
 2712  4.5431027e-05  2.2734523e-06  -3.1707864e-06  5.6361601e-14  1.4203111e-13  
 2713  4.5348533e-05  2.2655757e-06  -3.168088e-06  5.635874e-14  1.4202527e-13  
 2714  4.5266267e-05  2.257675e-06  -3.1651109e-06  5.6356722e-14  1.4202418e-13  
 2715  4.5184214e-05  2.2497519e-06  -3.1618571e-06  5.635384e-14  1.42027e-13  
 2716  4.5102359e-05  2.2418078e-06  -3.1583286e-06  5.6351799e-14  1.4203289e-13  
 2717  4.5020689e-05  2.2338445e-06  -3.1545275e-06  5.6349746e-14  1.4204102e-13  
 2718  4.4939189e-05  2.2258634e-06  -3.1504559e-06  5.6348532e-14  1.4205053e-13  
 2719  4.4857845e-05  2.2178662e-06  -3.1461157e-06  5.6346455e-14  1.420606e-13  
 2720  4.4776642e-05  2.2098545e-06  -3.141509e-06  5.6345215e-14  1.4207037e-13  
 2721  4.4695567e-05  2.2018299e-06  -3.1366378e-06  5.6343963e-14  1.4207899e-13  
 2722  4.4614605e-05  2.1937939e-06  -3.1315041e-06  5.6342698e-14  1.4208563e-13  
 2723  4.4533742e-05  2.1857483e-06  -3.1261101e-06  5.6342267e-14  1.4208942e-13  
 2724  4.4452963e-05  2.1776944e-06  -3.1204576e-06  5.6341823e-14  1.4208953e-13  
 2725  4.4372255e-05  2.1696341e-06  -3.1145489e-06  5.6341364e-14  1.4208511e-13  
 2726  4.4291602e-05  2.1615687e-06  -3.1083858e-06  5.6340891e-14  1.4207529e-13  
 2727  4.4210992e-05  2.1535001e-06  -3.1019704e-06  5.6340405e-14  1.4205923e-13  
 2728  4.4130409e-05  2.1454296e-06  -3.0953049e-06  5.6340748e-14  1.4203607e-13  
 2729  4.4049839e-05  2.137359e-06  -3.0883911e-06  5.6341077e-14  1.4200496e-13  
 2730  4.3969268e-05  2.1292899e-06  -3.0812311e-06  5.634139e-14  1.4196504e-13  
 2731  4.3888682e-05  2.1212237e-06  -3.073827e-06  5.6341689e-14  1.4191545e-13  
 2732  4.3808066e-05  2.1131622e-06  -3.0661808e-06  5.6341973e-14  1.4185534e-13  
 2733  4.3727407e-05  2.1051069e-06  -3.0582945e-06  5.6343082e-14  1.4178383e-13  
 2734  4.3646689e-05  2.0970594e-06  -3.0501701e-06  5.6344176e-14  1.4170008e-13  
 2735  4.3565899e-05  2.0890213e-06  -3.0418098e-06  5.6345253e-14  1.4160321e-13  
 2736  4.3485023e-05  2.0809942e-06  -3.0332155e-06  5.6346315e-14  1.4149237e-13  
 2737  4.3404045e-05  2.0729798e-06  -3.0243893e-06  5.6348198e-14  1.4136669e-13  
 2738  4.3322952e-05  2.0649795e-06  -3.0153331e-06  5.6350065e-14  1.4122529e-13  
 2739  4.324173e-05  2.056995e-06  -3.0060491e-06  5.6351915e-14  1.4106732e-13  
 2740  4.3160365e-05  2.0490278e-06  -2.9965393e-06  5.6353747e-14  1.408919e-13  
 2741  4.3078841e-05  2.0410797e-06  -2.9868057e-06  5.6355562e-14  1.4069816e-13  
 2742  4.2997145e-05  2.0331521e-06  -2.9768503e-06  5.6357361e-14  1.4048523e-13  
 2743  4.2915262e-05  2.0252467e-06  -2.9666751e-06  5.6359977e-14  1.4025224e-13  
 2744  4.2833179e-05  2.0173651e-06  -2.9562823e-06  5.6362575e-14  1.3999832e-13  
 2745  4.2750881e-05  2.0095088e-06  -2.9456738e-06  5.6365154e-14  1.3972258e-13  
 2746  4.2668354e-05  2.0016795e-06  -2.9348517e-06  5.6367716e-14  1.3942415e-13  
 2747  4.2585582e-05  1.9938787e-06  -2.9238179e-06  5.6371092e-14  1.3910216e-13  
 2748  4.2502554e-05  1.9861081e-06  -2.9125747e-06  5.6373617e-14  1.3875572e-13  
 2749  4.2419253e-05  1.9783692e-06  -2.9011238e-06  5.6376955e-14  1.3838395e-13  
 2750  4.2335667e-05  1.9706635e-06  -2.8894679e-06  5.6380274e-14  1.3798632e-13  
 2751  4.2251791e-05  1.9629921e-06  -2.8776106e-06  5.6383574e-14  1.3756365e-13  
 2752  4.2167619e-05  1.9553558e-06  -2.8655562e-06  5.6387685e-14  1.3711712e-13  
 2753  4.2083148e-05  1.9477556e-06  -2.8533088e-06  5.6390946e-14  1.3664789e-13  
 2754  4.1998373e-05  1.9401923e-06  -2.8408727e-06  5.6395016e-14  1.3615716e-13  
 2755  4.191329e-05  1.9326669e-06  -2.8282519e-06  5.6399066e-14  1.3564608e-13  
 2756  4.1827894e-05  1.9251803e-06  -2.8154507e-06  5.6403096e-14  1.3511586e-13  
 2757  4.1742181e-05  1.9177334e-06  -2.8024733e-06  5.6407106e-14  1.3456765e-13  
 2758  4.1656146e-05  1.9103271e-06  -2.7893238e-06  5.6411096e-14  1.3400266e-13  
 2759  4.1569786e-05  1.9029623e-06  -2.7760064e-06  5.6415066e-14  1.3342206e-13  
 2760  4.1483096e-05  1.8956399e-06  -2.7625252e-06  5.641984e-14  1.3282705e-13  
 2761  4.139607e-05  1.8883608e-06  -2.7488846e-06  5.642377e-14  1.322188e-13  
 2762  4.1308706e-05  1.881126e-06  -2.7350886e-06  5.6428502e-14  1.3159851e-13  
 2763  4.1220999e-05  1.8739363e-06  -2.7211414e-06  5.6433214e-14  1.3096738e-13  
 2764  4.1132943e-05  1.8667926e-06  -2.7070472e-06  5.6437904e-14  1.3032659e-13  
 2765  4.1044536e-05  1.8596959e-06  -2.6928101e-06  5.6442574e-14  1.2967734e-13  
 2766  4.0955772e-05  1.852647e-06  -2.6784344e-06  5.6447222e-14  1.2902083e-13  
 2767  4.0866646e-05  1.8456469e-06  -2.6639243e-06  5.645185e-14  1.2835826e-13  
 2768  4.0777156e-05  1.8386965e-06  -2.6492838e-06  5.6456457e-14  1.2769082e-13  
 2769  4.0687296e-05  1.8317967e-06  -2.6345173e-06  5.6461862e-14  1.2701973e-13  
 2770  4.0597062e-05  1.8249484e-06  -2.6196287e-06  5.6466426e-14  1.2634618e-13  
 2771  4.0506449e-05  1.8181525e-06  -2.6046225e-06  5.6471788e-14  1.2567138e-13  
 2772  4.0415453e-05  1.8114098e-06  -2.5895026e-06  5.647631e-14  1.2499654e-13  
 2773  4.032407e-05  1.8047214e-06  -2.5742734e-06  5.6481628e-14  1.2432287e-13  
 2774  4.0232295e-05  1.7980881e-06  -2.5589389e-06  5.6486109e-14  1.2365157e-13  
 2775  4.0140125e-05  1.7915109e-06  -2.5435034e-06  5.6491384e-14  1.2298387e-13  
 2776  4.0047553e-05  1.7849906e-06  -2.527971e-06  5.6496637e-14  1.2232098e-13  
 2777  3.9954577e-05  1.7785281e-06  -2.5123459e-06  5.6501054e-14  1.216641e-13  
 2778  3.9861192e-05  1.7721244e-06  -2.4966323e-06  5.6506265e-14  1.2101447e-13  
 2779  3.9767393e-05  1.7657804e-06  -2.4808343e-06  5.6511454e-14  1.203733e-13  
 2780  3.9673176e-05  1.7594969e-06  -2.4649562e-06  5.6516621e-14  1.1974182e-13  
 2781  3.9578537e-05  1.7532749e-06  -2.4490021e-06  5.6520954e-14  1.1912123e-13  
 2782  3.9483471e-05  1.7471153e-06  -2.4329762e-06  5.6526079e-14  1.1851278e-13  
 2783  3.9387974e-05  1.741019e-06  -2.4168827e-06  5.6531182e-14  1.1791769e-13  
 2784  3.9292041e-05  1.7349869e-06  -2.4007257e-06  5.6536263e-14  1.1733719e-13  
 2785  3.9195668e-05  1.7290199e-06  -2.3845095e-06  5.6540514e-14  1.167725e-13  
 2786  3.9098851e-05  1.7231189e-06  -2.3682381e-06  5.6545553e-14  1.1622486e-13  
 2787  3.9001585e-05  1.7172849e-06  -2.3519159e-06  5.655057e-14  1.156955e-13  
 2788  3.8903866e-05  1.7115186e-06  -2.3355469e-06  5.6554759e-14  1.1518567e-13  
 2789  3.8805691e-05  1.705821e-06  -2.3191353e-06  5.6559734e-14  1.1469624e-13  
 2790  3.8707064e-05  1.7001921e-06  -2.3026849e-06  5.6563882e-14  1.1422671e-13  
 2791  3.860799e-05  1.6946318e-06  -2.2861996e-06  5.6568815e-14  1.1377622e-13  
 2792  3.8508474e-05  1.6891402e-06  -2.269683e-06  5.6572922e-14  1.1334391e-13  
 2793  3.8408522e-05  1.6837171e-06  -2.2531391e-06  5.6577814e-14  1.1292893e-13  
 2794  3.8308139e-05  1.6783626e-06  -2.2365716e-06  5.658188e-14  1.1253042e-13  
 2795  3.820733e-05  1.6730766e-06  -2.2199843e-06  5.6585927e-14  1.121475e-13  
 2796  3.8106101e-05  1.667859e-06  -2.2033811e-06  5.6589953e-14  1.1177932e-13  
 2797  3.8004456e-05  1.6627099e-06  -2.1867656e-06  5.659396e-14  1.1142502e-13  
 2798  3.7902402e-05  1.6576292e-06  -2.1701417e-06  5.6597947e-14  1.1108372e-13  
 2799  3.7799943e-05  1.6526168e-06  -2.1535132e-06  5.6601914e-14  1.1075456e-13  
 2800  3.7697084e-05  1.6476727e-06  -2.1368839e-06  5.660506e-14  1.1043667e-13  
 2801  3.7593831e-05  1.6427968e-06  -2.1202575e-06  5.6608989e-14  1.1012918e-13  
 2802  3.749019e-05  1.6379892e-06  -2.1036379e-06  5.6612898e-14  1.0983122e-13  
 2803  3.7386165e-05  1.6332498e-06  -2.0870289e-06  5.6615988e-14  1.0954192e-13  
 2804  3.7281762e-05  1.6285785e-06  -2.0704343e-06  5.661906e-14  1.0926041e-13  
 2805  3.7176986e-05  1.6239753e-06  -2.0538577e-06  5.6622113e-14  1.089858e-13  
 2806  3.7071842e-05  1.6194402e-06  -2.0373032e-06  5.6625148e-14  1.0871722e-13  
 2807  3.6966336e-05  1.6149731e-06  -2.0207744e-06  5.6628165e-14  1.0845381e-13  
 2808  3.6860473e-05  1.610574e-06  -2.0042751e-06  5.6630367e-14  1.0819466e-13  
 2809  3.6754259e-05  1.6062428e-06  -1.9878092e-06  5.6632553e-14  1.0793892e-13  
 2810  3.6647697e-05  1.6019796e-06  -1.9713804e-06  5.6635516e-14  1.0768569e-13  
 2811  3.6540795e-05  1.5977842e-06  -1.9549925e-06  5.6636872e-14  1.074341e-13  
 2812  3.6433556e-05  1.5936566e-06  -1.9386493e-06  5.6639007e-14  1.0718325e-13  
 2813  3.6325987e-05  1.5895968e-06  -1.9223546e-06  5.6641125e-14  1.0693227e-13  
 2814  3.6218093e-05  1.5856048e-06  -1.9061123e-06  5.6642433e-14  1.0668027e-13  
 2815  3.6109878e-05  1.5816804e-06  -1.889926e-06  5.6643725e-14  1.0642636e-13  
 2816  3.6001349e-05  1.5778237e-06  -1.8737996e-06  5.6645002e-14  1.0616965e-13  
 2817  3.589251e-05  1.5740347e-06  -1.8577369e-06  5.6645471e-14  1.0590925e-13  
 2818  3.5783368e-05  1.5703132e-06  -1.8417418e-06  5.6645927e-14  1.0564428e-13  
 2819  3.5673926e-05  1.5666593e-06  -1.8258178e-06  5.6646368e-14  1.0537384e-13  
 2820  3.556419e-05  1.5630728e-06  -1.809969e-06  5.6646795e-14  1.0509703e-13  
 2821  3.5454167e-05  1.5595539e-06  -1.794199e-06  5.6646418e-14  1.0481296e-13  
 2822  3.534386e-05  1.5561023e-06  -1.7785117e-06  5.6646028e-14  1.0452073e-13  
 2823  3.5233275e-05  1.5527182e-06  -1.7629108e-06  5.6645625e-14  1.0421945e-13  
 2824  3.5122418e-05  1.5494014e-06  -1.7474002e-06  5.6644422e-14  1.0390822e-13  
 2825  3.5011294e-05  1.5461519e-06  -1.7319837e-06  5.6643207e-14  1.0358613e-13  
 2826  3.4899908e-05  1.5429696e-06  -1.716665e-06  5.664198e-14  1.032523e-13  
 2827  3.4788265e-05  1.5398546e-06  -1.7014479e-06  5.6639955e-14  1.029058e-13  
 2828  3.4676372e-05  1.5368067e-06  -1.6863359e-06  5.6637919e-14  1.0254594e-13  
 2829  3.4564238e-05  1.5338252e-06  -1.6713311e-06  5.6635089e-14  1.0217281e-13  
 2830  3.4451873e-05  1.5309095e-06  -1.6564352e-06  5.6633032e-14  1.0178669e-13  
 2831  3.433929e-05  1.5280588e-06  -1.64165e-06  5.6629398e-14  1.0138788e-13  
 2832  3.4226496e-05  1.5252724e-06  -1.6269773e-06  5.6626539e-14  1.0097664e-13  
 2833  3.4113504e-05  1.5225497e-06  -1.6124187e-06  5.6622888e-14  1.0055329e-13  
 2834  3.4000325e-05  1.5198898e-06  -1.5979762e-06  5.6618446e-14  1.0011809e-13  
 2835  3.3886967e-05  1.5172922e-06  -1.5836513e-06  5.6613997e-14  9.9671345e-14  
 2836  3.3773442e-05  1.514756e-06  -1.5694459e-06  5.6609541e-14  9.921334e-14  
 2837  3.3659761e-05  1.5122805e-06  -1.5553617e-06  5.6604297e-14  9.8744365e-14  
 2838  3.3545934e-05  1.5098651e-06  -1.5414005e-06  5.6599047e-14  9.8264709e-14  
 2839  3.3431971e-05  1.5075091e-06  -1.5275641e-06  5.6593011e-14  9.7774663e-14  
 2840  3.3317884e-05  1.5052116e-06  -1.5138541e-06  5.6586971e-14  9.7274517e-14  
 2841  3.3203682e-05  1.502972e-06  -1.5002723e-06  5.6580147e-14  9.6764562e-14  
 2842  3.3089376e-05  1.5007896e-06  -1.4868206e-06  5.657332e-14  9.624509e-14  
 2843  3.2974977e-05  1.4986637e-06  -1.4735005e-06  5.6565711e-14  9.5716394e-14  
 2844  3.2860495e-05  1.4965935e-06  -1.460314e-06  5.65581e-14  9.5178764e-14  
 2845  3.2745941e-05  1.4945784e-06  -1.4472628e-06  5.654971e-14  9.4632495e-14  
 2846  3.2631325e-05  1.4926175e-06  -1.4343485e-06  5.6540542e-14  9.4077879e-14  
 2847  3.2516658e-05  1.4907103e-06  -1.4215731e-06  5.6531374e-14  9.351521e-14  
 2848  3.240195e-05  1.488856e-06  -1.4089381e-06  5.6522205e-14  9.2944782e-14  
 2849  3.2287213e-05  1.4870539e-06  -1.3964454e-06  5.6512262e-14  9.236689e-14  
 2850  3.2172455e-05  1.4853032e-06  -1.3840968e-06  5.6501546e-14  9.1781829e-14  
 2851  3.2057689e-05  1.4836032e-06  -1.3718939e-06  5.6490831e-14  9.1189893e-14  
 2852  3.1942924e-05  1.4819533e-06  -1.3598386e-06  5.6479346e-14  9.0591379e-14  
 2853  3.1828171e-05  1.4803528e-06  -1.3479325e-06  5.6467863e-14  8.9986583e-14  
 2854  3.171344e-05  1.4788008e-06  -1.3361775e-06  5.6455612e-14  8.9375802e-14  
 2855  3.1598743e-05  1.4772967e-06  -1.3245753e-06  5.6442594e-14  8.8759332e-14  
 2856  3.1484089e-05  1.4758398e-06  -1.3131277e-06  5.642958e-14  8.8137472e-14  
 2857  3.136949e-05  1.4744294e-06  -1.3018364e-06  5.6416571e-14  8.7510518e-14  
 2858  3.1254955e-05  1.4730647e-06  -1.2907031e-06  5.6402798e-14  8.687877e-14  
 2859  3.1140495e-05  1.471745e-06  -1.2797297e-06  5.6388262e-14  8.6242526e-14  
 2860  3.1026121e-05  1.4704697e-06  -1.2689178e-06  5.6373733e-14  8.5602085e-14  
 2861  3.0911843e-05  1.4692379e-06  -1.2582693e-06  5.6358444e-14  8.4957748e-14  
 2862  3.0797672e-05  1.4680491e-06  -1.2477858e-06  5.6343162e-14  8.4309813e-14  
 2863  3.0683619e-05  1.4669024e-06  -1.2374692e-06  5.6327121e-14  8.3658581e-14  
 2864  3.0569693e-05  1.4657972e-06  -1.2273212e-06  5.631109e-14  8.3004354e-14  
 2865  3.0455906e-05  1.4647327e-06  -1.2173435e-06  5.6294302e-14  8.2347433e-14  
 2866  3.0342268e-05  1.4637083e-06  -1.2075379e-06  5.6277524e-14  8.1688119e-14  
 2867  3.0228789e-05  1.4627231e-06  -1.1979058e-06  5.6259992e-14  8.1026722e-14  
 2868  3.0115478e-05  1.4617764e-06  -1.188447e-06  5.624247e-14  8.0363585e-14  
 2869  3.0002345e-05  1.4608672e-06  -1.1791609e-06  5.622496e-14  7.9699058e-14  
 2870  2.9889399e-05  1.4599947e-06  -1.170047e-06  5.6206698e-14  7.9033493e-14  
 2871  2.9776649e-05  1.4591579e-06  -1.1611047e-06  5.6187686e-14  7.8367241e-14  
 2872  2.9664103e-05  1.458356e-06  -1.1523335e-06  5.6168687e-14  7.7700655e-14  
 2873  2.9551772e-05  1.4575881e-06  -1.1437327e-06  5.6149701e-14  7.7034086e-14  
 2874  2.9439663e-05  1.4568533e-06  -1.1353019e-06  5.6129967e-14  7.6367889e-14  
 2875  2.9327787e-05  1.4561507e-06  -1.1270404e-06  5.6110248e-14  7.5702417e-14  
 2876  2.9216152e-05  1.4554795e-06  -1.1189477e-06  5.6089783e-14  7.5038024e-14  
 2877  2.9104767e-05  1.4548387e-06  -1.1110233e-06  5.6069334e-14  7.4375065e-14  
 2878  2.8993642e-05  1.4542275e-06  -1.1032665e-06  5.60489e-14  7.3713894e-14  
 2879  2.8882785e-05  1.4536449e-06  -1.0956769e-06  5.6027723e-14  7.3054868e-14  
 2880  2.8772205e-05  1.4530901e-06  -1.0882538e-06  5.6006562e-14  7.2398343e-14  
 2881  2.8661912e-05  1.4525622e-06  -1.0809968e-06  5.5984661e-14  7.1744674e-14  
 2882  2.8551915e-05  1.4520603e-06  -1.0739051e-06  5.5962777e-14  7.109422e-14  
 2883  2.8442223e-05  1.4515835e-06  -1.0669784e-06  5.594091e-14  7.0447337e-14  
 2884  2.8332844e-05  1.451131e-06  -1.0602159e-06  5.5918306e-14  6.9804384e-14  
 2885  2.8223789e-05  1.4507018e-06  -1.0536172e-06  5.5895719e-14  6.916572e-14  
 2886  2.8115065e-05  1.450295e-06  -1.0471817e-06  5.5873151e-14  6.8531703e-14  
 2887  2.8006682e-05  1.4499099e-06  -1.0409088e-06  5.5849848e-14  6.7902693e-14  
 2888  2.789865e-05  1.4495454e-06  -1.034798e-06  5.5827316e-14  6.727905e-14  
 2889  2.7790977e-05  1.4492007e-06  -1.0288487e-06  5.5803298e-14  6.6661134e-14  
 2890  2.7683672e-05  1.4488749e-06  -1.0230603e-06  5.5780053e-14  6.6049307e-14  
 2891  2.7576745e-05  1.4485671e-06  -1.0174324e-06  5.5756075e-14  6.544393e-14  
 2892  2.7470204e-05  1.4482765e-06  -1.0119642e-06  5.5732117e-14  6.4845364e-14  
 2893  2.7364058e-05  1.4480021e-06  -1.0066553e-06  5.5707429e-14  6.4253974e-14  
 2894  2.7258318e-05  1.4477431e-06  -1.0015051e-06  5.5683513e-14  6.367012e-14  
 2895  2.7152991e-05  1.4474985e-06  -9.9651304e-07  5.5658867e-14  6.3094168e-14  
 2896  2.7048087e-05  1.4472676e-06  -9.9167855e-07  5.5633494e-14  6.252648e-14  
 2897  2.6943614e-05  1.4470493e-06  -9.8700108e-07  5.5608891e-14  6.1967422e-14  
 2898  2.6839583e-05  1.4468428e-06  -9.8248006e-07  5.5583561e-14  6.1417358e-14  
 2899  2.6736002e-05  1.4466473e-06  -9.7811493e-07  5.5558254e-14  6.0876653e-14  
 2900  2.663288e-05  1.4464618e-06  -9.7390514e-07  5.553297e-14  6.0345674e-14  
 2901  2.6530226e-05  1.4462854e-06  -9.6985011e-07  5.5506961e-14  5.9824788e-14  
 2902  2.6428049e-05  1.4461173e-06  -9.6594929e-07  5.5481721e-14  5.9314359e-14  
 2903  2.6326359e-05  1.4459566e-06  -9.6220211e-07  5.5455758e-14  5.8814758e-14  
 2904  2.6225164e-05  1.4458024e-06  -9.5860803e-07  5.5429073e-14  5.832635e-14  
 2905  2.6124474e-05  1.4456537e-06  -9.5516646e-07  5.5403157e-14  5.7849504e-14  
 2906  2.6024296e-05  1.4455099e-06  -9.5187661e-07  5.5376521e-14  5.7384498e-14  
 2907  2.5924635e-05  1.4453701e-06  -9.4873668e-07  5.5349165e-14  5.6931238e-14  
 2908  2.5825492e-05  1.4452338e-06  -9.4574462e-07  5.5322577e-14  5.6489537e-14  
 2909  2.5726871e-05  1.4451004e-06  -9.4289838e-07  5.5294529e-14  5.6059212e-14  
 2910  2.5628773e-05  1.4449693e-06  -9.4019592e-07  5.5266507e-14  5.5640074e-14  
 2911  2.5531203e-05  1.4448398e-06  -9.3763519e-07  5.5238511e-14  5.5231938e-14  
 2912  2.5434161e-05  1.4447114e-06  -9.3521415e-07  5.52098e-14  5.4834617e-14  
 2913  2.5337651e-05  1.4445835e-06  -9.3293074e-07  5.5181117e-14  5.4447924e-14  
 2914  2.5241676e-05  1.4444554e-06  -9.3078293e-07  5.515172e-14  5.4071672e-14  
 2915  2.5146237e-05  1.4443265e-06  -9.2876867e-07  5.5121612e-14  5.3705673e-14  
 2916  2.5051338e-05  1.4441962e-06  -9.268859e-07  5.5091533e-14  5.3349739e-14  
 2917  2.4956981e-05  1.444064e-06  -9.2513259e-07  5.5060745e-14  5.3003683e-14  
 2918  2.4863169e-05  1.4439292e-06  -9.2350669e-07  5.5029248e-14  5.2667315e-14  
 2919  2.4769904e-05  1.4437911e-06  -9.2200616e-07  5.4997046e-14  5.2340448e-14  
 2920  2.4677189e-05  1.4436493e-06  -9.2062893e-07  5.4964875e-14  5.2022892e-14  
 2921  2.4585027e-05  1.443503e-06  -9.1937298e-07  5.4931999e-14  5.1714459e-14  
 2922  2.4493419e-05  1.4433517e-06  -9.1823626e-07  5.489842e-14  5.1414958e-14  
 2923  2.440237e-05  1.4431948e-06  -9.1721671e-07  5.486414e-14  5.11242e-14  
 2924  2.431188e-05  1.4430316e-06  -9.1631229e-07  5.4829159e-14  5.0841995e-14  
 2925  2.4221954e-05  1.4428615e-06  -9.1552096e-07  5.4794214e-14  5.0568153e-14  
 2926  2.4132592e-05  1.442684e-06  -9.1484066e-07  5.4757837e-14  5.0302483e-14  
 2927  2.4043799e-05  1.4424984e-06  -9.1426936e-07  5.4720764e-14  5.0044795e-14  
 2928  2.3955577e-05  1.4423041e-06  -9.1380501e-07  5.468373e-14  4.9794896e-14  
 2929  2.3867928e-05  1.4421006e-06  -9.1344555e-07  5.4645269e-14  4.9552597e-14  
 2930  2.3780854e-05  1.4418871e-06  -9.1318896e-07  5.4606117e-14  4.9317705e-14  
 2931  2.3694359e-05  1.4416631e-06  -9.1303317e-07  5.4566274e-14  4.9090029e-14  
 2932  2.3608445e-05  1.441428e-06  -9.1297614e-07  5.4525743e-14  4.8869375e-14  
 2933  2.3523114e-05  1.4411812e-06  -9.1301583e-07  5.4484524e-14  4.8655553e-14  
 2934  2.343837e-05  1.440922e-06  -9.1315019e-07  5.4441891e-14  4.8448369e-14  
 2935  2.3354215e-05  1.4406499e-06  -9.1337717e-07  5.4398573e-14  4.8247629e-14  
 2936  2.3270651e-05  1.4403642e-06  -9.1369473e-07  5.4354574e-14  4.8053142e-14  
 2937  2.318768e-05  1.4400644e-06  -9.1410082e-07  5.4309894e-14  4.7864713e-14  
 2938  2.3105307e-05  1.4397498e-06  -9.145934e-07  5.4264534e-14  4.7682148e-14  
 2939  2.3023532e-05  1.4394198e-06  -9.1517041e-07  5.421777e-14  4.7505253e-14  
 2940  2.2942359e-05  1.4390738e-06  -9.1582982e-07  5.4169604e-14  4.7333835e-14  
 2941  2.2861791e-05  1.4387112e-06  -9.1656958e-07  5.4120764e-14  4.7167698e-14  
 2942  2.2781829e-05  1.4383314e-06  -9.1738764e-07  5.4071253e-14  4.7006648e-14  
 2943  2.2702477e-05  1.4379338e-06  -9.1828195e-07  5.4021072e-14  4.6850488e-14  
 2944  2.2623737e-05  1.4375178e-06  -9.1925047e-07  5.3968773e-14  4.6699025e-14  
 2945  2.2545611e-05  1.4370828e-06  -9.2029113e-07  5.3916532e-14  4.6552053e-14  
 2946  2.2468097e-05  1.4366285e-06  -9.2140179e-07  5.3862178e-14  4.6409334e-14  
 2947  2.2391191e-05  1.4361549e-06  -9.2258028e-07  5.3807163e-14  4.6270618e-14  
 2948  2.231489e-05  1.4356616e-06  -9.2382445e-07  5.3751487e-14  4.6135657e-14  
 2949  2.2239193e-05  1.4351484e-06  -9.2513213e-07  5.3694431e-14  4.6004202e-14  
 2950  2.2164095e-05  1.4346152e-06  -9.2650114e-07  5.3635996e-14  4.5876004e-14  
 2951  2.2089593e-05  1.4340618e-06  -9.2792934e-07  5.3576185e-14  4.5750812e-14  
 2952  2.2015685e-05  1.4334879e-06  -9.2941456e-07  5.3515722e-14  4.5628377e-14  
 2953  2.1942368e-05  1.4328934e-06  -9.3095462e-07  5.3453889e-14  4.5508449e-14  
 2954  2.1869638e-05  1.432278e-06  -9.3254738e-07  5.3391408e-14  4.5390776e-14  
 2955  2.1797493e-05  1.4316416e-06  -9.3419066e-07  5.332828e-14  4.5275108e-14  
 2956  2.1725929e-05  1.4309839e-06  -9.358823e-07  5.3264506e-14  4.5161192e-14  
 2957  2.1654943e-05  1.4303048e-06  -9.3762014e-07  5.3200088e-14  4.5048778e-14  
 2958  2.1584533e-05  1.429604e-06  -9.3940201e-07  5.3135028e-14  4.4937612e-14  
 2959  2.1514696e-05  1.4288814e-06  -9.4122576e-07  5.3069326e-14  4.4827443e-14  
 2960  2.1445428e-05  1.4281367e-06  -9.4308921e-07  5.3003701e-14  4.4718018e-14  
 2961  2.1376726e-05  1.4273698e-06  -9.4499021e-07  5.2938153e-14  4.4609084e-14  
 2962  2.1308587e-05  1.4265804e-06  -9.4692658e-07  5.2871966e-14  4.4500386e-14  
 2963  2.1241009e-05  1.4257683e-06  -9.4889617e-07  5.2805857e-14  4.4391671e-14  
 2964  2.1173989e-05  1.4249334e-06  -9.5089681e-07  5.2739824e-14  4.4282686e-14  
 2965  2.1107522e-05  1.4240755e-06  -9.5292634e-07  5.267387e-14  4.4173175e-14  
 2966  2.1041607e-05  1.4231942e-06  -9.5498259e-07  5.2607992e-14  4.4062883e-14  
 2967  2.097624e-05  1.4222895e-06  -9.5706341e-07  5.2542905e-14  4.3951555e-14  
 2968  2.0911418e-05  1.4213612e-06  -9.5916662e-07  5.2477895e-14  4.3838936e-14  
 2969  2.0847139e-05  1.420409e-06  -9.6129007e-07  5.2413672e-14  4.372477e-14  
 2970  2.0783399e-05  1.4194327e-06  -9.6343158e-07  5.2350237e-14  4.3608801e-14  
 2971  2.0720195e-05  1.4184321e-06  -9.65589e-07  5.2286876e-14  4.3490771e-14  
 2972  2.0657524e-05  1.4174071e-06  -9.6776017e-07  5.2225011e-14  4.3370424e-14  
 2973  2.0595383e-05  1.4163574e-06  -9.6994291e-07  5.2163928e-14  4.3247503e-14  
 2974  2.0533769e-05  1.4152829e-06  -9.7213507e-07  5.2103626e-14  4.312175e-14  
 2975  2.047268e-05  1.4141832e-06  -9.7433448e-07  5.2044104e-14  4.2992907e-14  
 2976  2.0412112e-05  1.4130583e-06  -9.7653897e-07  5.1986068e-14  4.2860715e-14  
 2977  2.0352061e-05  1.4119079e-06  -9.7874639e-07  5.1929517e-14  4.2724917e-14  
 2978  2.0292526e-05  1.4107319e-06  -9.8095457e-07  5.1874447e-14  4.2585253e-14  
 2979  2.0233503e-05  1.40953e-06  -9.8316135e-07  5.1820147e-14  4.2441463e-14  
 2980  2.0174989e-05  1.4083019e-06  -9.8536456e-07  5.1768031e-14  4.2293288e-14  
 2981  2.011698e-05  1.4070477e-06  -9.8756204e-07  5.1717387e-14  4.2140468e-14  
 2982  2.0059475e-05  1.4057669e-06  -9.8975162e-07  5.1668213e-14  4.1982743e-14  
 2983  2.000247e-05  1.4044594e-06  -9.9193114e-07  5.1621211e-14  4.1819852e-14  
 2984  1.9945961e-05  1.4031252e-06  -9.9409857e-07  5.1576378e-14  4.1651615e-14  
 2985  1.9889941e-05  1.4017645e-06  -9.9625232e-07  5.1533003e-14  4.1478178e-14  
 2986  1.9834403e-05  1.4003777e-06  -9.9839095e-07  5.1491788e-14  4.129977e-14  
 2987  1.9779338e-05  1.3989653e-06  -1.000513e-06  5.145273e-14  4.111662e-14  
 2988  1.972474e-05  1.3975277e-06  -1.0026171e-06  5.1415824e-14  4.0928956e-14  
 2989  1.96706e-05  1.3960653e-06  -1.0047017e-06  5.1381768e-14  4.0737006e-14  
 2990  1.9616911e-05  1.3945784e-06  -1.0067653e-06  5.1349854e-14  4.0541001e-14  
 2991  1.9563665e-05  1.3930676e-06  -1.0088066e-06  5.1320781e-14  4.034117e-14  
 2992  1.9510855e-05  1.3915332e-06  -1.0108241e-06  5.129384e-14  4.0137743e-14  
 2993  1.9458472e-05  1.3899756e-06  -1.0128164e-06  5.1269728e-14  3.9930951e-14  
 2994  1.9406509e-05  1.3883953e-06  -1.0147819e-06  5.1248441e-14  3.9721024e-14  
 2995  1.9354959e-05  1.3867927e-06  -1.0167193e-06  5.1230673e-14  3.9508193e-14  
 2996  1.9303813e-05  1.3851681e-06  -1.0186271e-06  5.1215016e-14  3.9292689e-14  
 2997  1.9253064e-05  1.3835221e-06  -1.0205038e-06  5.1202866e-14  3.9074743e-14  
 2998  1.9202704e-05  1.3818549e-06  -1.022348e-06  5.1193516e-14  3.8854589e-14  
 2999  1.9152726e-05  1.3801671e-06  -1.0241583e-06  5.118766e-14  3.8632458e-14  
 3000  1.9103122e-05  1.378459e-06  -1.0259332e-06  5.118529e-14  3.8408582e-14  
