   11 1.113991904e-10 4.229802472e-16
   12 1.119842572e-10 3.623259865e-16
   13 1.128064085e-10 3.354279116e-16
   14 1.137880970e-10 3.412164054e-16
   15 1.149587571e-10 3.651058831e-16
   16 1.163215693e-10 3.979981364e-16
   17 1.177390261e-10 4.424461635e-16
   18 1.192673550e-10 5.065148482e-16
   19 1.209215729e-10 5.933072743e-16
   20 1.226261972e-10 7.030437263e-16
   21 1.243944121e-10 8.340306422e-16
   22 1.262344515e-10 9.836320492e-16
   23 1.281351183e-10 1.152255700e-15
   24 1.300608761e-10 1.340932057e-15
   25 1.320248732e-10 1.549201842e-15
   26 1.340407970e-10 1.776277413e-15
   27 1.361159262e-10 2.023450791e-15
   28 1.382367636e-10 2.292896238e-15
   29 1.403755276e-10 2.586906908e-15
   30 1.425388371e-10 2.906949308e-15
   31 1.447347172e-10 3.254242484e-15
   32 1.469622867e-10 3.629942913e-15
   33 1.492251099e-10 4.034960413e-15
   34 1.515204333e-10 4.470061977e-15
   35 1.538395452e-10 4.935950786e-15
   36 1.561853842e-10 5.433404594e-15
   37 1.585594428e-10 5.963174500e-15
   38 1.609561178e-10 6.525941841e-15
   39 1.633669221e-10 7.122348960e-15
   40 1.657967203e-10 7.753116388e-15
   41 1.682517376e-10 8.418957158e-15
   42 1.707346686e-10 9.120542148e-15
   43 1.732457967e-10 9.858493439e-15
   44 1.757877063e-10 1.063336747e-14
   45 1.783613738e-10 1.144566270e-14
   46 1.809644918e-10 1.229582086e-14
   47 1.835911701e-10 1.318422439e-14
   48 1.862346413e-10 1.411119933e-14
   49 1.888969743e-10 1.507703111e-14
   50 1.915815864e-10 1.608194873e-14
   51 1.942903360e-10 1.712611734e-14
   52 1.970233783e-10 1.820963593e-14
   53 1.997801696e-10 1.933255981e-14
   54 2.025631197e-10 2.049498027e-14
   55 2.053746260e-10 2.169696135e-14
   56 2.082159102e-10 2.293851555e-14
   57 2.110869215e-10 2.421960252e-14
   58 2.139862393e-10 2.554012778e-14
   59 2.169120132e-10 2.689990365e-14
   60 2.198652560e-10 2.829852441e-14
   61 2.228471451e-10 2.973545983e-14
   62 2.258579928e-10 3.121008786e-14
   63 2.288971840e-10 3.272169204e-14
   64 2.319631145e-10 3.426945901e-14
   65 2.350541164e-10 3.585252246e-14
   66 2.381715998e-10 3.747011203e-14
   67 2.413174681e-10 3.912143144e-14
   68 2.444931551e-10 4.080561346e-14
   69 2.476995917e-10 4.252171862e-14
   70 2.509371705e-10 4.426873393e-14
   71 2.542057126e-10 4.604557164e-14
   72 2.575048911e-10 4.785110082e-14
   73 2.608356748e-10 4.968425202e-14
   74 2.641991012e-10 5.154393052e-14
   75 2.675958190e-10 5.342898469e-14
   76 2.710260643e-10 5.533820556e-14
   77 2.744896368e-10 5.727032622e-14
   78 2.779858758e-10 5.922402135e-14
   79 2.815136368e-10 6.119790672e-14
   80 2.850717879e-10 6.319054274e-14
   81 2.886608537e-10 6.520044726e-14
   82 2.922816145e-10 6.722608407e-14
   83 2.959345978e-10 6.926585856e-14
   84 2.996200633e-10 7.131811726e-14
   85 3.033379889e-10 7.338114743e-14
   86 3.070880571e-10 7.545317660e-14
   87 3.108696400e-10 7.753237212e-14
   88 3.146817857e-10 7.961684077e-14
   89 3.185235723e-10 8.170467434e-14
   90 3.223952653e-10 8.379409577e-14
   91 3.262973167e-10 8.588333525e-14
   92 3.302300040e-10 8.797058645e-14
   93 3.341934215e-10 9.005400673e-14
   94 3.381874718e-10 9.213171742e-14
   95 3.422118570e-10 9.420180408e-14
   96 3.462660704e-10 9.626231672e-14
   97 3.503493872e-10 9.831127008e-14
   98 3.544608564e-10 1.003466439e-13
   99 3.585995404e-10 1.023664240e-13
  100 3.627652906e-10 1.043687320e-13
  101 3.669580664e-10 1.063517148e-13
  102 3.711776905e-10 1.083135055e-13
  103 3.754238438e-10 1.102522248e-13
  104 3.796960592e-10 1.121659811e-13
  105 3.839937164e-10 1.140528717e-13
  106 3.883160361e-10 1.159109835e-13
  107 3.926620743e-10 1.177383935e-13
  108 3.970307166e-10 1.195331698e-13
  109 4.014206728e-10 1.212933721e-13
  110 4.058307009e-10 1.230171026e-13
  111 4.102603242e-10 1.247026627e-13
  112 4.147091959e-10 1.263484176e-13
  113 4.191768740e-10 1.279527498e-13
  114 4.236628183e-10 1.295140600e-13
  115 4.281663864e-10 1.310307685e-13
  116 4.326868308e-10 1.325013167e-13
  117 4.372232954e-10 1.339241676e-13
  118 4.417748119e-10 1.352978080e-13
  119 4.463402969e-10 1.366207488e-13
  120 4.509185478e-10 1.378915271e-13
  121 4.555082401e-10 1.391087068e-13
  122 4.601079235e-10 1.402708799e-13
  123 4.647161906e-10 1.413767148e-13
  124 4.693322100e-10 1.424251032e-13
  125 4.739552483e-10 1.434150322e-13
  126 4.785845019e-10 1.443455410e-13
  127 4.832190947e-10 1.452157219e-13
  128 4.878580762e-10 1.460247228e-13
  129 4.925004199e-10 1.467717482e-13
  130 4.971450204e-10 1.474560606e-13
  131 5.017906920e-10 1.480769829e-13
  132 5.064361667e-10 1.486338993e-13
  133 5.110800916e-10 1.491262570e-13
  134 5.157210275e-10 1.495535683e-13
  135 5.203574466e-10 1.499154116e-13
  136 5.249877301e-10 1.502114333e-13
  137 5.296103128e-10 1.504413763e-13
  138 5.342241353e-10 1.506051661e-13
  139 5.388282347e-10 1.507028366e-13
  140 5.434216016e-10 1.507345059e-13
  141 5.480031792e-10 1.507003777e-13
  142 5.525718622e-10 1.506007437e-13
  143 5.571264953e-10 1.504359847e-13
  144 5.616658725e-10 1.502065727e-13
  145 5.661887361e-10 1.499130728e-13
  146 5.706937749e-10 1.495561446e-13
  147 5.751796239e-10 1.491365445e-13
  148 5.796448627e-10 1.486551270e-13
  149 5.840880145e-10 1.481128465e-13
  150 5.885075449e-10 1.475107594e-13
  151 5.929018612e-10 1.468500258e-13
  152 5.972693107e-10 1.461319109e-13
  153 6.016083004e-10 1.453577700e-13
  154 6.059176699e-10 1.445289964e-13
  155 6.101963512e-10 1.436470718e-13
  156 6.144432506e-10 1.427135851e-13
  157 6.186572486e-10 1.417302335e-13
  158 6.228371991e-10 1.406988246e-13
  159 6.269819290e-10 1.396212782e-13
  160 6.310902378e-10 1.384996274e-13
  161 6.351608967e-10 1.373360210e-13
  162 6.391926487e-10 1.361327248e-13
  163 6.431842078e-10 1.348921232e-13
  164 6.471342584e-10 1.336167212e-13
  165 6.510414549e-10 1.323091458e-13
  166 6.549044212e-10 1.309721478e-13
  167 6.587217504e-10 1.296086036e-13
  168 6.624920038e-10 1.282215167e-13
  169 6.662137111e-10 1.268140196e-13
  170 6.698853692e-10 1.253893750e-13
  171 6.735055426e-10 1.239508788e-13
  172 6.770731732e-10 1.225015529e-13
  173 6.805872955e-10 1.210444296e-13
  174 6.840469381e-10 1.195826500e-13
  175 6.874511240e-10 1.181194654e-13
  176 6.907988700e-10 1.166582382e-13
  177 6.940891873e-10 1.152024436e-13
  178 6.973210808e-10 1.137556707e-13
  179 7.004935493e-10 1.123216237e-13
  180 7.036055853e-10 1.109041234e-13
  181 7.066561751e-10 1.095071082e-13
  182 7.096442985e-10 1.081346358e-13
  183 7.125689288e-10 1.067908840e-13
  184 7.154290327e-10 1.054801521e-13
  185 7.182235702e-10 1.042068626e-13
  186 7.209514946e-10 1.029755619e-13
  187 7.236117523e-10 1.017909220e-13
  188 7.262032827e-10 1.006577416e-13
  189 7.287250182e-10 9.958094716e-14
  190 7.311758842e-10 9.856559480e-14
  191 7.335548704e-10 9.761666030e-14
  192 7.358612519e-10 9.673839103e-14
  193 7.380943848e-10 9.593490798e-14
  194 7.402536361e-10 9.521041261e-14
  195 7.423383836e-10 9.456918751e-14
  196 7.443480164e-10 9.401559693e-14
  197 7.462819350e-10 9.355408740e-14
  198 7.481395513e-10 9.318918831e-14
  199 7.499202885e-10 9.292551252e-14
  200 7.516235820e-10 9.276775693e-14
  201 7.532488788e-10 9.272070308e-14
  202 7.547956381e-10 9.278921774e-14
  203 7.562633311e-10 9.297825352e-14
  204 7.576514414e-10 9.329284942e-14
  205 7.589594652e-10 9.373813147e-14
  206 7.601869112e-10 9.431931329e-14
  207 7.613333008e-10 9.504169668e-14
  208 7.623981686e-10 9.591067223e-14
  209 7.633810619e-10 9.693171991e-14
  210 7.642815415e-10 9.811040964e-14
  211 7.650991813e-10 9.945240190e-14
  212 7.658335690e-10 1.009634483e-13
  213 7.664843452e-10 1.026490610e-13
  214 7.670513254e-10 1.045134945e-13
  215 7.675343869e-10 1.065606960e-13
  216 7.679334300e-10 1.087946307e-13
  217 7.682483784e-10 1.112192808e-13
  218 7.684791795e-10 1.138386457e-13
  219 7.686258046e-10 1.166567418e-13
  220 7.686882491e-10 1.196776016e-13
  221 7.686665327e-10 1.229052743e-13
  222 7.685606999e-10 1.263438247e-13
  223 7.683708200e-10 1.299973334e-13
  224 7.680969874e-10 1.338698966e-13
  225 7.677393221e-10 1.379656252e-13
  226 7.672979695e-10 1.422886453e-13
  227 7.667731010e-10 1.468430974e-13
  228 7.661649142e-10 1.516331364e-13
  229 7.654736329e-10 1.566629309e-13
  230 7.646995077e-10 1.619366635e-13
  231 7.638428162e-10 1.674585302e-13
  232 7.629038629e-10 1.732327401e-13
  233 7.618829798e-10 1.792635150e-13
  234 7.607805265e-10 1.855550896e-13
  235 7.595968907e-10 1.921117108e-13
  236 7.583324881e-10 1.989376374e-13
  237 7.569877626e-10 2.060371402e-13
  238 7.555631808e-10 2.134141106e-13
  239 7.540592122e-10 2.210708633e-13
  240 7.524763479e-10 2.290092605e-13
  241 7.508151072e-10 2.372310953e-13
  242 7.490760377e-10 2.457380904e-13
  243 7.472597156e-10 2.545318970e-13
  244 7.453667459e-10 2.636140936e-13
  245 7.433977627e-10 2.729861851e-13
  246 7.413534293e-10 2.826496016e-13
  247 7.392344386e-10 2.926056972e-13
  248 7.370415132e-10 3.028557492e-13
  249 7.347754058e-10 3.134009564e-13
  250 7.324368992e-10 3.242424388e-13
  251 7.300268067e-10 3.353812358e-13
  252 7.275459724e-10 3.468183054e-13
  253 7.249952713e-10 3.585545232e-13
  254 7.223756097e-10 3.705906810e-13
  255 7.196879250e-10 3.829274859e-13
  256 7.169331866e-10 3.955655593e-13
  257 7.141123957e-10 4.085054354e-13
  258 7.112265855e-10 4.217475605e-13
  259 7.082768217e-10 4.352922917e-13
  260 7.052642025e-10 4.491398958e-13
  261 7.021898592e-10 4.632905484e-13
  262 6.990549559e-10 4.777443323e-13
  263 6.958606901e-10 4.925012369e-13
  264 6.926082929e-10 5.075611571e-13
  265 6.892990292e-10 5.229238917e-13
  266 6.859341389e-10 5.385888908e-13
  267 6.825146566e-10 5.545544833e-13
  268 6.790415826e-10 5.708186052e-13
  269 6.755159413e-10 5.873790461e-13
  270 6.719387810e-10 6.042334479e-13
  271 6.683111743e-10 6.213793032e-13
  272 6.646342182e-10 6.388139537e-13
  273 6.609090343e-10 6.565345886e-13
  274 6.571367685e-10 6.745382433e-13
  275 6.533185920e-10 6.928217977e-13
  276 6.494557003e-10 7.113819747e-13
  277 6.455493146e-10 7.302153388e-13
  278 6.416006807e-10 7.493182942e-13
  279 6.376110702e-10 7.686870838e-13
  280 6.335817799e-10 7.883177872e-13
  281 6.295141323e-10 8.082063195e-13
  282 6.254094756e-10 8.283484295e-13
  283 6.212691839e-10 8.487396984e-13
  284 6.170946573e-10 8.693755382e-13
  285 6.128873221e-10 8.902511900e-13
  286 6.086486309e-10 9.113617228e-13
  287 6.043800626e-10 9.327020316e-13
  288 6.000831228e-10 9.542668362e-13
  289 5.957593438e-10 9.760506794e-13
  290 5.914102847e-10 9.980479256e-13
  291 5.870375316e-10 1.020252760e-12
  292 5.826426976e-10 1.042659184e-12
  293 5.782274232e-10 1.065261019e-12
  294 5.737933763e-10 1.088051901e-12
  295 5.693422523e-10 1.111025278e-12
  296 5.648757741e-10 1.134174412e-12
  297 5.603955873e-10 1.157492565e-12
  298 5.559029385e-10 1.180973566e-12
  299 5.513989811e-10 1.204611269e-12
  300 5.468848798e-10 1.228399365e-12
  301 5.423618102e-10 1.252331380e-12
  302 5.378309588e-10 1.276400675e-12
  303 5.332935232e-10 1.300600444e-12
  304 5.287507118e-10 1.324923714e-12
  305 5.242037442e-10 1.349363339e-12
  306 5.196538508e-10 1.373912007e-12
  307 5.151022729e-10 1.398562232e-12
  308 5.105502630e-10 1.423306353e-12
  309 5.059990843e-10 1.448136536e-12
  310 5.014500111e-10 1.473044773e-12
  311 4.969043284e-10 1.498022876e-12
  312 4.923633325e-10 1.523062480e-12
  313 4.878283303e-10 1.548155041e-12
  314 4.833006398e-10 1.573291833e-12
  315 4.787815899e-10 1.598463947e-12
  316 4.742725202e-10 1.623662294e-12
  317 4.697747815e-10 1.648877597e-12
  318 4.652897352e-10 1.674100393e-12
  319 4.608187540e-10 1.699321035e-12
  320 4.563632211e-10 1.724529684e-12
  321 4.519245307e-10 1.749716312e-12
  322 4.475040879e-10 1.774870702e-12
  323 4.431033087e-10 1.799982441e-12
  324 4.387236200e-10 1.825040926e-12
  325 4.343664594e-10 1.850035357e-12
  326 4.300332754e-10 1.874954737e-12
  327 4.257255275e-10 1.899787874e-12
  328 4.214446859e-10 1.924523376e-12
  329 4.171922317e-10 1.949149651e-12
  330 4.129696567e-10 1.973654905e-12
  331 4.087784638e-10 1.998027143e-12
  332 4.046200503e-10 2.022255051e-12
  333 4.004953545e-10 2.046330700e-12
  334 3.964051937e-10 2.070246959e-12
  335 3.923503793e-10 2.093996617e-12
  336 3.883317162e-10 2.117572387e-12
  337 3.843500030e-10 2.140966903e-12
  338 3.804060317e-10 2.164172718e-12
  339 3.765005876e-10 2.187182307e-12
  340 3.726344492e-10 2.209988065e-12
  341 3.688083881e-10 2.232582308e-12
  342 3.650231688e-10 2.254957268e-12
  343 3.612795485e-10 2.277105102e-12
  344 3.575782771e-10 2.299017880e-12
  345 3.539200971e-10 2.320687596e-12
  346 3.503057434e-10 2.342106160e-12
  347 3.467359431e-10 2.363265398e-12
  348 3.432114154e-10 2.384157058e-12
  349 3.397328715e-10 2.404772802e-12
  350 3.363010146e-10 2.425104212e-12
  351 3.329165396e-10 2.445142784e-12
  352 3.295801329e-10 2.464879932e-12
  353 3.262924723e-10 2.484306987e-12
  354 3.230542273e-10 2.503415194e-12
  355 3.198660583e-10 2.522195715e-12
  356 3.167286169e-10 2.540639627e-12
  357 3.136425456e-10 2.558737920e-12
  358 3.106084778e-10 2.576481503e-12
  359 3.076270374e-10 2.593861194e-12
  360 3.046988392e-10 2.610867730e-12
  361 3.018244879e-10 2.627491758e-12
  362 2.990045791e-10 2.643723840e-12
  363 2.962396981e-10 2.659554451e-12
  364 2.935304205e-10 2.674973978e-12
  365 2.908773116e-10 2.689972722e-12
  366 2.882809266e-10 2.704540895e-12
  367 2.857418102e-10 2.718668620e-12
  368 2.832604969e-10 2.732345932e-12
  369 2.808375102e-10 2.745562780e-12
  370 2.784733631e-10 2.758309019e-12
  371 2.761685002e-10 2.770575690e-12
  372 2.739231229e-10 2.782358880e-12
  373 2.717373574e-10 2.793656008e-12
  374 2.696113108e-10 2.804464571e-12
  375 2.675450717e-10 2.814782141e-12
  376 2.655387091e-10 2.824606366e-12
  377 2.635922729e-10 2.833934974e-12
  378 2.617057934e-10 2.842765771e-12
  379 2.598792814e-10 2.851096643e-12
  380 2.581127276e-10 2.858925554e-12
  381 2.564061028e-10 2.866250552e-12
  382 2.547593574e-10 2.873069767e-12
  383 2.531724216e-10 2.879381409e-12
  384 2.516452049e-10 2.885183774e-12
  385 2.501775960e-10 2.890475241e-12
  386 2.487694626e-10 2.895254275e-12
  387 2.474206515e-10 2.899519426e-12
  388 2.461309878e-10 2.903269331e-12
  389 2.449002754e-10 2.906502715e-12
  390 2.437282965e-10 2.909218391e-12
  391 2.426148112e-10 2.911415261e-12
  392 2.415595578e-10 2.913092317e-12
  393 2.405622523e-10 2.914248640e-12
  394 2.396225882e-10 2.914883405e-12
  395 2.387402365e-10 2.914995878e-12
  396 2.379148454e-10 2.914585418e-12
  397 2.371460403e-10 2.913651478e-12
  398 2.364334232e-10 2.912193606e-12
  399 2.357765728e-10 2.910211443e-12
  400 2.351750447e-10 2.907704730e-12
  401 2.346283702e-10 2.904673303e-12
  402 2.341360574e-10 2.901117095e-12
  403 2.336975898e-10 2.897036138e-12
  404 2.333124270e-10 2.892430564e-12
  405 2.329800041e-10 2.887300606e-12
  406 2.326997316e-10 2.881646596e-12
  407 2.324709952e-10 2.875468969e-12
  408 2.322931559e-10 2.868768261e-12
  409 2.321655492e-10 2.861545112e-12
  410 2.320875304e-10 2.853800944e-12
  411 2.320586105e-10 2.845540009e-12
  412 2.320783246e-10 2.836767414e-12
  413 2.321461871e-10 2.827488453e-12
  414 2.322616917e-10 2.817708606e-12
  415 2.324243114e-10 2.807433543e-12
  416 2.326334981e-10 2.796669123e-12
  417 2.328886825e-10 2.785421399e-12
  418 2.331892742e-10 2.773696613e-12
  419 2.335346610e-10 2.761501202e-12
  420 2.339242095e-10 2.748841801e-12
  421 2.343572642e-10 2.735725236e-12
  422 2.348331478e-10 2.722158536e-12
  423 2.353511612e-10 2.708148925e-12
  424 2.359105827e-10 2.693703830e-12
  425 2.365106686e-10 2.678830879e-12
  426 2.371506525e-10 2.663537900e-12
  427 2.378297453e-10 2.647832929e-12
  428 2.385471353e-10 2.631724205e-12
  429 2.393019878e-10 2.615220174e-12
  430 2.400934449e-10 2.598329490e-12
  431 2.409206256e-10 2.581061017e-12
  432 2.417826253e-10 2.563423827e-12
  433 2.426785160e-10 2.545427206e-12
  434 2.436073461e-10 2.527080652e-12
  435 2.445681399e-10 2.508393879e-12
  436 2.455598980e-10 2.489376812e-12
  437 2.465815967e-10 2.470039598e-12
  438 2.476321879e-10 2.450392599e-12
  439 2.487105992e-10 2.430446397e-12
  440 2.498157337e-10 2.410211794e-12
  441 2.509464696e-10 2.389699816e-12
  442 2.521016603e-10 2.368921709e-12
  443 2.532801340e-10 2.347888947e-12
  444 2.544806940e-10 2.326613226e-12
  445 2.557021181e-10 2.305106471e-12
  446 2.569431585e-10 2.283380836e-12
  447 2.582025419e-10 2.261448702e-12
  448 2.594789693e-10 2.239322683e-12
  449 2.607712386e-10 2.217015112e-12
  450 2.620786181e-10 2.194536484e-12
  451 2.634004847e-10 2.171896967e-12
  452 2.647362025e-10 2.149106909e-12
  453 2.660851221e-10 2.126176841e-12
  454 2.674465811e-10 2.103117473e-12
  455 2.688199035e-10 2.079939703e-12
  456 2.702044000e-10 2.056654610e-12
  457 2.715993677e-10 2.033273461e-12
  458 2.730040902e-10 2.009807706e-12
  459 2.744178372e-10 1.986268987e-12
  460 2.758398651e-10 1.962669131e-12
  461 2.772694161e-10 1.939020154e-12
  462 2.787057186e-10 1.915334266e-12
  463 2.801479871e-10 1.891623864e-12
  464 2.815954220e-10 1.867901539e-12
  465 2.830472096e-10 1.844180077e-12
  466 2.845025220e-10 1.820472454e-12
  467 2.859605170e-10 1.796791846e-12
  468 2.874203380e-10 1.773151620e-12
  469 2.888811141e-10 1.749565346e-12
  470 2.903419598e-10 1.726046786e-12
  471 2.918019751e-10 1.702609905e-12
  472 2.932602451e-10 1.679268866e-12
  473 2.947158406e-10 1.656038035e-12
  474 2.961678171e-10 1.632931978e-12
  475 2.976152156e-10 1.609965464e-12
  476 2.990570620e-10 1.587153466e-12
  477 3.004923671e-10 1.564511164e-12
  478 3.019201266e-10 1.542053940e-12
  479 3.033393211e-10 1.519797386e-12
  480 3.047489158e-10 1.497757300e-12
  481 3.061478606e-10 1.475949689e-12
  482 3.075350902e-10 1.454390770e-12
  483 3.089095234e-10 1.433096970e-12
  484 3.102700638e-10 1.412084929e-12
  485 3.116155990e-10 1.391371497e-12
  486 3.129450012e-10 1.370973740e-12
  487 3.142571266e-10 1.350908937e-12
  488 3.155509569e-10 1.331192957e-12
  489 3.168260278e-10 1.311835325e-12
  490 3.180820132e-10 1.292844008e-12
  491 3.193185848e-10 1.274227031e-12
  492 3.205354122e-10 1.255992479e-12
  493 3.217321627e-10 1.238148490e-12
  494 3.229085019e-10 1.220703263e-12
  495 3.240640930e-10 1.203665054e-12
  496 3.251985969e-10 1.187042176e-12
  497 3.263116727e-10 1.170843001e-12
  498 3.274029773e-10 1.155075959e-12
  499 3.284721651e-10 1.139749540e-12
  500 3.295188889e-10 1.124872289e-12
  501 3.305427989e-10 1.110452813e-12
  502 3.315435432e-10 1.096499776e-12
  503 3.325207680e-10 1.083021903e-12
  504 3.334741170e-10 1.070027976e-12
  505 3.344032320e-10 1.057526837e-12
  506 3.353077523e-10 1.045527388e-12
  507 3.361873153e-10 1.034038590e-12
  508 3.370415561e-10 1.023069465e-12
  509 3.378701075e-10 1.012629093e-12
  510 3.386726002e-10 1.002726616e-12
  511 3.394486626e-10 9.933712340e-13
  512 3.401979211e-10 9.845722096e-13
  513 3.409199997e-10 9.763388647e-13
  514 3.416145201e-10 9.686805822e-13
  515 3.422811018e-10 9.616068058e-13
  516 3.429193624e-10 9.551270401e-13
  517 3.435289167e-10 9.492508507e-13
  518 3.441093776e-10 9.439878649e-13
  519 3.446603558e-10 9.393477710e-13
  520 3.451814595e-10 9.353403190e-13
  521 3.456722948e-10 9.319753206e-13
  522 3.461324655e-10 9.292626496e-13
  523 3.465615730e-10 9.272122415e-13
  524 3.469592167e-10 9.258340941e-13
  525 3.473249934e-10 9.251382675e-13
  526 3.476584977e-10 9.251348844e-13
  527 3.479594146e-10 9.258323313e-13
  528 3.482277993e-10 9.272318084e-13
  529 3.484638051e-10 9.293326297e-13
  530 3.486675912e-10 9.321340073e-13
  531 3.488393234e-10 9.356350509e-13
  532 3.489791733e-10 9.398347670e-13
  533 3.490873192e-10 9.447320585e-13
  534 3.491639453e-10 9.503257239e-13
  535 3.492092425e-10 9.566144568e-13
  536 3.492234077e-10 9.635968451e-13
  537 3.492066447e-10 9.712713706e-13
  538 3.491591632e-10 9.796364081e-13
  539 3.490811798e-10 9.886902252e-13
  540 3.489729175e-10 9.984309811e-13
  541 3.488346056e-10 1.008856727e-12
  542 3.486664803e-10 1.019965403e-12
  543 3.484687844e-10 1.031754841e-12
  544 3.482417671e-10 1.044222762e-12
  545 3.479856846e-10 1.057366775e-12
  546 3.477007995e-10 1.071184379e-12
  547 3.473873814e-10 1.085672957e-12
  548 3.470457067e-10 1.100829782e-12
  549 3.466760584e-10 1.116652013e-12
  550 3.462787265e-10 1.133136694e-12
  551 3.458540080e-10 1.150280753e-12
  552 3.454022066e-10 1.168081004e-12
  553 3.449236332e-10 1.186534144e-12
  554 3.444186055e-10 1.205636754e-12
  555 3.438874484e-10 1.225385296e-12
  556 3.433304936e-10 1.245776115e-12
  557 3.427480803e-10 1.266805438e-12
  558 3.421405546e-10 1.288469370e-12
  559 3.415082696e-10 1.310763899e-12
  560 3.408515860e-10 1.333684890e-12
  561 3.401708715e-10 1.357228089e-12
  562 3.394665010e-10 1.381389119e-12
  563 3.387388570e-10 1.406163479e-12
  564 3.379883290e-10 1.431546548e-12
  565 3.372153142e-10 1.457533579e-12
  566 3.364202251e-10 1.484118924e-12
  567 3.356035143e-10 1.511293673e-12
  568 3.347656508e-10 1.539047954e-12
  569 3.339071116e-10 1.567371701e-12
  570 3.330283820e-10 1.596254655e-12
  571 3.321299556e-10 1.625686363e-12
  572 3.312123344e-10 1.655656175e-12
  573 3.302760286e-10 1.686153246e-12
  574 3.293215570e-10 1.717166533e-12
  575 3.283494467e-10 1.748684797e-12
  576 3.273602332e-10 1.780696596e-12
  577 3.263544607e-10 1.813190292e-12
  578 3.253326818e-10 1.846154044e-12
  579 3.242954578e-10 1.879575810e-12
  580 3.232433585e-10 1.913443343e-12
  581 3.221769624e-10 1.947744197e-12
  582 3.210968568e-10 1.982465716e-12
  583 3.200036377e-10 2.017595044e-12
  584 3.188979097e-10 2.053119113e-12
  585 3.177802864e-10 2.089024653e-12
  586 3.166513903e-10 2.125298182e-12
  587 3.155118525e-10 2.161926010e-12
  588 3.143623133e-10 2.198894238e-12
  589 3.132034218e-10 2.236188755e-12
  590 3.120358362e-10 2.273795237e-12
  591 3.108602238e-10 2.311699151e-12
  592 3.096772608e-10 2.349885745e-12
  593 3.084876325e-10 2.388340057e-12
  594 3.072920336e-10 2.427046907e-12
  595 3.060911677e-10 2.465990899e-12
  596 3.048857478e-10 2.505156419e-12
  597 3.036764962e-10 2.544527637e-12
  598 3.024641443e-10 2.584088502e-12
  599 3.012494331e-10 2.623822741e-12
  600 3.000331126e-10 2.663713864e-12
  601 2.988159427e-10 2.703745157e-12
  602 2.975986924e-10 2.743899682e-12
  603 2.963821402e-10 2.784160279e-12
  604 2.951670743e-10 2.824509563e-12
  605 2.939542295e-10 2.864930779e-12
  606 2.927440971e-10 2.905410391e-12
  607 2.915371103e-10 2.945935555e-12
  608 2.903337074e-10 2.986493267e-12
  609 2.891343311e-10 3.027070363e-12
  610 2.879394287e-10 3.067653515e-12
  611 2.867494524e-10 3.108229236e-12
  612 2.855648592e-10 3.148783874e-12
  613 2.843861106e-10 3.189303615e-12
  614 2.832136731e-10 3.229774482e-12
  615 2.820480177e-10 3.270182332e-12
  616 2.808896205e-10 3.310512856e-12
  617 2.797389623e-10 3.350751581e-12
  618 2.785965285e-10 3.390883868e-12
  619 2.774628098e-10 3.430894908e-12
  620 2.763383014e-10 3.470769727e-12
  621 2.752235035e-10 3.510493183e-12
  622 2.741189213e-10 3.550049962e-12
  623 2.730250647e-10 3.589424582e-12
  624 2.719424487e-10 3.628601393e-12
  625 2.708715931e-10 3.667564570e-12
  626 2.698130230e-10 3.706298120e-12
  627 2.687672680e-10 3.744785874e-12
  628 2.677348631e-10 3.783011495e-12
  629 2.667163481e-10 3.820958469e-12
  630 2.657122680e-10 3.858610109e-12
  631 2.647231727e-10 3.895949552e-12
  632 2.637496172e-10 3.932959763e-12
  633 2.627921617e-10 3.969623528e-12
  634 2.618513713e-10 4.005923457e-12
  635 2.609278165e-10 4.041841983e-12
  636 2.600220726e-10 4.077361362e-12
  637 2.591347204e-10 4.112463669e-12
  638 2.582663456e-10 4.147130803e-12
  639 2.574175392e-10 4.181344480e-12
  640 2.565888975e-10 4.215086238e-12
  641 2.557810218e-10 4.248337433e-12
  642 2.549945188e-10 4.281079240e-12
  643 2.542300005e-10 4.313292649e-12
  644 2.534879987e-10 4.344960526e-12
  645 2.527687067e-10 4.376073824e-12
  646 2.520722323e-10 4.406625507e-12
  647 2.513986819e-10 4.436608509e-12
  648 2.507481609e-10 4.466015734e-12
  649 2.501207735e-10 4.494840053e-12
  650 2.495166231e-10 4.523074306e-12
  651 2.489358118e-10 4.550711305e-12
  652 2.483784405e-10 4.577743828e-12
  653 2.478446092e-10 4.604164622e-12
  654 2.473344166e-10 4.629966405e-12
  655 2.468479604e-10 4.655141861e-12
  656 2.463853370e-10 4.679683645e-12
  657 2.459466418e-10 4.703584379e-12
  658 2.455319690e-10 4.726836655e-12
  659 2.451414116e-10 4.749433033e-12
  660 2.447750615e-10 4.771366041e-12
  661 2.444330093e-10 4.792628176e-12
  662 2.441153446e-10 4.813211905e-12
  663 2.438221556e-10 4.833109660e-12
  664 2.435535294e-10 4.852313845e-12
  665 2.433095519e-10 4.870816831e-12
  666 2.430903078e-10 4.888610955e-12
  667 2.428958805e-10 4.905688527e-12
  668 2.427263522e-10 4.922041820e-12
  669 2.425818039e-10 4.937663080e-12
  670 2.424623154e-10 4.952544517e-12
  671 2.423679650e-10 4.966678312e-12
  672 2.422988301e-10 4.980056614e-12
  673 2.422549865e-10 4.992671537e-12
  674 2.422365089e-10 5.004515167e-12
  675 2.422434708e-10 5.015579554e-12
  676 2.422759440e-10 5.025856719e-12
  677 2.423339996e-10 5.035338650e-12
  678 2.424177068e-10 5.044017302e-12
  679 2.425271339e-10 5.051884598e-12
  680 2.426623478e-10 5.058932429e-12
  681 2.428234139e-10 5.065152655e-12
  682 2.430103964e-10 5.070537100e-12
  683 2.432233042e-10 5.075079559e-12
  684 2.434619278e-10 5.078781841e-12
  685 2.437259988e-10 5.081647851e-12
  686 2.440152440e-10 5.083681604e-12
  687 2.443293845e-10 5.084887221e-12
  688 2.446681366e-10 5.085268938e-12
  689 2.450312110e-10 5.084831096e-12
  690 2.454183135e-10 5.083578149e-12
  691 2.458291443e-10 5.081514663e-12
  692 2.462633985e-10 5.078645313e-12
  693 2.467207657e-10 5.074974889e-12
  694 2.472009304e-10 5.070508291e-12
  695 2.477035714e-10 5.065250533e-12
  696 2.482283624e-10 5.059206742e-12
  697 2.487749714e-10 5.052382161e-12
  698 2.493430613e-10 5.044782144e-12
  699 2.499322893e-10 5.036412162e-12
  700 2.505423072e-10 5.027277802e-12
  701 2.511727613e-10 5.017384764e-12
  702 2.518232924e-10 5.006738867e-12
  703 2.524935356e-10 4.995346046e-12
  704 2.531831206e-10 4.983212352e-12
  705 2.538916715e-10 4.970343956e-12
  706 2.546188068e-10 4.956747144e-12
  707 2.553641393e-10 4.942428325e-12
  708 2.561272762e-10 4.927394022e-12
  709 2.569078190e-10 4.911650881e-12
  710 2.577053636e-10 4.895205668e-12
  711 2.585194999e-10 4.878065268e-12
  712 2.593498124e-10 4.860236688e-12
  713 2.601958798e-10 4.841727056e-12
  714 2.610572747e-10 4.822543621e-12
  715 2.619335644e-10 4.802693758e-12
  716 2.628243099e-10 4.782184960e-12
  717 2.637290666e-10 4.761024846e-12
  718 2.646473841e-10 4.739221159e-12
  719 2.655788059e-10 4.716781767e-12
  720 2.665228697e-10 4.693714659e-12
  721 2.674791074e-10 4.670027954e-12
  722 2.684470508e-10 4.645730579e-12
  723 2.694262501e-10 4.620834351e-12
  724 2.704162561e-10 4.595351940e-12
  725 2.714166138e-10 4.569296190e-12
  726 2.724268626e-10 4.542680117e-12
  727 2.734465364e-10 4.515516912e-12
  728 2.744751633e-10 4.487819943e-12
  729 2.755122657e-10 4.459602749e-12
  730 2.765573603e-10 4.430879050e-12
  731 2.776099580e-10 4.401662739e-12
  732 2.786695643e-10 4.371967889e-12
  733 2.797356784e-10 4.341808748e-12
  734 2.808077941e-10 4.311199746e-12
  735 2.818853993e-10 4.280155490e-12
  736 2.829679759e-10 4.248690768e-12
  737 2.840550002e-10 4.216820547e-12
  738 2.851459424e-10 4.184559977e-12
  739 2.862402670e-10 4.151924389e-12
  740 2.873374325e-10 4.118929295e-12
  741 2.884368915e-10 4.085590394e-12
  742 2.895380905e-10 4.051923564e-12
  743 2.906404703e-10 4.017944869e-12
  744 2.917434654e-10 3.983670560e-12
  745 2.928465045e-10 3.949117070e-12
  746 2.939490103e-10 3.914301021e-12
  747 2.950503993e-10 3.879239220e-12
  748 2.961500820e-10 3.843948663e-12
  749 2.972474627e-10 3.808446533e-12
  750 2.983419398e-10 3.772750201e-12
  751 2.994329054e-10 3.736877229e-12
  752 3.005197456e-10 3.700845367e-12
  753 3.016018401e-10 3.664672559e-12
  754 3.026785625e-10 3.628376936e-12
  755 3.037492804e-10 3.591976823e-12
  756 3.048133548e-10 3.555490737e-12
  757 3.058701408e-10 3.518937390e-12
  758 3.069189869e-10 3.482335684e-12
  759 3.079592356e-10 3.445704718e-12
  760 3.089902230e-10 3.409063785e-12
  761 3.100113350e-10 3.372431295e-12
  762 3.110221781e-10 3.335821513e-12
  763 3.120224120e-10 3.299247759e-12
  764 3.130116933e-10 3.262723482e-12
  765 3.139896763e-10 3.226262259e-12
  766 3.149560119e-10 3.189877800e-12
  767 3.159103484e-10 3.153583944e-12
  768 3.168523314e-10 3.117394659e-12
  769 3.177816035e-10 3.081324047e-12
  770 3.186978042e-10 3.045386338e-12
  771 3.196005705e-10 3.009595898e-12
  772 3.204895363e-10 2.973967222e-12
  773 3.213643326e-10 2.938514940e-12
  774 3.222245876e-10 2.903253814e-12
  775 3.230699266e-10 2.868198739e-12
  776 3.238999717e-10 2.833364744e-12
  777 3.247143424e-10 2.798766995e-12
  778 3.255126552e-10 2.764420790e-12
  779 3.262945234e-10 2.730341563e-12
  780 3.270595577e-10 2.696544883e-12
  781 3.278073656e-10 2.663046455e-12
  782 3.285375517e-10 2.629862123e-12
  783 3.292497176e-10 2.597007864e-12
  784 3.299434619e-10 2.564499794e-12
  785 3.306183803e-10 2.532354168e-12
  786 3.312740654e-10 2.500587375e-12
  787 3.319101068e-10 2.469215947e-12
  788 3.325260910e-10 2.438256552e-12
  789 3.331216017e-10 2.407725998e-12
  790 3.336962192e-10 2.377641232e-12
  791 3.342495212e-10 2.348019342e-12
  792 3.347810820e-10 2.318877557e-12
  793 3.352904729e-10 2.290233245e-12
  794 3.357772622e-10 2.262103916e-12
  795 3.362410151e-10 2.234507222e-12
  796 3.366812938e-10 2.207460957e-12
  797 3.370976571e-10 2.180983058e-12
  798 3.374896609e-10 2.155091603e-12
  799 3.378568582e-10 2.129804815e-12
  800 3.381988680e-10 2.105138872e-12
  801 3.385155861e-10 2.081101299e-12
  802 3.388069785e-10 2.057697456e-12
  803 3.390730121e-10 2.034932716e-12
  804 3.393136552e-10 2.012812467e-12
  805 3.395288768e-10 1.991342107e-12
  806 3.397186470e-10 1.970527050e-12
  807 3.398829372e-10 1.950372720e-12
  808 3.400217197e-10 1.930884557e-12
  809 3.401349677e-10 1.912068011e-12
  810 3.402226559e-10 1.893928547e-12
  811 3.402847596e-10 1.876471644e-12
  812 3.403212556e-10 1.859702791e-12
  813 3.403321216e-10 1.843627491e-12
  814 3.403173363e-10 1.828251262e-12
  815 3.402768797e-10 1.813579633e-12
  816 3.402107327e-10 1.799618146e-12
  817 3.401188776e-10 1.786372357e-12
  818 3.400012974e-10 1.773847834e-12
  819 3.398579767e-10 1.762050158e-12
  820 3.396889007e-10 1.750984923e-12
  821 3.394940562e-10 1.740657738e-12
  822 3.392734309e-10 1.731074221e-12
  823 3.390270135e-10 1.722240007e-12
  824 3.387547942e-10 1.714160740e-12
  825 3.384567641e-10 1.706842081e-12
  826 3.381329154e-10 1.700289700e-12
  827 3.377832416e-10 1.694509284e-12
  828 3.374077374e-10 1.689506529e-12
  829 3.370063984e-10 1.685287146e-12
  830 3.365792217e-10 1.681856859e-12
  831 3.361262054e-10 1.679221404e-12
  832 3.356473487e-10 1.677386531e-12
  833 3.351426521e-10 1.676358001e-12
  834 3.346121173e-10 1.676141591e-12
  835 3.340557472e-10 1.676743088e-12
  836 3.334735458e-10 1.678168293e-12
  837 3.328655182e-10 1.680423020e-12
  838 3.322316711e-10 1.683513095e-12
  839 3.315720545e-10 1.687442402e-12
  840 3.308868902e-10 1.692206972e-12
  841 3.301764459e-10 1.697800791e-12
  842 3.294409929e-10 1.704217745e-12
  843 3.286808063e-10 1.711451619e-12
  844 3.278961649e-10 1.719496099e-12
  845 3.270873509e-10 1.728344771e-12
  846 3.262546506e-10 1.737991118e-12
  847 3.253983538e-10 1.748428524e-12
  848 3.245187540e-10 1.759650270e-12
  849 3.236161485e-10 1.771649535e-12
  850 3.226908385e-10 1.784419398e-12
  851 3.217431288e-10 1.797952831e-12
  852 3.207733279e-10 1.812242708e-12
  853 3.197817484e-10 1.827281797e-12
  854 3.187687064e-10 1.843062763e-12
  855 3.177345219e-10 1.859578166e-12
  856 3.166795189e-10 1.876820463e-12
  857 3.156040249e-10 1.894782007e-12
  858 3.145083717e-10 1.913455044e-12
  859 3.133928944e-10 1.932831717e-12
  860 3.122579326e-10 1.952904061e-12
  861 3.111038293e-10 1.973664008e-12
  862 3.099309315e-10 1.995103380e-12
  863 3.087395904e-10 2.017213895e-12
  864 3.075301607e-10 2.039987163e-12
  865 3.063030014e-10 2.063414688e-12
  866 3.050584751e-10 2.087487865e-12
  867 3.037969487e-10 2.112197982e-12
  868 3.025187929e-10 2.137536216e-12
  869 3.012243823e-10 2.163493640e-12
  870 2.999140956e-10 2.190061213e-12
  871 2.985883155e-10 2.217229789e-12
  872 2.972474288e-10 2.244990110e-12
  873 2.958918261e-10 2.273332808e-12
  874 2.945219023e-10 2.302248405e-12
  875 2.931380561e-10 2.331727312e-12
  876 2.917406905e-10 2.361759830e-12
  877 2.903302124e-10 2.392336149e-12
  878 2.889070283e-10 2.423445789e-12
  879 2.874715295e-10 2.455075937e-12
  880 2.860241068e-10 2.487213080e-12
  881 2.845651549e-10 2.519843564e-12
  882 2.830950721e-10 2.552953593e-12
  883 2.816142608e-10 2.586529223e-12
  884 2.801231273e-10 2.620556371e-12
  885 2.786220816e-10 2.655020804e-12
  886 2.771115379e-10 2.689908147e-12
  887 2.755919142e-10 2.725203877e-12
  888 2.740636323e-10 2.760893328e-12
  889 2.725271182e-10 2.796961685e-12
  890 2.709828018e-10 2.833393986e-12
  891 2.694311169e-10 2.870175123e-12
  892 2.678725013e-10 2.907289839e-12
  893 2.663073969e-10 2.944722730e-12
  894 2.647362494e-10 2.982458242e-12
  895 2.631595088e-10 3.020480674e-12
  896 2.615776290e-10 3.058774172e-12
  897 2.599910678e-10 3.097322736e-12
  898 2.584002873e-10 3.136110213e-12
  899 2.568057535e-10 3.175120301e-12
  900 2.552079365e-10 3.214336544e-12
  901 2.536073107e-10 3.253742338e-12
  902 2.520043542e-10 3.293320925e-12
  903 2.503995495e-10 3.333055395e-12
  904 2.487933832e-10 3.372928684e-12
  905 2.471863459e-10 3.412923577e-12
  906 2.455789325e-10 3.453022703e-12
  907 2.439716419e-10 3.493208538e-12
  908 2.423649773e-10 3.533463403e-12
  909 2.407594461e-10 3.573769464e-12
  910 2.391555596e-10 3.614108732e-12
  911 2.375538338e-10 3.654463063e-12
  912 2.359547883e-10 3.694814154e-12
  913 2.343589475e-10 3.735143548e-12
  914 2.327668396e-10 3.775432629e-12
  915 2.311789973e-10 3.815662626e-12
  916 2.295959575e-10 3.855814606e-12
  917 2.280182177e-10 3.895870620e-12
  918 2.264461050e-10 3.935817134e-12
  919 2.248799048e-10 3.975641647e-12
  920 2.233199049e-10 4.015331559e-12
  921 2.217663949e-10 4.054874170e-12
  922 2.202196664e-10 4.094256680e-12
  923 2.186800131e-10 4.133466186e-12
  924 2.171477307e-10 4.172489689e-12
  925 2.156231170e-10 4.211314083e-12
  926 2.141064717e-10 4.249926165e-12
  927 2.125980968e-10 4.288312629e-12
  928 2.110982961e-10 4.326460066e-12
  929 2.096073755e-10 4.364354967e-12
  930 2.081256430e-10 4.401983717e-12
  931 2.066534087e-10 4.439332603e-12
  932 2.051909848e-10 4.476387806e-12
  933 2.037386855e-10 4.513135404e-12
  934 2.022968270e-10 4.549561372e-12
  935 2.008657277e-10 4.585651581e-12
  936 1.994457082e-10 4.621391799e-12
  937 1.980370910e-10 4.656767688e-12
  938 1.966402006e-10 4.691764807e-12
  939 1.952553641e-10 4.726368609e-12
  940 1.938829101e-10 4.760564443e-12
  941 1.925231697e-10 4.794337552e-12
  942 1.911764760e-10 4.827673073e-12
  943 1.898431642e-10 4.860556039e-12
  944 1.885235718e-10 4.892971376e-12
  945 1.872180382e-10 4.924903901e-12
  946 1.859269051e-10 4.956338330e-12
  947 1.846505163e-10 4.987259266e-12
  948 1.833892176e-10 5.017651209e-12
  949 1.821433572e-10 5.047498550e-12
  950 1.809132854e-10 5.076785574e-12
  951 1.796993545e-10 5.105496454e-12
  952 1.785019191e-10 5.133615260e-12
  953 1.773213360e-10 5.161125949e-12
  954 1.761579642e-10 5.188012373e-12
  955 1.750121647e-10 5.214258273e-12
  956 1.738842473e-10 5.239849366e-12
  957 1.727743094e-10 5.264779636e-12
  958 1.716823942e-10 5.289045140e-12
  959 1.706085447e-10 5.312641927e-12
  960 1.695528034e-10 5.335566043e-12
  961 1.685152122e-10 5.357813531e-12
  962 1.674958126e-10 5.379380424e-12
  963 1.664946456e-10 5.400262756e-12
  964 1.655117515e-10 5.420456551e-12
  965 1.645471703e-10 5.439957832e-12
  966 1.636009415e-10 5.458762614e-12
  967 1.626731040e-10 5.476866911e-12
  968 1.617636962e-10 5.494266727e-12
  969 1.608727560e-10 5.510958067e-12
  970 1.600003208e-10 5.526936926e-12
  971 1.591464275e-10 5.542199298e-12
  972 1.583111124e-10 5.556741170e-12
  973 1.574944114e-10 5.570558526e-12
  974 1.566963598e-10 5.583647342e-12
  975 1.559169924e-10 5.596003593e-12
  976 1.551563433e-10 5.607623248e-12
  977 1.544144465e-10 5.618502271e-12
  978 1.536913350e-10 5.628636620e-12
  979 1.529870414e-10 5.638022251e-12
  980 1.523015981e-10 5.646655114e-12
  981 1.516350364e-10 5.654531153e-12
  982 1.509873875e-10 5.661646309e-12
  983 1.503586819e-10 5.667996520e-12
  984 1.497489495e-10 5.673577714e-12
  985 1.491582198e-10 5.678385821e-12
  986 1.485865216e-10 5.682416761e-12
  987 1.480338833e-10 5.685666452e-12
  988 1.475003325e-10 5.688130808e-12
  989 1.469858966e-10 5.689805736e-12
  990 1.464906021e-10 5.690687140e-12
  991 1.460144751e-10 5.690770920e-12
  992 1.455575412e-10 5.690052971e-12
  993 1.451198254e-10 5.688529183e-12
  994 1.447013521e-10 5.686195441e-12
  995 1.443021112e-10 5.683049391e-12
  996 1.439219564e-10 5.679095760e-12
  997 1.435607056e-10 5.674341112e-12
  998 1.432181743e-10 5.668792094e-12
  999 1.428941758e-10 5.662455433e-12
 1000 1.425885213e-10 5.655337936e-12
 1001 1.423010196e-10 5.647446495e-12
 1002 1.420314775e-10 5.638788080e-12
 1003 1.417796994e-10 5.629369745e-12
 1004 1.415454874e-10 5.619198627e-12
 1005 1.413286415e-10 5.608281945e-12
 1006 1.411289593e-10 5.596627000e-12
 1007 1.409462363e-10 5.584241177e-12
 1008 1.407802655e-10 5.571131943e-12
 1009 1.406308378e-10 5.557306850e-12
 1010 1.404977418e-10 5.542773532e-12
 1011 1.403807637e-10 5.527539708e-12
 1012 1.402796875e-10 5.511613181e-12
 1013 1.401942949e-10 5.495001839e-12
 1014 1.401243652e-10 5.477713652e-12
 1015 1.400696755e-10 5.459756677e-12
 1016 1.400300005e-10 5.441139057e-12
 1017 1.400051126e-10 5.421869017e-12
 1018 1.399947819e-10 5.401954871e-12
 1019 1.399987760e-10 5.381405015e-12
 1020 1.400168604e-10 5.360227935e-12
 1021 1.400487981e-10 5.338432199e-12
 1022 1.400943497e-10 5.316026465e-12
 1023 1.401532735e-10 5.293019475e-12
 1024 1.402253255e-10 5.269420059e-12
 1025 1.403102592e-10 5.245237134e-12
 1026 1.404078257e-10 5.220479705e-12
 1027 1.405177739e-10 5.195156862e-12
 1028 1.406398500e-10 5.169277786e-12
 1029 1.407737982e-10 5.142851743e-12
 1030 1.409193599e-10 5.115888089e-12
 1031 1.410762742e-10 5.088396269e-12
 1032 1.412442780e-10 5.060385814e-12
 1033 1.414231056e-10 5.031866346e-12
 1034 1.416124897e-10 5.002848015e-12
 1035 1.418121648e-10 4.973342826e-12
 1036 1.420218640e-10 4.943363329e-12
 1037 1.422413177e-10 4.912922188e-12
 1038 1.424702543e-10 4.882032175e-12
 1039 1.427083995e-10 4.850706173e-12
 1040 1.429554766e-10 4.818957177e-12
 1041 1.432112066e-10 4.786798293e-12
 1042 1.434753079e-10 4.754242737e-12
 1043 1.437474966e-10 4.721303841e-12
 1044 1.440274863e-10 4.687995044e-12
 1045 1.443149882e-10 4.654329901e-12
 1046 1.446097108e-10 4.620322078e-12
 1047 1.449113605e-10 4.585985356e-12
 1048 1.452196409e-10 4.551333626e-12
 1049 1.455342533e-10 4.516380896e-12
 1050 1.458548966e-10 4.481141285e-12
 1051 1.461812669e-10 4.445629028e-12
 1052 1.465130582e-10 4.409858473e-12
 1053 1.468499615e-10 4.373844084e-12
 1054 1.471916659e-10 4.337600439e-12
 1055 1.475378575e-10 4.301142231e-12
 1056 1.478882200e-10 4.264484269e-12
 1057 1.482424347e-10 4.227641478e-12
 1058 1.486001802e-10 4.190628898e-12
 1059 1.489611327e-10 4.153461686e-12
 1060 1.493249659e-10 4.116155116e-12
 1061 1.496913506e-10 4.078724577e-12
 1062 1.500599555e-10 4.041185577e-12
 1063 1.504304465e-10 4.003553741e-12
 1064 1.508024868e-10 3.965844811e-12
 1065 1.511757374e-10 3.928074648e-12
 1066 1.515498563e-10 3.890259229e-12
 1067 1.519244992e-10 3.852414653e-12
 1068 1.522993191e-10 3.814557135e-12
 1069 1.526739665e-10 3.776703009e-12
 1070 1.530480891e-10 3.738868730e-12
 1071 1.534213321e-10 3.701070872e-12
 1072 1.537933381e-10 3.663326128e-12
 1073 1.541637762e-10 3.625650277e-12
 1074 1.545324300e-10 3.588055067e-12
 1075 1.548991107e-10 3.550551289e-12
 1076 1.552636282e-10 3.513149808e-12
 1077 1.556257911e-10 3.475861565e-12
 1078 1.559854066e-10 3.438697575e-12
 1079 1.563422806e-10 3.401668928e-12
 1080 1.566962177e-10 3.364786789e-12
 1081 1.570470210e-10 3.328062400e-12
 1082 1.573944925e-10 3.291507077e-12
 1083 1.577384326e-10 3.255132212e-12
 1084 1.580786404e-10 3.218949273e-12
 1085 1.584149137e-10 3.182969804e-12
 1086 1.587470489e-10 3.147205425e-12
 1087 1.590748411e-10 3.111667833e-12
 1088 1.593980839e-10 3.076368801e-12
 1089 1.597165696e-10 3.041320178e-12
 1090 1.600300891e-10 3.006533893e-12
 1091 1.603384319e-10 2.972021948e-12
 1092 1.606413863e-10 2.937796424e-12
 1093 1.609387390e-10 2.903869480e-12
 1094 1.612302753e-10 2.870253353e-12
 1095 1.615157793e-10 2.836960355e-12
 1096 1.617950335e-10 2.804002878e-12
 1097 1.620678191e-10 2.771393392e-12
 1098 1.623339160e-10 2.739144444e-12
 1099 1.625931025e-10 2.707268662e-12
 1100 1.628451555e-10 2.675778750e-12
 1101 1.630898508e-10 2.644687490e-12
 1102 1.633269623e-10 2.614007747e-12
 1103 1.635562629e-10 2.583752461e-12
 1104 1.637775239e-10 2.553934653e-12
 1105 1.639905152e-10 2.524567423e-12
 1106 1.641950052e-10 2.495663951e-12
 1107 1.643907611e-10 2.467237496e-12
 1108 1.645775483e-10 2.439301398e-12
 1109 1.647551311e-10 2.411869075e-12
 1110 1.649232723e-10 2.384954029e-12
 1111 1.650817331e-10 2.358569837e-12
 1112 1.652303104e-10 2.332728363e-12
 1113 1.653689483e-10 2.307434329e-12
 1114 1.654976279e-10 2.282690667e-12
 1115 1.656163304e-10 2.258500314e-12
 1116 1.657250373e-10 2.234866210e-12
 1117 1.658237301e-10 2.211791296e-12
 1118 1.659123904e-10 2.189278519e-12
 1119 1.659910002e-10 2.167330828e-12
 1120 1.660595415e-10 2.145951175e-12
 1121 1.661179965e-10 2.125142515e-12
 1122 1.661663474e-10 2.104907807e-12
 1123 1.662045768e-10 2.085250011e-12
 1124 1.662326672e-10 2.066172093e-12
 1125 1.662506015e-10 2.047677021e-12
 1126 1.662583626e-10 2.029767765e-12
 1127 1.662559336e-10 2.012447298e-12
 1128 1.662432978e-10 1.995718599e-12
 1129 1.662204386e-10 1.979584648e-12
 1130 1.661873395e-10 1.964048427e-12
 1131 1.661439843e-10 1.949112922e-12
 1132 1.660903569e-10 1.934781124e-12
 1133 1.660264413e-10 1.921056025e-12
 1134 1.659522218e-10 1.907940619e-12
 1135 1.658676827e-10 1.895437906e-12
 1136 1.657728085e-10 1.883550888e-12
 1137 1.656675840e-10 1.872282568e-12
 1138 1.655519941e-10 1.861635954e-12
 1139 1.654260237e-10 1.851614057e-12
 1140 1.652896580e-10 1.842219890e-12
 1141 1.651428824e-10 1.833456471e-12
 1142 1.649856824e-10 1.825326818e-12
 1143 1.648180437e-10 1.817833955e-12
 1144 1.646399521e-10 1.810980906e-12
 1145 1.644513938e-10 1.804770701e-12
 1146 1.642523547e-10 1.799206371e-12
 1147 1.640428214e-10 1.794290951e-12
 1148 1.638227803e-10 1.790027478e-12
 1149 1.635922180e-10 1.786418992e-12
 1150 1.633511216e-10 1.783468536e-12
 1151 1.630995016e-10 1.781177684e-12
 1152 1.628374635e-10 1.779542098e-12
 1153 1.625651375e-10 1.778555912e-12
 1154 1.622826551e-10 1.778213202e-12
 1155 1.619901488e-10 1.778507987e-12
 1156 1.616877523e-10 1.779434225e-12
 1157 1.613756004e-10 1.780985814e-12
 1158 1.610538292e-10 1.783156596e-12
 1159 1.607225759e-10 1.785940349e-12
 1160 1.603819789e-10 1.789330797e-12
 1161 1.600321777e-10 1.793321599e-12
 1162 1.596733132e-10 1.797906358e-12
 1163 1.593055272e-10 1.803078614e-12
 1164 1.589289628e-10 1.808831850e-12
 1165 1.585437644e-10 1.815159486e-12
 1166 1.581500774e-10 1.822054883e-12
 1167 1.577480485e-10 1.829511342e-12
 1168 1.573378257e-10 1.837522101e-12
 1169 1.569195580e-10 1.846080340e-12
 1170 1.564933956e-10 1.855179176e-12
 1171 1.560594901e-10 1.864811666e-12
 1172 1.556179942e-10 1.874970805e-12
 1173 1.551690617e-10 1.885649527e-12
 1174 1.547128479e-10 1.896840705e-12
 1175 1.542495089e-10 1.908537148e-12
 1176 1.537792025e-10 1.920731608e-12
 1177 1.533020873e-10 1.933416769e-12
 1178 1.528183234e-10 1.946585258e-12
 1179 1.523280719e-10 1.960229636e-12
 1180 1.518314954e-10 1.974342405e-12
 1181 1.513287574e-10 1.988916002e-12
 1182 1.508200230e-10 2.003942802e-12
 1183 1.503054583e-10 2.019415118e-12
 1184 1.497852307e-10 2.035325199e-12
 1185 1.492595087e-10 2.051665232e-12
 1186 1.487284623e-10 2.068427339e-12
 1187 1.481922627e-10 2.085603581e-12
 1188 1.476510821e-10 2.103185954e-12
 1189 1.471050943e-10 2.121166390e-12
 1190 1.465544741e-10 2.139536407e-12
 1191 1.459993977e-10 2.158286043e-12
 1192 1.454400426e-10 2.177404907e-12
 1193 1.448765877e-10 2.196882532e-12
 1194 1.443092129e-10 2.216708370e-12
 1195 1.437380995e-10 2.236871794e-12
 1196 1.431634300e-10 2.257362100e-12
 1197 1.425853885e-10 2.278168503e-12
 1198 1.420041598e-10 2.299280139e-12
 1199 1.414199306e-10 2.320686066e-12
 1200 1.408328883e-10 2.342375261e-12
 1201 1.402432221e-10 2.364336622e-12
 1202 1.396511222e-10 2.386558965e-12
 1203 1.390567800e-10 2.409031029e-12
 1204 1.384603886e-10 2.431741470e-12
 1205 1.378621419e-10 2.454678865e-12
 1206 1.372622355e-10 2.477831711e-12
 1207 1.366608660e-10 2.501188422e-12
 1208 1.360582316e-10 2.524737332e-12
 1209 1.354545316e-10 2.548466694e-12
 1210 1.348499666e-10 2.572364681e-12
 1211 1.342447386e-10 2.596419381e-12
 1212 1.336390509e-10 2.620618804e-12
 1213 1.330331081e-10 2.644950877e-12
 1214 1.324271162e-10 2.669403443e-12
 1215 1.318212823e-10 2.693964265e-12
 1216 1.312158152e-10 2.718621024e-12
 1217 1.306109246e-10 2.743361316e-12
 1218 1.300068218e-10 2.768172657e-12
 1219 1.294037194e-10 2.793042478e-12
 1220 1.288018312e-10 2.817958129e-12
 1221 1.282013726e-10 2.842906875e-12
 1222 1.276025602e-10 2.867875899e-12
 1223 1.270056118e-10 2.892852299e-12
 1224 1.264107467e-10 2.917823090e-12
 1225 1.258181856e-10 2.942775204e-12
 1226 1.252281505e-10 2.967695487e-12
 1227 1.246408646e-10 2.992570703e-12
 1228 1.240565527e-10 3.017387530e-12
 1229 1.234754219e-10 3.042133407e-12
 1230 1.228976038e-10 3.066799080e-12
 1231 1.223232119e-10 3.091376083e-12
 1232 1.217523604e-10 3.115855902e-12
 1233 1.211851638e-10 3.140229967e-12
 1234 1.206217375e-10 3.164489658e-12
 1235 1.200621974e-10 3.188626303e-12
 1236 1.195066600e-10 3.212631176e-12
 1237 1.189552426e-10 3.236495499e-12
 1238 1.184080630e-10 3.260210443e-12
 1239 1.178652396e-10 3.283767124e-12
 1240 1.173268914e-10 3.307156607e-12
 1241 1.167931382e-10 3.330369902e-12
 1242 1.162641004e-10 3.353397969e-12
 1243 1.157398988e-10 3.376231712e-12
 1244 1.152206552e-10 3.398861984e-12
 1245 1.147064917e-10 3.421279583e-12
 1246 1.141975313e-10 3.443475253e-12
 1247 1.136938974e-10 3.465439688e-12
 1248 1.131957143e-10 3.487163525e-12
 1249 1.127031067e-10 3.508637348e-12
 1250 1.122162001e-10 3.529851687e-12
 1251 1.117351207e-10 3.550797020e-12
 1252 1.112599950e-10 3.571463769e-12
 1253 1.107909506e-10 3.591842303e-12
 1254 1.103281154e-10 3.611922934e-12
 1255 1.098716182e-10 3.631695924e-12
 1256 1.094215883e-10 3.651151477e-12
 1257 1.089781556e-10 3.670279744e-12
 1258 1.085414509e-10 3.689070821e-12
 1259 1.081116053e-10 3.707514750e-12
 1260 1.076887508e-10 3.725601516e-12
 1261 1.072730201e-10 3.743321052e-12
 1262 1.068645464e-10 3.760663234e-12
 1263 1.064634637e-10 3.777617883e-12
 1264 1.060699064e-10 3.794174765e-12
 1265 1.056840098e-10 3.810323590e-12
 1266 1.053059099e-10 3.826054014e-12
 1267 1.049357432e-10 3.841355636e-12
 1268 1.045736228e-10 3.856219432e-12
 1269 1.042195662e-10 3.870642064e-12
 1270 1.038735666e-10 3.884621621e-12
 1271 1.035356169e-10 3.898156191e-12
 1272 1.032057097e-10 3.911243857e-12
 1273 1.028838376e-10 3.923882705e-12
 1274 1.025699926e-10 3.936070816e-12
 1275 1.022641669e-10 3.947806270e-12
 1276 1.019663521e-10 3.959087147e-12
 1277 1.016765395e-10 3.969911522e-12
 1278 1.013947205e-10 3.980277471e-12
 1279 1.011208861e-10 3.990183069e-12
 1280 1.008550268e-10 3.999626387e-12
 1281 1.005971331e-10 4.008605496e-12
 1282 1.003471954e-10 4.017118464e-12
 1283 1.001052034e-10 4.025163359e-12
 1284 9.987114695e-11 4.032738246e-12
 1285 9.964501543e-11 4.039841190e-12
 1286 9.942679805e-11 4.046470253e-12
 1287 9.921648373e-11 4.052623495e-12
 1288 9.901406117e-11 4.058298976e-12
 1289 9.881951877e-11 4.063494753e-12
 1290 9.863284470e-11 4.068208883e-12
 1291 9.845402688e-11 4.072439419e-12
 1292 9.828305295e-11 4.076184415e-12
 1293 9.811991030e-11 4.079441921e-12
 1294 9.796458607e-11 4.082209988e-12
 1295 9.781706713e-11 4.084486664e-12
 1296 9.767734008e-11 4.086269994e-12
 1297 9.754539128e-11 4.087558024e-12
 1298 9.742120682e-11 4.088348798e-12
 1299 9.730477253e-11 4.088640356e-12
 1300 9.719607396e-11 4.088430739e-12
 1301 9.709509642e-11 4.087717987e-12
 1302 9.700182495e-11 4.086500135e-12
 1303 9.691624431e-11 4.084775220e-12
 1304 9.683833900e-11 4.082541276e-12
 1305 9.676809328e-11 4.079796334e-12
 1306 9.670549110e-11 4.076538427e-12
 1307 9.665050152e-11 4.072766732e-12
 1308 9.660303449e-11 4.068485039e-12
 1309 9.656298455e-11 4.063698322e-12
 1310 9.653024541e-11 4.058411598e-12
 1311 9.650471000e-11 4.052629923e-12
 1312 9.648627040e-11 4.046358396e-12
 1313 9.647481792e-11 4.039602155e-12
 1314 9.647024301e-11 4.032366380e-12
 1315 9.647243534e-11 4.024656292e-12
 1316 9.648128373e-11 4.016477154e-12
 1317 9.649667621e-11 4.007834270e-12
 1318 9.651849996e-11 3.998732985e-12
 1319 9.654664136e-11 3.989178687e-12
 1320 9.658098594e-11 3.979176803e-12
 1321 9.662141842e-11 3.968732805e-12
 1322 9.666782269e-11 3.957852204e-12
 1323 9.672008180e-11 3.946540554e-12
 1324 9.677807797e-11 3.934803452e-12
 1325 9.684169260e-11 3.922646535e-12
 1326 9.691080624e-11 3.910075485e-12
 1327 9.698529861e-11 3.897096022e-12
 1328 9.706504858e-11 3.883713913e-12
 1329 9.714993420e-11 3.869934963e-12
 1330 9.723983266e-11 3.855765024e-12
 1331 9.733462030e-11 3.841209987e-12
 1332 9.743417265e-11 3.826275787e-12
 1333 9.753836435e-11 3.810968402e-12
 1334 9.764706922e-11 3.795293852e-12
 1335 9.776016022e-11 3.779258201e-12
 1336 9.787750946e-11 3.762867555e-12
 1337 9.799898819e-11 3.746128063e-12
 1338 9.812446682e-11 3.729045918e-12
 1339 9.825381487e-11 3.711627357e-12
 1340 9.838690105e-11 3.693878657e-12
 1341 9.852359317e-11 3.675806142e-12
 1342 9.866375820e-11 3.657416178e-12
 1343 9.880726223e-11 3.638715175e-12
 1344 9.895397049e-11 3.619709585e-12
 1345 9.910374736e-11 3.600405907e-12
 1346 9.925645771e-11 3.580810944e-12
 1347 9.941197109e-11 3.560932604e-12
 1348 9.957015762e-11 3.540779109e-12
 1349 9.973088658e-11 3.520358736e-12
 1350 9.989402642e-11 3.499679815e-12
 1351 1.000594448e-10 3.478750730e-12
 1352 1.002270085e-10 3.457579919e-12
 1353 1.003965835e-10 3.436175874e-12
 1354 1.005680349e-10 3.414547140e-12
 1355 1.007412270e-10 3.392702317e-12
 1356 1.009160234e-10 3.370650059e-12
 1357 1.010922866e-10 3.348399075e-12
 1358 1.012698785e-10 3.325958127e-12
 1359 1.014486600e-10 3.303336032e-12
 1360 1.016284912e-10 3.280541663e-12
 1361 1.018092314e-10 3.257583947e-12
 1362 1.019907391e-10 3.234471865e-12
 1363 1.021728717e-10 3.211214453e-12
 1364 1.023554861e-10 3.187820803e-12
 1365 1.025384382e-10 3.164300062e-12
 1366 1.027215829e-10 3.140661432e-12
 1367 1.029047745e-10 3.116914170e-12
 1368 1.030878662e-10 3.093067588e-12
 1369 1.032707107e-10 3.069131056e-12
 1370 1.034531594e-10 3.045113997e-12
 1371 1.036350631e-10 3.021025891e-12
 1372 1.038162718e-10 2.996876273e-12
 1373 1.039966345e-10 2.972674736e-12
 1374 1.041759994e-10 2.948430926e-12
 1375 1.043542137e-10 2.924154548e-12
 1376 1.045311239e-10 2.899855361e-12
 1377 1.047065756e-10 2.875543182e-12
 1378 1.048804136e-10 2.851227884e-12
 1379 1.050524815e-10 2.826919397e-12
 1380 1.052226225e-10 2.802627705e-12
 1381 1.053906786e-10 2.778362854e-12
 1382 1.055564910e-10 2.754134941e-12
 1383 1.057199000e-10 2.729954124e-12
 1384 1.058807451e-10 2.705830618e-12
 1385 1.060388791e-10 2.681774038e-12
 1386 1.061942100e-10 2.657791435e-12
 1387 1.063466600e-10 2.633889243e-12
 1388 1.064961506e-10 2.610073928e-12
 1389 1.066426029e-10 2.586351994e-12
 1390 1.067859376e-10 2.562729978e-12
 1391 1.069260752e-10 2.539214453e-12
 1392 1.070629356e-10 2.515812025e-12
 1393 1.071964383e-10 2.492529337e-12
 1394 1.073265026e-10 2.469373068e-12
 1395 1.074530471e-10 2.446349929e-12
 1396 1.075759903e-10 2.423466668e-12
 1397 1.076952500e-10 2.400730070e-12
 1398 1.078107439e-10 2.378146952e-12
 1399 1.079223892e-10 2.355724169e-12
 1400 1.080301025e-10 2.333468611e-12
 1401 1.081338001e-10 2.311387202e-12
 1402 1.082333982e-10 2.289486904e-12
 1403 1.083288121e-10 2.267774713e-12
 1404 1.084199571e-10 2.246257662e-12
 1405 1.085067478e-10 2.224942817e-12
 1406 1.085890985e-10 2.203837284e-12
 1407 1.086669232e-10 2.182948202e-12
 1408 1.087401353e-10 2.162282747e-12
 1409 1.088086480e-10 2.141848130e-12
 1410 1.088723739e-10 2.121651600e-12
 1411 1.089312253e-10 2.101700441e-12
 1412 1.089851140e-10 2.082001973e-12
 1413 1.090339516e-10 2.062563552e-12
 1414 1.090776489e-10 2.043392573e-12
 1415 1.091161166e-10 2.024496463e-12
 1416 1.091492650e-10 2.005882689e-12
 1417 1.091770038e-10 1.987558753e-12
 1418 1.091992424e-10 1.969532195e-12
 1419 1.092158897e-10 1.951810589e-12
 1420 1.092268543e-10 1.934401548e-12
 1421 1.092320442e-10 1.917312722e-12
 1422 1.092313673e-10 1.900551796e-12
 1423 1.092247307e-10 1.884126492e-12
 1424 1.092120584e-10 1.868043485e-12
 1425 1.091933420e-10 1.852305121e-12
 1426 1.091685905e-10 1.836912665e-12
 1427 1.091378130e-10 1.821867382e-12
 1428 1.091010185e-10 1.807170538e-12
 1429 1.090582164e-10 1.792823397e-12
 1430 1.090094162e-10 1.778827227e-12
 1431 1.089546275e-10 1.765183292e-12
 1432 1.088938602e-10 1.751892861e-12
 1433 1.088271241e-10 1.738957199e-12
 1434 1.087544295e-10 1.726377576e-12
 1435 1.086757865e-10 1.714155258e-12
 1436 1.085912056e-10 1.702291514e-12
 1437 1.085006974e-10 1.690787612e-12
 1438 1.084042725e-10 1.679644822e-12
 1439 1.083019420e-10 1.668864413e-12
 1440 1.081937167e-10 1.658447655e-12
 1441 1.080796080e-10 1.648395817e-12
 1442 1.079596272e-10 1.638710170e-12
 1443 1.078337859e-10 1.629391984e-12
 1444 1.077020956e-10 1.620442532e-12
 1445 1.075645683e-10 1.611863084e-12
 1446 1.074212159e-10 1.603654913e-12
 1447 1.072720506e-10 1.595819289e-12
 1448 1.071170848e-10 1.588357486e-12
 1449 1.069563309e-10 1.581270776e-12
 1450 1.067898015e-10 1.574560433e-12
 1451 1.066175095e-10 1.568227730e-12
 1452 1.064394678e-10 1.562273941e-12
 1453 1.062556895e-10 1.556700338e-12
 1454 1.060661880e-10 1.551508198e-12
 1455 1.058709766e-10 1.546698795e-12
 1456 1.056700691e-10 1.542273403e-12
 1457 1.054634791e-10 1.538233297e-12
 1458 1.052512206e-10 1.534579754e-12
 1459 1.050333077e-10 1.531314049e-12
 1460 1.048097548e-10 1.528437458e-12
 1461 1.045805761e-10 1.525951258e-12
 1462 1.043457863e-10 1.523856725e-12
 1463 1.041054105e-10 1.522154273e-12
 1464 1.038595153e-10 1.520840855e-12
 1465 1.036081780e-10 1.519912535e-12
 1466 1.033514764e-10 1.519365350e-12
 1467 1.030894890e-10 1.519195308e-12
 1468 1.028222946e-10 1.519398388e-12
 1469 1.025499727e-10 1.519970541e-12
 1470 1.022726030e-10 1.520907692e-12
 1471 1.019902661e-10 1.522205734e-12
 1472 1.017030428e-10 1.523860534e-12
 1473 1.014110145e-10 1.525867931e-12
 1474 1.011142632e-10 1.528223732e-12
 1475 1.008128714e-10 1.530923720e-12
 1476 1.005069219e-10 1.533963646e-12
 1477 1.001964984e-10 1.537339234e-12
 1478 9.988168469e-11 1.541046178e-12
 1479 9.956256539e-11 1.545080145e-12
 1480 9.923922552e-11 1.549436772e-12
 1481 9.891175061e-11 1.554111666e-12
 1482 9.858022674e-11 1.559100407e-12
 1483 9.824474050e-11 1.564398546e-12
 1484 9.790537899e-11 1.570001603e-12
 1485 9.756222985e-11 1.575905071e-12
 1486 9.721538123e-11 1.582104413e-12
 1487 9.686492181e-11 1.588595062e-12
 1488 9.651094079e-11 1.595372424e-12
 1489 9.615352792e-11 1.602431872e-12
 1490 9.579277343e-11 1.609768754e-12
 1491 9.542876812e-11 1.617378386e-12
 1492 9.506160329e-11 1.625256054e-12
 1493 9.469137080e-11 1.633397017e-12
 1494 9.431816301e-11 1.641796502e-12
 1495 9.394207282e-11 1.650449707e-12
 1496 9.356319368e-11 1.659351801e-12
 1497 9.318161955e-11 1.668497924e-12
 1498 9.279744494e-11 1.677883184e-12
 1499 9.241076487e-11 1.687502660e-12
 1500 9.202167493e-11 1.697351403e-12
 1501 9.163027123e-11 1.707424431e-12
 1502 9.123664970e-11 1.717716539e-12
 1503 9.084090400e-11 1.728221707e-12
 1504 9.044312757e-11 1.738933683e-12
 1505 9.004341441e-11 1.749846180e-12
 1506 8.964185900e-11 1.760952874e-12
 1507 8.923855636e-11 1.772247404e-12
 1508 8.883360203e-11 1.783723373e-12
 1509 8.842709205e-11 1.795374347e-12
 1510 8.801912301e-11 1.807193856e-12
 1511 8.760979201e-11 1.819175392e-12
 1512 8.719919667e-11 1.831312411e-12
 1513 8.678743514e-11 1.843598332e-12
 1514 8.637460609e-11 1.856026537e-12
 1515 8.596080874e-11 1.868590371e-12
 1516 8.554614280e-11 1.881283142e-12
 1517 8.513070853e-11 1.894098120e-12
 1518 8.471460672e-11 1.907028540e-12
 1519 8.429793868e-11 1.920067598e-12
 1520 8.388080625e-11 1.933208452e-12
 1521 8.346331182e-11 1.946444224e-12
 1522 8.304555830e-11 1.959767998e-12
 1523 8.262764912e-11 1.973172822e-12
 1524 8.220968826e-11 1.986651703e-12
 1525 8.179178024e-11 2.000197614e-12
 1526 8.137403011e-11 2.013803489e-12
 1527 8.095654344e-11 2.027462222e-12
 1528 8.053942636e-11 2.041166672e-12
 1529 8.012278553e-11 2.054909660e-12
 1530 7.970672816e-11 2.068683968e-12
 1531 7.929136197e-11 2.082482340e-12
 1532 7.887679526e-11 2.096297483e-12
 1533 7.846313684e-11 2.110122064e-12
 1534 7.805049609e-11 2.123948713e-12
 1535 7.763898291e-11 2.137770022e-12
 1536 7.722870775e-11 2.151578545e-12
 1537 7.681978162e-11 2.165366796e-12
 1538 7.641231606e-11 2.179127252e-12
 1539 7.600642317e-11 2.192852350e-12
 1540 7.560221558e-11 2.206534491e-12
 1541 7.519979711e-11 2.220166514e-12
 1542 7.479923452e-11 2.233743143e-12
 1543 7.440058547e-11 2.247259557e-12
 1544 7.400390789e-11 2.260710908e-12
 1545 7.360925995e-11 2.274092329e-12
 1546 7.321670011e-11 2.287398924e-12
 1547 7.282628706e-11 2.300625777e-12
 1548 7.243807976e-11 2.313767946e-12
 1549 7.205213744e-11 2.326820466e-12
 1550 7.166851958e-11 2.339778346e-12
 1551 7.128728593e-11 2.352636573e-12
 1552 7.090849650e-11 2.365390108e-12
 1553 7.053221154e-11 2.378033891e-12
 1554 7.015849161e-11 2.390562833e-12
 1555 6.978739748e-11 2.402971826e-12
 1556 6.941899023e-11 2.415255733e-12
 1557 6.905333117e-11 2.427409395e-12
 1558 6.869048190e-11 2.439427629e-12
 1559 6.833050425e-11 2.451305226e-12
 1560 6.797346036e-11 2.463036955e-12
 1561 6.761941259e-11 2.474617557e-12
 1562 6.726842361e-11 2.486041751e-12
 1563 6.692055632e-11 2.497304232e-12
 1564 6.657587391e-11 2.508399668e-12
 1565 6.623443982e-11 2.519322703e-12
 1566 6.589631777e-11 2.530067959e-12
 1567 6.556157175e-11 2.540630029e-12
 1568 6.523026599e-11 2.551003484e-12
 1569 6.490246503e-11 2.561182870e-12
 1570 6.457823365e-11 2.571162708e-12
 1571 6.425763692e-11 2.580937493e-12
 1572 6.394074015e-11 2.590501696e-12
 1573 6.362760895e-11 2.599849764e-12
 1574 6.331830919e-11 2.608976118e-12
 1575 6.301290700e-11 2.617875152e-12
 1576 6.271146880e-11 2.626541239e-12
 1577 6.241406126e-11 2.634968724e-12
 1578 6.212075136e-11 2.643151928e-12
 1579 6.183160631e-11 2.651085146e-12
 1580 6.154668211e-11 2.658763450e-12
 1581 6.126598896e-11 2.666185106e-12
 1582 6.098952549e-11 2.673349177e-12
 1583 6.071729028e-11 2.680254725e-12
 1584 6.044928181e-11 2.686900812e-12
 1585 6.018549849e-11 2.693286499e-12
 1586 5.992593868e-11 2.699410847e-12
 1587 5.967060061e-11 2.705272913e-12
 1588 5.941948250e-11 2.710871757e-12
 1589 5.917258243e-11 2.716206436e-12
 1590 5.892989844e-11 2.721276006e-12
 1591 5.869142849e-11 2.726079522e-12
 1592 5.845717045e-11 2.730616039e-12
 1593 5.822712213e-11 2.734884612e-12
 1594 5.800128124e-11 2.738884292e-12
 1595 5.777964542e-11 2.742614131e-12
 1596 5.756221225e-11 2.746073181e-12
 1597 5.734897921e-11 2.749260492e-12
 1598 5.713994372e-11 2.752175112e-12
 1599 5.693510309e-11 2.754816091e-12
 1600 5.673445459e-11 2.757182475e-12
 1601 5.653799539e-11 2.759273311e-12
 1602 5.634572259e-11 2.761087644e-12
 1603 5.615763319e-11 2.762624520e-12
 1604 5.597372414e-11 2.763882983e-12
 1605 5.579399230e-11 2.764862074e-12
 1606 5.561843444e-11 2.765560837e-12
 1607 5.544704726e-11 2.765978312e-12
 1608 5.527982738e-11 2.766113539e-12
 1609 5.511677133e-11 2.765965559e-12
 1610 5.495787559e-11 2.765533409e-12
 1611 5.480313651e-11 2.764816127e-12
 1612 5.465255041e-11 2.763812750e-12
 1613 5.450611350e-11 2.762522314e-12
 1614 5.436382191e-11 2.760943853e-12
 1615 5.422567171e-11 2.759076402e-12
 1616 5.409165885e-11 2.756918994e-12
 1617 5.396177924e-11 2.754470660e-12
 1618 5.383602869e-11 2.751730434e-12
 1619 5.371439579e-11 2.748697978e-12
 1620 5.359684036e-11 2.745375499e-12
 1621 5.348331483e-11 2.741765853e-12
 1622 5.337377133e-11 2.737871913e-12
 1623 5.326816169e-11 2.733696572e-12
 1624 5.316643744e-11 2.729242739e-12
 1625 5.306854981e-11 2.724513344e-12
 1626 5.297444975e-11 2.719511331e-12
 1627 5.288408790e-11 2.714239665e-12
 1628 5.279741462e-11 2.708701328e-12
 1629 5.271437995e-11 2.702899321e-12
 1630 5.263493364e-11 2.696836662e-12
 1631 5.255902514e-11 2.690516389e-12
 1632 5.248660361e-11 2.683941556e-12
 1633 5.241761791e-11 2.677115238e-12
 1634 5.235201658e-11 2.670040524e-12
 1635 5.228974789e-11 2.662720527e-12
 1636 5.223075977e-11 2.655158374e-12
 1637 5.217499988e-11 2.647357212e-12
 1638 5.212241557e-11 2.639320207e-12
 1639 5.207295389e-11 2.631050541e-12
 1640 5.202656156e-11 2.622551418e-12
 1641 5.198318505e-11 2.613826058e-12
 1642 5.194277046e-11 2.604877700e-12
 1643 5.190526365e-11 2.595709603e-12
 1644 5.187061013e-11 2.586325042e-12
 1645 5.183875512e-11 2.576727313e-12
 1646 5.180964353e-11 2.566919730e-12
 1647 5.178321996e-11 2.556905625e-12
 1648 5.175942873e-11 2.546688349e-12
 1649 5.173821382e-11 2.536271272e-12
 1650 5.171951891e-11 2.525657784e-12
 1651 5.170328738e-11 2.514851290e-12
 1652 5.168946230e-11 2.503855219e-12
 1653 5.167798642e-11 2.492673015e-12
 1654 5.166880219e-11 2.481308142e-12
 1655 5.166185174e-11 2.469764084e-12
 1656 5.165707691e-11 2.458044342e-12
 1657 5.165441920e-11 2.446152438e-12
 1658 5.165381985e-11 2.434092069e-12
 1659 5.165521991e-11 2.421867586e-12
 1660 5.165856016e-11 2.409483521e-12
 1661 5.166378105e-11 2.396944428e-12
 1662 5.167082274e-11 2.384254888e-12
 1663 5.167962506e-11 2.371419502e-12
 1664 5.169012753e-11 2.358442898e-12
 1665 5.170226935e-11 2.345329726e-12
 1666 5.171598942e-11 2.332084659e-12
 1667 5.173122632e-11 2.318712397e-12
 1668 5.174791830e-11 2.305217662e-12
 1669 5.176600331e-11 2.291605199e-12
 1670 5.178541897e-11 2.277879779e-12
 1671 5.180610261e-11 2.264046196e-12
 1672 5.182799120e-11 2.250109268e-12
 1673 5.185102142e-11 2.236073839e-12
 1674 5.187512963e-11 2.221944774e-12
 1675 5.190025187e-11 2.207726964e-12
 1676 5.192632385e-11 2.193425325e-12
 1677 5.195328097e-11 2.179044796e-12
 1678 5.198105830e-11 2.164590340e-12
 1679 5.200959061e-11 2.150066945e-12
 1680 5.203881231e-11 2.135479625e-12
 1681 5.206865753e-11 2.120833415e-12
 1682 5.209906005e-11 2.106133377e-12
 1683 5.212995334e-11 2.091384597e-12
 1684 5.216127054e-11 2.076592185e-12
 1685 5.219294447e-11 2.061761276e-12
 1686 5.222490762e-11 2.046897029e-12
 1687 5.225709216e-11 2.032004629e-12
 1688 5.228942993e-11 2.017089284e-12
 1689 5.232185246e-11 2.002156228e-12
 1690 5.235429092e-11 1.987210719e-12
 1691 5.238667619e-11 1.972258040e-12
 1692 5.241893881e-11 1.957303500e-12
 1693 5.245100897e-11 1.942352430e-12
 1694 5.248281656e-11 1.927410188e-12
 1695 5.251429113e-11 1.912482158e-12
 1696 5.254536191e-11 1.897573746e-12
 1697 5.257596356e-11 1.882690066e-12
 1698 5.260605361e-11 1.867834974e-12
 1699 5.263559517e-11 1.853012025e-12
 1700 5.266455121e-11 1.838224788e-12
 1701 5.269288451e-11 1.823476852e-12
 1702 5.272055768e-11 1.808771817e-12
 1703 5.274753318e-11 1.794113303e-12
 1704 5.277377329e-11 1.779504944e-12
 1705 5.279924011e-11 1.764950392e-12
 1706 5.282389560e-11 1.750453313e-12
 1707 5.284770154e-11 1.736017391e-12
 1708 5.287061951e-11 1.721646325e-12
 1709 5.289261097e-11 1.707343832e-12
 1710 5.291363717e-11 1.693113643e-12
 1711 5.293365922e-11 1.678959507e-12
 1712 5.295263804e-11 1.664885189e-12
 1713 5.297053438e-11 1.650894470e-12
 1714 5.298730882e-11 1.636991147e-12
 1715 5.300292179e-11 1.623179035e-12
 1716 5.301733353e-11 1.609461964e-12
 1717 5.303050409e-11 1.595843781e-12
 1718 5.304239339e-11 1.582328350e-12
 1719 5.305296114e-11 1.568919549e-12
 1720 5.306216691e-11 1.555621276e-12
 1721 5.306997007e-11 1.542437443e-12
 1722 5.307632983e-11 1.529371980e-12
 1723 5.308120524e-11 1.516428833e-12
 1724 5.308455514e-11 1.503611964e-12
 1725 5.308633823e-11 1.490925354e-12
 1726 5.308651303e-11 1.478372997e-12
 1727 5.308503787e-11 1.465958907e-12
 1728 5.308187093e-11 1.453687113e-12
 1729 5.307697019e-11 1.441561661e-12
 1730 5.307029348e-11 1.429586615e-12
 1731 5.306179843e-11 1.417766053e-12
 1732 5.305144252e-11 1.406104072e-12
 1733 5.303918304e-11 1.394604786e-12
 1734 5.302497709e-11 1.383272324e-12
 1735 5.300878163e-11 1.372110834e-12
 1736 5.299056070e-11 1.361123921e-12
 1737 5.297030735e-11 1.350312963e-12
 1738 5.294802191e-11 1.339678786e-12
 1739 5.292370474e-11 1.329222214e-12
 1740 5.289735625e-11 1.318944073e-12
 1741 5.286897682e-11 1.308845192e-12
 1742 5.283856692e-11 1.298926400e-12
 1743 5.280612698e-11 1.289188528e-12
 1744 5.277165751e-11 1.279632408e-12
 1745 5.273515901e-11 1.270258875e-12
 1746 5.269663202e-11 1.261068764e-12
 1747 5.265607711e-11 1.252062911e-12
 1748 5.261349485e-11 1.243242155e-12
 1749 5.256888587e-11 1.234607336e-12
 1750 5.252225080e-11 1.226159295e-12
 1751 5.247359030e-11 1.217898876e-12
 1752 5.242290506e-11 1.209826921e-12
 1753 5.237019579e-11 1.201944278e-12
 1754 5.231546324e-11 1.194251793e-12
 1755 5.225870817e-11 1.186750315e-12
 1756 5.219993137e-11 1.179440694e-12
 1757 5.213913365e-11 1.172323783e-12
 1758 5.207631586e-11 1.165400434e-12
 1759 5.201147886e-11 1.158671502e-12
 1760 5.194462355e-11 1.152137844e-12
 1761 5.187575085e-11 1.145800316e-12
 1762 5.180486169e-11 1.139659779e-12
 1763 5.173195706e-11 1.133717092e-12
 1764 5.165703794e-11 1.127973119e-12
 1765 5.158010536e-11 1.122428722e-12
 1766 5.150116036e-11 1.117084768e-12
 1767 5.142020403e-11 1.111942122e-12
 1768 5.133723746e-11 1.107001653e-12
 1769 5.125226178e-11 1.102264231e-12
 1770 5.116527814e-11 1.097730727e-12
 1771 5.107628772e-11 1.093402013e-12
 1772 5.098529172e-11 1.089278964e-12
 1773 5.089229138e-11 1.085362456e-12
 1774 5.079728796e-11 1.081653365e-12
 1775 5.070028734e-11 1.078152114e-12
 1776 5.060131393e-11 1.074857296e-12
 1777 5.050039689e-11 1.071767038e-12
 1778 5.039756551e-11 1.068879455e-12
 1779 5.029284926e-11 1.066192653e-12
 1780 5.018627773e-11 1.063704725e-12
 1781 5.007788069e-11 1.061413754e-12
 1782 4.996768804e-11 1.059317814e-12
 1783 4.985572986e-11 1.057414964e-12
 1784 4.974203636e-11 1.055703256e-12
 1785 4.962663790e-11 1.054180729e-12
 1786 4.950956502e-11 1.052845410e-12
 1787 4.939084839e-11 1.051695318e-12
 1788 4.927051884e-11 1.050728458e-12
 1789 4.914860735e-11 1.049942827e-12
 1790 4.902514506e-11 1.049336408e-12
 1791 4.890016327e-11 1.048907173e-12
 1792 4.877369342e-11 1.048653087e-12
 1793 4.864576711e-11 1.048572098e-12
 1794 4.851641610e-11 1.048662147e-12
 1795 4.838567230e-11 1.048921163e-12
 1796 4.825356779e-11 1.049347063e-12
 1797 4.812013478e-11 1.049937754e-12
 1798 4.798540565e-11 1.050691131e-12
 1799 4.784941295e-11 1.051605077e-12
 1800 4.771218935e-11 1.052677465e-12
 1801 4.757376771e-11 1.053906157e-12
 1802 4.743418104e-11 1.055289003e-12
 1803 4.729346249e-11 1.056823842e-12
 1804 4.715164539e-11 1.058508501e-12
 1805 4.700876322e-11 1.060340798e-12
 1806 4.686484960e-11 1.062318536e-12
 1807 4.671993833e-11 1.064439510e-12
 1808 4.657406336e-11 1.066701502e-12
 1809 4.642725880e-11 1.069102283e-12
 1810 4.627955892e-11 1.071639613e-12
 1811 4.613099814e-11 1.074311239e-12
 1812 4.598161105e-11 1.077114899e-12
 1813 4.583143240e-11 1.080048318e-12
 1814 4.568049714e-11 1.083109078e-12
 1815 4.552884066e-11 1.086294230e-12
 1816 4.537649856e-11 1.089600677e-12
 1817 4.522350661e-11 1.093025307e-12
 1818 4.506990072e-11 1.096564995e-12
 1819 4.491571700e-11 1.100216599e-12
 1820 4.476099167e-11 1.103976964e-12
 1821 4.460576117e-11 1.107842918e-12
 1822 4.445006207e-11 1.111811274e-12
 1823 4.429393110e-11 1.115878831e-12
 1824 4.413740517e-11 1.120042374e-12
 1825 4.398052135e-11 1.124298669e-12
 1826 4.382331686e-11 1.128644471e-12
 1827 4.366582910e-11 1.133076517e-12
 1828 4.350809562e-11 1.137591531e-12
 1829 4.335015415e-11 1.142186220e-12
 1830 4.319204258e-11 1.146857275e-12
 1831 4.303379895e-11 1.151601376e-12
 1832 4.287546149e-11 1.156415183e-12
 1833 4.271706858e-11 1.161295342e-12
 1834 4.255865877e-11 1.166238486e-12
 1835 4.240027076e-11 1.171241230e-12
 1836 4.224194345e-11 1.176300175e-12
 1837 4.208371587e-11 1.181411905e-12
 1838 4.192562725e-11 1.186572991e-12
 1839 4.176771695e-11 1.191779987e-12
 1840 4.161002453e-11 1.197029431e-12
 1841 4.145258970e-11 1.202317848e-12
 1842 4.129545234e-11 1.207641744e-12
 1843 4.113865250e-11 1.212997613e-12
 1844 4.098223039e-11 1.218381932e-12
 1845 4.082622641e-11 1.223791161e-12
 1846 4.067068110e-11 1.229221746e-12
 1847 4.051563519e-11 1.234670118e-12
 1848 4.036112956e-11 1.240132691e-12
 1849 4.020720528e-11 1.245605863e-12
 1850 4.005390357e-11 1.251086019e-12
 1851 3.990126583e-11 1.256569526e-12
 1852 3.974933363e-11 1.262052735e-12
 1853 3.959814516e-11 1.267532189e-12
 1854 3.944772458e-11 1.273005240e-12
 1855 3.929809260e-11 1.278469437e-12
 1856 3.914927000e-11 1.283922318e-12
 1857 3.900127764e-11 1.289361410e-12
 1858 3.885413646e-11 1.294784229e-12
 1859 3.870786747e-11 1.300188281e-12
 1860 3.856249179e-11 1.305571064e-12
 1861 3.841803058e-11 1.310930061e-12
 1862 3.827450510e-11 1.316262749e-12
 1863 3.813193669e-11 1.321566590e-12
 1864 3.799034676e-11 1.326839039e-12
 1865 3.784975680e-11 1.332077538e-12
 1866 3.771018839e-11 1.337279522e-12
 1867 3.757166318e-11 1.342442410e-12
 1868 3.743420291e-11 1.347563615e-12
 1869 3.729782938e-11 1.352640538e-12
 1870 3.716256450e-11 1.357670568e-12
 1871 3.702843023e-11 1.362651086e-12
 1872 3.689544862e-11 1.367579459e-12
 1873 3.676364182e-11 1.372453046e-12
 1874 3.663303204e-11 1.377269195e-12
 1875 3.650364156e-11 1.382025242e-12
 1876 3.637549277e-11 1.386718513e-12
 1877 3.624860812e-11 1.391346324e-12
 1878 3.612301014e-11 1.395905978e-12
 1879 3.599872146e-11 1.400394771e-12
 1880 3.587576478e-11 1.404809984e-12
 1881 3.575416286e-11 1.409148890e-12
 1882 3.563393858e-11 1.413408751e-12
 1883 3.551511487e-11 1.417586817e-12
 1884 3.539771476e-11 1.421680328e-12
 1885 3.528176135e-11 1.425686512e-12
 1886 3.516727783e-11 1.429602589e-12
 1887 3.505428746e-11 1.433425765e-12
 1888 3.494281361e-11 1.437153236e-12
 1889 3.483287969e-11 1.440782188e-12
 1890 3.472450922e-11 1.444309795e-12
 1891 3.461772580e-11 1.447733221e-12
 1892 3.451254867e-11 1.451049992e-12
 1893 3.440897935e-11 1.454259115e-12
 1894 3.430701493e-11 1.457359970e-12
 1895 3.420665242e-11 1.460351934e-12
 1896 3.410788886e-11 1.463234383e-12
 1897 3.401072121e-11 1.466006691e-12
 1898 3.391514643e-11 1.468668231e-12
 1899 3.382116143e-11 1.471218373e-12
 1900 3.372876310e-11 1.473656489e-12
 1901 3.363794830e-11 1.475981947e-12
 1902 3.354871386e-11 1.478194112e-12
 1903 3.346105657e-11 1.480292350e-12
 1904 3.337497319e-11 1.482276025e-12
 1905 3.329046046e-11 1.484144499e-12
 1906 3.320751509e-11 1.485897133e-12
 1907 3.312613374e-11 1.487533285e-12
 1908 3.304631305e-11 1.489052314e-12
 1909 3.296804965e-11 1.490453575e-12
 1910 3.289134010e-11 1.491736424e-12
 1911 3.281618096e-11 1.492900212e-12
 1912 3.274256873e-11 1.493944291e-12
 1913 3.267049992e-11 1.494868012e-12
 1914 3.259997097e-11 1.495670722e-12
 1915 3.253097830e-11 1.496351769e-12
 1916 3.246351832e-11 1.496910498e-12
 1917 3.239758737e-11 1.497346252e-12
 1918 3.233318179e-11 1.497658374e-12
 1919 3.227029787e-11 1.497846204e-12
 1920 3.220893189e-11 1.497909082e-12
 1921 3.214908007e-11 1.497846345e-12
 1922 3.209073862e-11 1.497657329e-12
 1923 3.203390371e-11 1.497341369e-12
 1924 3.197857149e-11 1.496897797e-12
 1925 3.192473805e-11 1.496325945e-12
 1926 3.187239947e-11 1.495625143e-12
 1927 3.182155180e-11 1.494794718e-12
 1928 3.177219105e-11 1.493833999e-12
 1929 3.172431320e-11 1.492742309e-12
 1930 3.167791420e-11 1.491518972e-12
 1931 3.163298723e-11 1.490163623e-12
 1932 3.158951449e-11 1.488677146e-12
 1933 3.154747533e-11 1.487060741e-12
 1934 3.150684905e-11 1.485315618e-12
 1935 3.146761479e-11 1.483442990e-12
 1936 3.142975163e-11 1.481444077e-12
 1937 3.139323852e-11 1.479320106e-12
 1938 3.135805435e-11 1.477072310e-12
 1939 3.132417787e-11 1.474701927e-12
 1940 3.129158774e-11 1.472210204e-12
 1941 3.126026253e-11 1.469598392e-12
 1942 3.123018070e-11 1.466867748e-12
 1943 3.120132060e-11 1.464019536e-12
 1944 3.117366050e-11 1.461055028e-12
 1945 3.114717854e-11 1.457975499e-12
 1946 3.112185279e-11 1.454782233e-12
 1947 3.109766120e-11 1.451476520e-12
 1948 3.107458160e-11 1.448059654e-12
 1949 3.105259176e-11 1.444532938e-12
 1950 3.103166932e-11 1.440897680e-12
 1951 3.101179181e-11 1.437155194e-12
 1952 3.099293668e-11 1.433306803e-12
 1953 3.097508127e-11 1.429353833e-12
 1954 3.095820280e-11 1.425297618e-12
 1955 3.094227841e-11 1.421139499e-12
 1956 3.092728513e-11 1.416880821e-12
 1957 3.091319987e-11 1.412522938e-12
 1958 3.089999946e-11 1.408067210e-12
 1959 3.088766062e-11 1.403515002e-12
 1960 3.087615996e-11 1.398867685e-12
 1961 3.086547398e-11 1.394126640e-12
 1962 3.085557909e-11 1.389293252e-12
 1963 3.084645160e-11 1.384368910e-12
 1964 3.083806769e-11 1.379355015e-12
 1965 3.083040346e-11 1.374252970e-12
 1966 3.082343490e-11 1.369064186e-12
 1967 3.081713789e-11 1.363790081e-12
 1968 3.081148820e-11 1.358432079e-12
 1969 3.080646150e-11 1.352991610e-12
 1970 3.080203350e-11 1.347470210e-12
 1971 3.079818027e-11 1.341869818e-12
 1972 3.079487792e-11 1.336192481e-12
 1973 3.079210246e-11 1.330440253e-12
 1974 3.078982979e-11 1.324615200e-12
 1975 3.078803570e-11 1.318719395e-12
 1976 3.078669590e-11 1.312754920e-12
 1977 3.078578598e-11 1.306723866e-12
 1978 3.078528142e-11 1.300628334e-12
 1979 3.078515762e-11 1.294470433e-12
 1980 3.078538986e-11 1.288252282e-12
 1981 3.078595331e-11 1.281976008e-12
 1982 3.078682306e-11 1.275643748e-12
 1983 3.078797407e-11 1.269257647e-12
 1984 3.078938122e-11 1.262819860e-12
 1985 3.079101926e-11 1.256332551e-12
 1986 3.079286287e-11 1.249797892e-12
 1987 3.079488658e-11 1.243218067e-12
 1988 3.079706485e-11 1.236595265e-12
 1989 3.079937204e-11 1.229931687e-12
 1990 3.080178237e-11 1.223229543e-12
 1991 3.080427000e-11 1.216491051e-12
 1992 3.080680894e-11 1.209718438e-12
 1993 3.080937312e-11 1.202913943e-12
 1994 3.081193637e-11 1.196079811e-12
 1995 3.081447239e-11 1.189218297e-12
 1996 3.081695481e-11 1.182331666e-12
 1997 3.081935712e-11 1.175422192e-12
 1998 3.082165272e-11 1.168492157e-12
 1999 3.082381490e-11 1.161543855e-12
 2000 3.082581686e-11 1.154579586e-12
 2001 3.082763166e-11 1.147601662e-12
 2002 3.082923228e-11 1.140612403e-12
 2003 3.083059159e-11 1.133614138e-12
 2004 3.083168235e-11 1.126609205e-12
 2005 3.083247722e-11 1.119599954e-12
 2006 3.083294873e-11 1.112588741e-12
 2007 3.083306933e-11 1.105577933e-12
 2008 3.083281134e-11 1.098569907e-12
 2009 3.083214936e-11 1.091566922e-12
 2010 3.083106726e-11 1.084570743e-12
 2011 3.082955123e-11 1.077583018e-12
 2012 3.082758742e-11 1.070605398e-12
 2013 3.082516189e-11 1.063639545e-12
 2014 3.082226068e-11 1.056687122e-12
 2015 3.081886978e-11 1.049749803e-12
 2016 3.081497511e-11 1.042829266e-12
 2017 3.081056254e-11 1.035927195e-12
 2018 3.080561791e-11 1.029045283e-12
 2019 3.080012698e-11 1.022185228e-12
 2020 3.079407548e-11 1.015348733e-12
 2021 3.078744907e-11 1.008537510e-12
 2022 3.078023337e-11 1.001753276e-12
 2023 3.077241395e-11 9.949977551e-13
 2024 3.076397632e-11 9.882726770e-13
 2025 3.075490593e-11 9.815797788e-13
 2026 3.074518820e-11 9.749208038e-13
 2027 3.073480849e-11 9.682975020e-13
 2028 3.072375208e-11 9.617116296e-13
 2029 3.071200425e-11 9.551649496e-13
 2030 3.069955017e-11 9.486592313e-13
 2031 3.068637501e-11 9.421962509e-13
 2032 3.067246384e-11 9.357777908e-13
 2033 3.065780172e-11 9.294056401e-13
 2034 3.064237362e-11 9.230815945e-13
 2035 3.062616449e-11 9.168074563e-13
 2036 3.060915920e-11 9.105850343e-13
 2037 3.059134258e-11 9.044161439e-13
 2038 3.057269941e-11 8.983026073e-13
 2039 3.055321441e-11 8.922462530e-13
 2040 3.053287224e-11 8.862489163e-13
 2041 3.051165753e-11 8.803124391e-13
 2042 3.048955483e-11 8.744386700e-13
 2043 3.046654866e-11 8.686294642e-13
 2044 3.044262346e-11 8.628866834e-13
 2045 3.041776365e-11 8.572121961e-13
 2046 3.039195357e-11 8.516078775e-13
 2047 3.036517751e-11 8.460756095e-13
 2048 3.033742264e-11 8.406170397e-13
 2049 3.030868779e-11 8.352328577e-13
 2050 3.027897472e-11 8.299235137e-13
 2051 3.024828521e-11 8.246894591e-13
 2052 3.021662105e-11 8.195311461e-13
 2053 3.018398406e-11 8.144490282e-13
 2054 3.015037604e-11 8.094435600e-13
 2055 3.011579885e-11 8.045151968e-13
 2056 3.008025432e-11 7.996643954e-13
 2057 3.004374434e-11 7.948916133e-13
 2058 3.000627078e-11 7.901973093e-13
 2059 2.996783553e-11 7.855819432e-13
 2060 2.992844051e-11 7.810459757e-13
 2061 2.988808764e-11 7.765898687e-13
 2062 2.984677887e-11 7.722140853e-13
 2063 2.980451616e-11 7.679190894e-13
 2064 2.976130147e-11 7.637053461e-13
 2065 2.971713679e-11 7.595733216e-13
 2066 2.967202412e-11 7.555234831e-13
 2067 2.962596549e-11 7.515562989e-13
 2068 2.957896292e-11 7.476722384e-13
 2069 2.953101845e-11 7.438717719e-13
 2070 2.948213416e-11 7.401553710e-13
 2071 2.943231212e-11 7.365235082e-13
 2072 2.938155442e-11 7.329766573e-13
 2073 2.932986317e-11 7.295152929e-13
 2074 2.927724049e-11 7.261398908e-13
 2075 2.922368852e-11 7.228509279e-13
 2076 2.916920942e-11 7.196488821e-13
 2077 2.911380536e-11 7.165342325e-13
 2078 2.905747851e-11 7.135074592e-13
 2079 2.900023108e-11 7.105690434e-13
 2080 2.894206528e-11 7.077194673e-13
 2081 2.888298335e-11 7.049592144e-13
 2082 2.882298753e-11 7.022887689e-13
 2083 2.876208008e-11 6.997086165e-13
 2084 2.870026328e-11 6.972192438e-13
 2085 2.863753941e-11 6.948211385e-13
 2086 2.857391080e-11 6.925147893e-13
 2087 2.850938160e-11 6.903004785e-13
 2088 2.844396342e-11 6.881776575e-13
 2089 2.837766973e-11 6.861455668e-13
 2090 2.831051409e-11 6.842034433e-13
 2091 2.824251010e-11 6.823505201e-13
 2092 2.817367144e-11 6.805860266e-13
 2093 2.810401181e-11 6.789091885e-13
 2094 2.803354502e-11 6.773192279e-13
 2095 2.796228489e-11 6.758153630e-13
 2096 2.789024533e-11 6.743968084e-13
 2097 2.781744029e-11 6.730627750e-13
 2098 2.774388380e-11 6.718124698e-13
 2099 2.766958992e-11 6.706450964e-13
 2100 2.759457279e-11 6.695598543e-13
 2101 2.751884661e-11 6.685559394e-13
 2102 2.744242562e-11 6.676325439e-13
 2103 2.736532414e-11 6.667888562e-13
 2104 2.728755654e-11 6.660240610e-13
 2105 2.720913725e-11 6.653373391e-13
 2106 2.713008076e-11 6.647278676e-13
 2107 2.705040161e-11 6.641948200e-13
 2108 2.697011441e-11 6.637373658e-13
 2109 2.688923384e-11 6.633546707e-13
 2110 2.680777461e-11 6.630458967e-13
 2111 2.672575152e-11 6.628102022e-13
 2112 2.664317940e-11 6.626467414e-13
 2113 2.656007318e-11 6.625546651e-13
 2114 2.647644781e-11 6.625331200e-13
 2115 2.639231831e-11 6.625812491e-13
 2116 2.630769978e-11 6.626981916e-13
 2117 2.622260736e-11 6.628830830e-13
 2118 2.613705625e-11 6.631350546e-13
 2119 2.605106173e-11 6.634532343e-13
 2120 2.596463912e-11 6.638367459e-13
 2121 2.587780380e-11 6.642847095e-13
 2122 2.579057123e-11 6.647962413e-13
 2123 2.570295691e-11 6.653704536e-13
 2124 2.561497641e-11 6.660064550e-13
 2125 2.552664536e-11 6.667033500e-13
 2126 2.543797948e-11 6.674601675e-13
 2127 2.534899463e-11 6.682756440e-13
 2128 2.525970678e-11 6.691484386e-13
 2129 2.517013196e-11 6.700772050e-13
 2130 2.508028624e-11 6.710605913e-13
 2131 2.499018577e-11 6.720972402e-13
 2132 2.489984676e-11 6.731857887e-13
 2133 2.480928548e-11 6.743248684e-13
 2134 2.471851826e-11 6.755131054e-13
 2135 2.462756149e-11 6.767491201e-13
 2136 2.453643163e-11 6.780315275e-13
 2137 2.444514519e-11 6.793589369e-13
 2138 2.435371875e-11 6.807299522e-13
 2139 2.426216896e-11 6.821431716e-13
 2140 2.417051251e-11 6.835971879e-13
 2141 2.407876618e-11 6.850905879e-13
 2142 2.398694679e-11 6.866219534e-13
 2143 2.389507124e-11 6.881898602e-13
 2144 2.380315647e-11 6.897928785e-13
 2145 2.371121951e-11 6.914295731e-13
 2146 2.361927742e-11 6.930985030e-13
 2147 2.352734737e-11 6.947982217e-13
 2148 2.343544654e-11 6.965272770e-13
 2149 2.334359221e-11 6.982842110e-13
 2150 2.325180170e-11 7.000675604e-13
 2151 2.316009242e-11 7.018758560e-13
 2152 2.306848181e-11 7.037076231e-13
 2153 2.297698741e-11 7.055613811e-13
 2154 2.288562678e-11 7.074356441e-13
 2155 2.279441759e-11 7.093289202e-13
 2156 2.270337753e-11 7.112397119e-13
 2157 2.261252439e-11 7.131665162e-13
 2158 2.252187599e-11 7.151078241e-13
 2159 2.243145025e-11 7.170621212e-13
 2160 2.234126513e-11 7.190278871e-13
 2161 2.225133865e-11 7.210035959e-13
 2162 2.216168891e-11 7.229877159e-13
 2163 2.207233407e-11 7.249787097e-13
 2164 2.198329235e-11 7.269750341e-13
 2165 2.189458057e-11 7.289752144e-13
 2166 2.180620984e-11 7.309780681e-13
 2167 2.171818982e-11 7.329824827e-13
 2168 2.163053023e-11 7.349873414e-13
 2169 2.154324080e-11 7.369915234e-13
 2170 2.145633132e-11 7.389939039e-13
 2171 2.136981157e-11 7.409933539e-13
 2172 2.128369140e-11 7.429887401e-13
 2173 2.119798068e-11 7.449789252e-13
 2174 2.111268930e-11 7.469627679e-13
 2175 2.102782721e-11 7.489391224e-13
 2176 2.094340437e-11 7.509068392e-13
 2177 2.085943077e-11 7.528647642e-13
 2178 2.077591645e-11 7.548117394e-13
 2179 2.069287147e-11 7.567466026e-13
 2180 2.061030593e-11 7.586681874e-13
 2181 2.052822995e-11 7.605753233e-13
 2182 2.044665371e-11 7.624668354e-13
 2183 2.036558738e-11 7.643415449e-13
 2184 2.028504121e-11 7.661982686e-13
 2185 2.020502544e-11 7.680358192e-13
 2186 2.012555037e-11 7.698530053e-13
 2187 2.004662633e-11 7.716486310e-13
 2188 1.996826368e-11 7.734214966e-13
 2189 1.989047280e-11 7.751703977e-13
 2190 1.981326411e-11 7.768941262e-13
 2191 1.973664809e-11 7.785914694e-13
 2192 1.966063521e-11 7.802612105e-13
 2193 1.958523599e-11 7.819021284e-13
 2194 1.951046101e-11 7.835129980e-13
 2195 1.943632083e-11 7.850925898e-13
 2196 1.936282609e-11 7.866396698e-13
 2197 1.928998744e-11 7.881530002e-13
 2198 1.921781558e-11 7.896313388e-13
 2199 1.914632121e-11 7.910734389e-13
 2200 1.907551510e-11 7.924780497e-13
 2201 1.900540803e-11 7.938439164e-13
 2202 1.893601083e-11 7.951697794e-13
 2203 1.886733436e-11 7.964543752e-13
 2204 1.879938763e-11 7.976965894e-13
 2205 1.873217228e-11 7.988959181e-13
 2206 1.866568807e-11 8.000520095e-13
 2207 1.859993475e-11 8.011645110e-13
 2208 1.853491207e-11 8.022330690e-13
 2209 1.847061977e-11 8.032573291e-13
 2210 1.840705758e-11 8.042369356e-13
 2211 1.834422524e-11 8.051715321e-13
 2212 1.828212245e-11 8.060607612e-13
 2213 1.822074893e-11 8.069042646e-13
 2214 1.816010439e-11 8.077016828e-13
 2215 1.810018853e-11 8.084526558e-13
 2216 1.804100104e-11 8.091568221e-13
 2217 1.798254159e-11 8.098138196e-13
 2218 1.792480988e-11 8.104232851e-13
 2219 1.786780556e-11 8.109848545e-13
 2220 1.781152831e-11 8.114981626e-13
 2221 1.775597777e-11 8.119628436e-13
 2222 1.770115359e-11 8.123785302e-13
 2223 1.764705543e-11 8.127448546e-13
 2224 1.759368291e-11 8.130614478e-13
 2225 1.754103565e-11 8.133279399e-13
 2226 1.748911328e-11 8.135439599e-13
 2227 1.743791542e-11 8.137091360e-13
 2228 1.738744166e-11 8.138230954e-13
 2229 1.733769161e-11 8.138854642e-13
 2230 1.728866485e-11 8.138958678e-13
 2231 1.724036097e-11 8.138539303e-13
 2232 1.719277955e-11 8.137592750e-13
 2233 1.714592016e-11 8.136115242e-13
 2234 1.709978236e-11 8.134102993e-13
 2235 1.705436570e-11 8.131552206e-13
 2236 1.700966973e-11 8.128459074e-13
 2237 1.696569399e-11 8.124819781e-13
 2238 1.692243802e-11 8.120630502e-13
 2239 1.687990133e-11 8.115887400e-13
 2240 1.683808346e-11 8.110586631e-13
 2241 1.679698391e-11 8.104724338e-13
 2242 1.675660217e-11 8.098296656e-13
 2243 1.671693655e-11 8.091301086e-13
 2244 1.667798048e-11 8.083740622e-13
 2245 1.663972616e-11 8.075619653e-13
 2246 1.660216575e-11 8.066942586e-13
 2247 1.656529138e-11 8.057713849e-13
 2248 1.652909515e-11 8.047937889e-13
 2249 1.649356913e-11 8.037619170e-13
 2250 1.645870535e-11 8.026762180e-13
 2251 1.642449581e-11 8.015371424e-13
 2252 1.639093246e-11 8.003451427e-13
 2253 1.635800725e-11 7.991006735e-13
 2254 1.632571206e-11 7.978041913e-13
 2255 1.629403877e-11 7.964561544e-13
 2256 1.626297920e-11 7.950570234e-13
 2257 1.623252515e-11 7.936072607e-13
 2258 1.620266838e-11 7.921073307e-13
 2259 1.617340061e-11 7.905576999e-13
 2260 1.614471355e-11 7.889588365e-13
 2261 1.611659886e-11 7.873112110e-13
 2262 1.608904816e-11 7.856152958e-13
 2263 1.606205304e-11 7.838715653e-13
 2264 1.603560507e-11 7.820804957e-13
 2265 1.600969577e-11 7.802425656e-13
 2266 1.598431662e-11 7.783582553e-13
 2267 1.595945910e-11 7.764280471e-13
 2268 1.593511461e-11 7.744524255e-13
 2269 1.591127455e-11 7.724318769e-13
 2270 1.588793027e-11 7.703668897e-13
 2271 1.586507310e-11 7.682579543e-13
 2272 1.584269431e-11 7.661055633e-13
 2273 1.582078516e-11 7.639102110e-13
 2274 1.579933687e-11 7.616723940e-13
 2275 1.577834062e-11 7.593926107e-13
 2276 1.575778755e-11 7.570713618e-13
 2277 1.573766878e-11 7.547091499e-13
 2278 1.571797540e-11 7.523064795e-13
 2279 1.569869843e-11 7.498638572e-13
 2280 1.567982890e-11 7.473817918e-13
 2281 1.566135778e-11 7.448607940e-13
 2282 1.564327594e-11 7.423014307e-13
 2283 1.562557388e-11 7.397044878e-13
 2284 1.560824203e-11 7.370708085e-13
 2285 1.559127075e-11 7.344012391e-13
 2286 1.557465038e-11 7.316966292e-13
 2287 1.555837122e-11 7.289578316e-13
 2288 1.554242352e-11 7.261857021e-13
 2289 1.552679752e-11 7.233810999e-13
 2290 1.551148340e-11 7.205448875e-13
 2291 1.549647132e-11 7.176779302e-13
 2292 1.548175139e-11 7.147810969e-13
 2293 1.546731369e-11 7.118552597e-13
 2294 1.545314826e-11 7.089012936e-13
 2295 1.543924511e-11 7.059200773e-13
 2296 1.542559420e-11 7.029124922e-13
 2297 1.541218547e-11 6.998794233e-13
 2298 1.539900880e-11 6.968217589e-13
 2299 1.538605407e-11 6.937403901e-13
 2300 1.537331108e-11 6.906362117e-13
 2301 1.536076962e-11 6.875101215e-13
 2302 1.534841944e-11 6.843630205e-13
 2303 1.533625024e-11 6.811958133e-13
 2304 1.532425170e-11 6.780094074e-13
 2305 1.531241345e-11 6.748047136e-13
 2306 1.530072509e-11 6.715826462e-13
 2307 1.528917618e-11 6.683441225e-13
 2308 1.527775623e-11 6.650900632e-13
 2309 1.526645474e-11 6.618213923e-13
 2310 1.525526116e-11 6.585390370e-13
 2311 1.524416489e-11 6.552439278e-13
 2312 1.523315530e-11 6.519369985e-13
 2313 1.522222173e-11 6.486191862e-13
 2314 1.521135347e-11 6.452914314e-13
 2315 1.520053980e-11 6.419546776e-13
 2316 1.518976992e-11 6.386098719e-13
 2317 1.517903303e-11 6.352579645e-13
 2318 1.516831826e-11 6.318999090e-13
 2319 1.515761473e-11 6.285366624e-13
 2320 1.514691151e-11 6.251691848e-13
 2321 1.513619845e-11 6.217984004e-13
 2322 1.512546868e-11 6.184250794e-13
 2323 1.511471612e-11 6.150499550e-13
 2324 1.510393469e-11 6.116737632e-13
 2325 1.509311826e-11 6.082972423e-13
 2326 1.508226070e-11 6.049211332e-13
 2327 1.507135585e-11 6.015461793e-13
 2328 1.506039752e-11 5.981731267e-13
 2329 1.504937953e-11 5.948027236e-13
 2330 1.503829565e-11 5.914357212e-13
 2331 1.502713964e-11 5.880728730e-13
 2332 1.501590523e-11 5.847149350e-13
 2333 1.500458614e-11 5.813626658e-13
 2334 1.499317606e-11 5.780168267e-13
 2335 1.498166868e-11 5.746781813e-13
 2336 1.497005763e-11 5.713474958e-13
 2337 1.495833655e-11 5.680255390e-13
 2338 1.494649905e-11 5.647130823e-13
 2339 1.493453873e-11 5.614108995e-13
 2340 1.492244913e-11 5.581197672e-13
 2341 1.491022382e-11 5.548404642e-13
 2342 1.489785631e-11 5.515737723e-13
 2343 1.488534011e-11 5.483204754e-13
 2344 1.487266869e-11 5.450813604e-13
 2345 1.485983553e-11 5.418572166e-13
 2346 1.484683405e-11 5.386488357e-13
 2347 1.483365768e-11 5.354570121e-13
 2348 1.482029981e-11 5.322825430e-13
 2349 1.480675381e-11 5.291262279e-13
 2350 1.479301304e-11 5.259888689e-13
 2351 1.477907082e-11 5.228712708e-13
 2352 1.476492048e-11 5.197742409e-13
 2353 1.475055528e-11 5.166985893e-13
 2354 1.473596851e-11 5.136451284e-13
 2355 1.472115341e-11 5.106146734e-13
 2356 1.470610319e-11 5.076080419e-13
 2357 1.469081106e-11 5.046260544e-13
 2358 1.467527020e-11 5.016695337e-13
 2359 1.465947376e-11 4.987393055e-13
 2360 1.464341598e-11 4.958361044e-13
 2361 1.462709539e-11 4.929602940e-13
 2362 1.461051162e-11 4.901121449e-13
 2363 1.459366430e-11 4.872919288e-13
 2364 1.457655307e-11 4.844999181e-13
 2365 1.455917756e-11 4.817363856e-13
 2366 1.454153739e-11 4.790016052e-13
 2367 1.452363220e-11 4.762958512e-13
 2368 1.450546162e-11 4.736193989e-13
 2369 1.448702529e-11 4.709725242e-13
 2370 1.446832283e-11 4.683555036e-13
 2371 1.444935387e-11 4.657686145e-13
 2372 1.443011805e-11 4.632121351e-13
 2373 1.441061501e-11 4.606863440e-13
 2374 1.439084437e-11 4.581915207e-13
 2375 1.437080577e-11 4.557279456e-13
 2376 1.435049885e-11 4.532958996e-13
 2377 1.432992323e-11 4.508956643e-13
 2378 1.430907856e-11 4.485275223e-13
 2379 1.428796446e-11 4.461917566e-13
 2380 1.426658057e-11 4.438886511e-13
 2381 1.424492654e-11 4.416184904e-13
 2382 1.422300198e-11 4.393815599e-13
 2383 1.420080654e-11 4.371781457e-13
 2384 1.417833986e-11 4.350085345e-13
 2385 1.415560157e-11 4.328730138e-13
 2386 1.413259131e-11 4.307718720e-13
 2387 1.410930871e-11 4.287053980e-13
 2388 1.408575341e-11 4.266738816e-13
 2389 1.406192506e-11 4.246776133e-13
 2390 1.403782328e-11 4.227168842e-13
 2391 1.401344772e-11 4.207919863e-13
 2392 1.398879802e-11 4.189032122e-13
 2393 1.396387380e-11 4.170508555e-13
 2394 1.393867472e-11 4.152352102e-13
 2395 1.391320042e-11 4.134565713e-13
 2396 1.388745052e-11 4.117152343e-13
 2397 1.386142468e-11 4.100114957e-13
 2398 1.383512252e-11 4.083456525e-13
 2399 1.380854444e-11 4.067179149e-13
 2400 1.378169375e-11 4.051281412e-13
 2401 1.375457452e-11 4.035761015e-13
 2402 1.372719084e-11 4.020615646e-13
 2403 1.369954682e-11 4.005842982e-13
 2404 1.367164658e-11 3.991440693e-13
 2405 1.364349424e-11 3.977406434e-13
 2406 1.361509396e-11 3.963737855e-13
 2407 1.358644989e-11 3.950432593e-13
 2408 1.355756622e-11 3.937488274e-13
 2409 1.352844715e-11 3.924902516e-13
 2410 1.349909687e-11 3.912672925e-13
 2411 1.346951962e-11 3.900797098e-13
 2412 1.343971964e-11 3.889272620e-13
 2413 1.340970117e-11 3.878097068e-13
 2414 1.337946849e-11 3.867268007e-13
 2415 1.334902588e-11 3.856782992e-13
 2416 1.331837764e-11 3.846639568e-13
 2417 1.328752810e-11 3.836835270e-13
 2418 1.325648157e-11 3.827367621e-13
 2419 1.322524241e-11 3.818234135e-13
 2420 1.319381498e-11 3.809432316e-13
 2421 1.316220365e-11 3.800959657e-13
 2422 1.313041281e-11 3.792813640e-13
 2423 1.309844688e-11 3.784991738e-13
 2424 1.306631028e-11 3.777491413e-13
 2425 1.303400744e-11 3.770310115e-13
 2426 1.300154283e-11 3.763445286e-13
 2427 1.296892090e-11 3.756894356e-13
 2428 1.293614614e-11 3.750654745e-13
 2429 1.290322305e-11 3.744723863e-13
 2430 1.287015616e-11 3.739099108e-13
 2431 1.283694998e-11 3.733777870e-13
 2432 1.280360908e-11 3.728757526e-13
 2433 1.277013800e-11 3.724035444e-13
 2434 1.273654132e-11 3.719608981e-13
 2435 1.270282365e-11 3.715475482e-13
 2436 1.266898959e-11 3.711632285e-13
 2437 1.263504376e-11 3.708076714e-13
 2438 1.260099090e-11 3.704805694e-13
 2439 1.256683616e-11 3.701814577e-13
 2440 1.253258480e-11 3.699098308e-13
 2441 1.249824211e-11 3.696651814e-13
 2442 1.246381337e-11 3.694470001e-13
 2443 1.242930391e-11 3.692547761e-13
 2444 1.239471906e-11 3.690879965e-13
 2445 1.236006417e-11 3.689461465e-13
 2446 1.232534461e-11 3.688287096e-13
 2447 1.229056576e-11 3.687351674e-13
 2448 1.225573303e-11 3.686649997e-13
 2449 1.222085183e-11 3.686176844e-13
 2450 1.218592762e-11 3.685926976e-13
 2451 1.215096585e-11 3.685895136e-13
 2452 1.211597198e-11 3.686076046e-13
 2453 1.208095153e-11 3.686464413e-13
 2454 1.204590998e-11 3.687054922e-13
 2455 1.201085289e-11 3.687842243e-13
 2456 1.197578578e-11 3.688821024e-13
 2457 1.194071422e-11 3.689985897e-13
 2458 1.190564381e-11 3.691331473e-13
 2459 1.187058013e-11 3.692852347e-13
 2460 1.183552881e-11 3.694543093e-13
 2461 1.180049548e-11 3.696398268e-13
 2462 1.176548579e-11 3.698412409e-13
 2463 1.173050543e-11 3.700580035e-13
 2464 1.169556007e-11 3.702895647e-13
 2465 1.166065543e-11 3.705353724e-13
 2466 1.162579723e-11 3.707948731e-13
 2467 1.159099122e-11 3.710675110e-13
 2468 1.155624315e-11 3.713527287e-13
 2469 1.152155882e-11 3.716499668e-13
 2470 1.148694401e-11 3.719586639e-13
 2471 1.145240455e-11 3.722782570e-13
 2472 1.141794627e-11 3.726081809e-13
 2473 1.138357503e-11 3.729478687e-13
 2474 1.134929668e-11 3.732967516e-13
 2475 1.131511714e-11 3.736542589e-13
 2476 1.128104229e-11 3.740198178e-13
 2477 1.124707763e-11 3.743928729e-13
 2478 1.121322688e-11 3.747729437e-13
 2479 1.117949333e-11 3.751595669e-13
 2480 1.114588029e-11 3.755522778e-13
 2481 1.111239108e-11 3.759506102e-13
 2482 1.107902901e-11 3.763540964e-13
 2483 1.104579742e-11 3.767622672e-13
 2484 1.101269964e-11 3.771746515e-13
 2485 1.097973905e-11 3.775907772e-13
 2486 1.094691898e-11 3.780101702e-13
 2487 1.091424282e-11 3.784323551e-13
 2488 1.088171395e-11 3.788568550e-13
 2489 1.084933576e-11 3.792831911e-13
 2490 1.081711165e-11 3.797108835e-13
 2491 1.078504503e-11 3.801394504e-13
 2492 1.075313932e-11 3.805684087e-13
 2493 1.072139796e-11 3.809972735e-13
 2494 1.068982438e-11 3.814255586e-13
 2495 1.065842204e-11 3.818527761e-13
 2496 1.062719439e-11 3.822784365e-13
 2497 1.059614490e-11 3.827020488e-13
 2498 1.056527706e-11 3.831231205e-13
 2499 1.053459435e-11 3.835411574e-13
 2500 1.050410028e-11 3.839556638e-13
 2501 1.047379835e-11 3.843661425e-13
 2502 1.044369208e-11 3.847720946e-13
 2503 1.041378501e-11 3.851730198e-13
 2504 1.038408067e-11 3.855684160e-13
 2505 1.035458261e-11 3.859577797e-13
 2506 1.032529439e-11 3.863406057e-13
 2507 1.029621958e-11 3.867163875e-13
 2508 1.026736177e-11 3.870846166e-13
 2509 1.023872453e-11 3.874447833e-13
 2510 1.021031147e-11 3.877963761e-13
 2511 1.018212620e-11 3.881388819e-13
 2512 1.015417234e-11 3.884717862e-13
 2513 1.012645351e-11 3.887945728e-13
 2514 1.009897336e-11 3.891067239e-13
 2515 1.007173554e-11 3.894077201e-13
 2516 1.004474306e-11 3.896970951e-13
 2517 1.001799643e-11 3.899746002e-13
 2518 9.991495505e-12 3.902400406e-13
 2519 9.965240138e-12 3.904932211e-13
 2520 9.939230185e-12 3.907339457e-13
 2521 9.913465498e-12 3.909620182e-13
 2522 9.887945929e-12 3.911772416e-13
 2523 9.862671324e-12 3.913794183e-13
 2524 9.837641531e-12 3.915683503e-13
 2525 9.812856394e-12 3.917438391e-13
 2526 9.788315754e-12 3.919056855e-13
 2527 9.764019452e-12 3.920536897e-13
 2528 9.739967326e-12 3.921876515e-13
 2529 9.716159212e-12 3.923073701e-13
 2530 9.692594944e-12 3.924126441e-13
 2531 9.669274353e-12 3.925032715e-13
 2532 9.646197270e-12 3.925790500e-13
 2533 9.623363522e-12 3.926397763e-13
 2534 9.600772934e-12 3.926852470e-13
 2535 9.578425331e-12 3.927152577e-13
 2536 9.556320533e-12 3.927296040e-13
 2537 9.534458361e-12 3.927280803e-13
 2538 9.512838630e-12 3.927104809e-13
 2539 9.491461158e-12 3.926765994e-13
 2540 9.470325755e-12 3.926262287e-13
 2541 9.449432235e-12 3.925591615e-13
 2542 9.428780404e-12 3.924751895e-13
 2543 9.408370071e-12 3.923741041e-13
 2544 9.388201040e-12 3.922556960e-13
 2545 9.368273114e-12 3.921197556e-13
 2546 9.348586092e-12 3.919660724e-13
 2547 9.329139774e-12 3.917944356e-13
 2548 9.309933955e-12 3.916046335e-13
 2549 9.290968431e-12 3.913964543e-13
 2550 9.272242992e-12 3.911696852e-13
 2551 9.253757429e-12 3.909241131e-13
 2552 9.235511529e-12 3.906595243e-13
 2553 9.217505078e-12 3.903757043e-13
 2554 9.199737860e-12 3.900724384e-13
 2555 9.182209215e-12 3.897495656e-13
 2556 9.164916712e-12 3.894071429e-13
 2557 9.147857469e-12 3.890452823e-13
 2558 9.131028596e-12 3.886640963e-13
 2559 9.114427188e-12 3.882636976e-13
 2560 9.098050334e-12 3.878441996e-13
 2561 9.081895110e-12 3.874057160e-13
 2562 9.065958582e-12 3.869483612e-13
 2563 9.050237805e-12 3.864722497e-13
 2564 9.034729825e-12 3.859774968e-13
 2565 9.019431677e-12 3.854642181e-13
 2566 9.004340384e-12 3.849325295e-13
 2567 8.989452960e-12 3.843825477e-13
 2568 8.974766409e-12 3.838143897e-13
 2569 8.960277721e-12 3.832281728e-13
 2570 8.945983880e-12 3.826240149e-13
 2571 8.931881857e-12 3.820020346e-13
 2572 8.917968612e-12 3.813623504e-13
 2573 8.904241095e-12 3.807050819e-13
 2574 8.890696246e-12 3.800303487e-13
 2575 8.877330993e-12 3.793382710e-13
 2576 8.864142255e-12 3.786289695e-13
 2577 8.851126940e-12 3.779025654e-13
 2578 8.838281944e-12 3.771591802e-13
 2579 8.825604154e-12 3.763989361e-13
 2580 8.813090445e-12 3.756219556e-13
 2581 8.800737681e-12 3.748283617e-13
 2582 8.788542718e-12 3.740182778e-13
 2583 8.776502399e-12 3.731918280e-13
 2584 8.764613555e-12 3.723491365e-13
 2585 8.752873010e-12 3.714903283e-13
 2586 8.741277575e-12 3.706155288e-13
 2587 8.729824050e-12 3.697248636e-13
 2588 8.718509224e-12 3.688184592e-13
 2589 8.707329878e-12 3.678964423e-13
 2590 8.696282778e-12 3.669589401e-13
 2591 8.685364683e-12 3.660060802e-13
 2592 8.674572339e-12 3.650379909e-13
 2593 8.663902481e-12 3.640548008e-13
 2594 8.653351798e-12 3.630566657e-13
 2595 8.642916811e-12 3.620438491e-13
 2596 8.632593997e-12 3.610166422e-13
 2597 8.622379816e-12 3.599753372e-13
 2598 8.612270721e-12 3.589202271e-13
 2599 8.602263150e-12 3.578516060e-13
 2600 8.592353532e-12 3.567697690e-13
 2601 8.582538282e-12 3.556750121e-13
 2602 8.572813806e-12 3.545676323e-13
 2603 8.563176497e-12 3.534479275e-13
 2604 8.553622735e-12 3.523161968e-13
 2605 8.544148891e-12 3.511727400e-13
 2606 8.534751322e-12 3.500178581e-13
 2607 8.525426375e-12 3.488518529e-13
 2608 8.516170384e-12 3.476750272e-13
 2609 8.506979673e-12 3.464876851e-13
 2610 8.497850552e-12 3.452901311e-13
 2611 8.488779322e-12 3.440826713e-13
 2612 8.479762269e-12 3.428656123e-13
 2613 8.470795671e-12 3.416392619e-13
 2614 8.461875791e-12 3.404039290e-13
 2615 8.452998882e-12 3.391599232e-13
 2616 8.444161184e-12 3.379075552e-13
 2617 8.435358927e-12 3.366471369e-13
 2618 8.426588327e-12 3.353789809e-13
 2619 8.417845590e-12 3.341034009e-13
 2620 8.409126910e-12 3.328207116e-13
 2621 8.400428468e-12 3.315312287e-13
 2622 8.391746434e-12 3.302352690e-13
 2623 8.383076965e-12 3.289331499e-13
 2624 8.374416209e-12 3.276251903e-13
 2625 8.365760298e-12 3.263117098e-13
 2626 8.357105356e-12 3.249930291e-13
 2627 8.348447493e-12 3.236694697e-13
 2628 8.339782807e-12 3.223413544e-13
 2629 8.331107385e-12 3.210090069e-13
 2630 8.322417301e-12 3.196727518e-13
 2631 8.313708619e-12 3.183329147e-13
 2632 8.304977388e-12 3.169898223e-13
 2633 8.296219954e-12 3.156437940e-13
 2634 8.287433881e-12 3.142951163e-13
 2635 8.278617030e-12 3.129440686e-13
 2636 8.269767259e-12 3.115909308e-13
 2637 8.260882416e-12 3.102359840e-13
 2638 8.251960346e-12 3.088795098e-13
 2639 8.242998885e-12 3.075217908e-13
 2640 8.233995865e-12 3.061631106e-13
 2641 8.224949108e-12 3.048037535e-13
 2642 8.215856434e-12 3.034440046e-13
 2643 8.206715653e-12 3.020841500e-13
 2644 8.197524569e-12 3.007244767e-13
 2645 8.188280983e-12 2.993652723e-13
 2646 8.178982684e-12 2.980068256e-13
 2647 8.169627459e-12 2.966494260e-13
 2648 8.160213087e-12 2.952933639e-13
 2649 8.150737340e-12 2.939389306e-13
 2650 8.141197984e-12 2.925864180e-13
 2651 8.131592779e-12 2.912361191e-13
 2652 8.121919477e-12 2.898883278e-13
 2653 8.112175825e-12 2.885433388e-13
 2654 8.102359562e-12 2.872014476e-13
 2655 8.092468423e-12 2.858629507e-13
 2656 8.082500135e-12 2.845281452e-13
 2657 8.072452416e-12 2.831973295e-13
 2658 8.062322982e-12 2.818708025e-13
 2659 8.052109540e-12 2.805488641e-13
 2660 8.041809789e-12 2.792318152e-13
 2661 8.031421426e-12 2.779199573e-13
 2662 8.020942136e-12 2.766135931e-13
 2663 8.010369601e-12 2.753130259e-13
 2664 7.999701495e-12 2.740185599e-13
 2665 7.988935487e-12 2.727305004e-13
 2666 7.978069238e-12 2.714491534e-13
 2667 7.967100401e-12 2.701748259e-13
 2668 7.956026626e-12 2.689078255e-13
 2669 7.944845554e-12 2.676484609e-13
 2670 7.933554819e-12 2.663970419e-13
 2671 7.922152050e-12 2.651538786e-13
 2672 7.910635278e-12 2.639192515e-13
 2673 7.899004166e-12 2.626933169e-13
 2674 7.887258790e-12 2.614762006e-13
 2675 7.875399222e-12 2.602680287e-13
 2676 7.863425538e-12 2.590689275e-13
 2677 7.851337815e-12 2.578790238e-13
 2678 7.839136128e-12 2.566984446e-13
 2679 7.826820555e-12 2.555273172e-13
 2680 7.814391173e-12 2.543657695e-13
 2681 7.801848062e-12 2.532139293e-13
 2682 7.789191301e-12 2.520719251e-13
 2683 7.776420971e-12 2.509398855e-13
 2684 7.763537151e-12 2.498179396e-13
 2685 7.750539924e-12 2.487062166e-13
 2686 7.737429372e-12 2.476048463e-13
 2687 7.724205578e-12 2.465139586e-13
 2688 7.710868626e-12 2.454336839e-13
 2689 7.697418601e-12 2.443641527e-13
 2690 7.683855588e-12 2.433054962e-13
 2691 7.670179672e-12 2.422578456e-13
 2692 7.656390941e-12 2.412213325e-13
 2693 7.642489482e-12 2.401960889e-13
 2694 7.628475383e-12 2.391822472e-13
 2695 7.614348733e-12 2.381799399e-13
 2696 7.600109623e-12 2.371893001e-13
 2697 7.585758141e-12 2.362104609e-13
 2698 7.571294381e-12 2.352435562e-13
 2699 7.556718432e-12 2.342887198e-13
 2700 7.542030389e-12 2.333460860e-13
 2701 7.527230344e-12 2.324157894e-13
 2702 7.512318392e-12 2.314979651e-13
 2703 7.497294628e-12 2.305927483e-13
 2704 7.482159146e-12 2.297002746e-13
 2705 7.466912044e-12 2.288206801e-13
 2706 7.451553418e-12 2.279541009e-13
 2707 7.436083367e-12 2.271006738e-13
 2708 7.420501989e-12 2.262605357e-13
 2709 7.404809383e-12 2.254338240e-13
 2710 7.389005650e-12 2.246206762e-13
 2711 7.373091156e-12 2.238211975e-13
 2712 7.357067332e-12 2.230353621e-13
 2713 7.340935882e-12 2.222631109e-13
 2714 7.324698512e-12 2.215043849e-13
 2715 7.308356937e-12 2.207591246e-13
 2716 7.291912875e-12 2.200272704e-13
 2717 7.275368050e-12 2.193087624e-13
 2718 7.258724192e-12 2.186035403e-13
 2719 7.241983037e-12 2.179115440e-13
 2720 7.225146325e-12 2.172327126e-13
 2721 7.208215802e-12 2.165669854e-13
 2722 7.191193221e-12 2.159143011e-13
 2723 7.174080338e-12 2.152745985e-13
 2724 7.156878916e-12 2.146478158e-13
 2725 7.139590723e-12 2.140338913e-13
 2726 7.122217535e-12 2.134327627e-13
 2727 7.104761128e-12 2.128443678e-13
 2728 7.087223290e-12 2.122686439e-13
 2729 7.069605809e-12 2.117055281e-13
 2730 7.051910482e-12 2.111549573e-13
 2731 7.034139111e-12 2.106168683e-13
 2732 7.016293503e-12 2.100911972e-13
 2733 6.998375469e-12 2.095778804e-13
 2734 6.980386829e-12 2.090768536e-13
 2735 6.962329406e-12 2.085880526e-13
 2736 6.944205030e-12 2.081114127e-13
 2737 6.926015534e-12 2.076468690e-13
 2738 6.907762761e-12 2.071943565e-13
 2739 6.889448556e-12 2.067538097e-13
 2740 6.871074771e-12 2.063251630e-13
 2741 6.852643262e-12 2.059083507e-13
 2742 6.834155894e-12 2.055033065e-13
 2743 6.815614534e-12 2.051099641e-13
 2744 6.797021056e-12 2.047282569e-13
 2745 6.778377341e-12 2.043581180e-13
 2746 6.759685273e-12 2.039994802e-13
 2747 6.740946744e-12 2.036522762e-13
 2748 6.722163651e-12 2.033164384e-13
 2749 6.703337895e-12 2.029918988e-13
 2750 6.684471414e-12 2.026785720e-13
 2751 6.665566272e-12 2.023763026e-13
 2752 6.646624568e-12 2.020849175e-13
 2753 6.627648407e-12 2.018042427e-13
 2754 6.608639901e-12 2.015341041e-13
 2755 6.589601167e-12 2.012743267e-13
 2756 6.570534330e-12 2.010247350e-13
 2757 6.551441520e-12 2.007851531e-13
 2758 6.532324872e-12 2.005554044e-13
 2759 6.513186530e-12 2.003353116e-13
 2760 6.494028643e-12 2.001246972e-13
 2761 6.474853365e-12 1.999233829e-13
 2762 6.455662859e-12 1.997311898e-13
 2763 6.436459290e-12 1.995479386e-13
 2764 6.417244834e-12 1.993734494e-13
 2765 6.398021670e-12 1.992075415e-13
 2766 6.378791985e-12 1.990500339e-13
 2767 6.359557970e-12 1.989007451e-13
 2768 6.340321826e-12 1.987594927e-13
 2769 6.321085756e-12 1.986260939e-13
 2770 6.301851974e-12 1.985003656e-13
 2771 6.282622695e-12 1.983821237e-13
 2772 6.263400144e-12 1.982711838e-13
 2773 6.244186552e-12 1.981673607e-13
 2774 6.224984154e-12 1.980704690e-13
 2775 6.205795195e-12 1.979803224e-13
 2776 6.186621922e-12 1.978967342e-13
 2777 6.167466592e-12 1.978195170e-13
 2778 6.148331466e-12 1.977484830e-13
 2779 6.129218812e-12 1.976834436e-13
 2780 6.110130906e-12 1.976242099e-13
 2781 6.091070027e-12 1.975705922e-13
 2782 6.072038464e-12 1.975224003e-13
 2783 6.053038509e-12 1.974794435e-13
 2784 6.034072463e-12 1.974415305e-13
 2785 6.015142631e-12 1.974084692e-13
 2786 5.996251327e-12 1.973800674e-13
 2787 5.977400869e-12 1.973561318e-13
 2788 5.958593583e-12 1.973364689e-13
 2789 5.939831645e-12 1.973208878e-13
 2790 5.921116617e-12 1.973092110e-13
 2791 5.902449906e-12 1.973012639e-13
 2792 5.883832926e-12 1.972968712e-13
 2793 5.865267094e-12 1.972958572e-13
 2794 5.846753829e-12 1.972980456e-13
 2795 5.828294557e-12 1.973032598e-13
 2796 5.809890704e-12 1.973113225e-13
 2797 5.791543703e-12 1.973220558e-13
 2798 5.773254989e-12 1.973352814e-13
 2799 5.755026000e-12 1.973508205e-13
 2800 5.736858181e-12 1.973684938e-13
 2801 5.718752976e-12 1.973881213e-13
 2802 5.700711837e-12 1.974095226e-13
 2803 5.682736218e-12 1.974325169e-13
 2804 5.664827576e-12 1.974569226e-13
 2805 5.646987373e-12 1.974825577e-13
 2806 5.629217076e-12 1.975092398e-13
 2807 5.611518152e-12 1.975367858e-13
 2808 5.593892075e-12 1.975650122e-13
 2809 5.576340321e-12 1.975937348e-13
 2810 5.558864372e-12 1.976227690e-13
 2811 5.541465711e-12 1.976519297e-13
 2812 5.524145827e-12 1.976810313e-13
 2813 5.506906211e-12 1.977098874e-13
 2814 5.489748359e-12 1.977383114e-13
 2815 5.472673771e-12 1.977661160e-13
 2816 5.455683951e-12 1.977931135e-13
 2817 5.438780404e-12 1.978191154e-13
 2818 5.421964643e-12 1.978439330e-13
 2819 5.405238181e-12 1.978673768e-13
 2820 5.388602538e-12 1.978892569e-13
 2821 5.372059236e-12 1.979093829e-13
 2822 5.355609801e-12 1.979275638e-13
 2823 5.339255764e-12 1.979436081e-13
 2824 5.322998657e-12 1.979573236e-13
 2825 5.306840019e-12 1.979685179e-13
 2826 5.290781392e-12 1.979769977e-13
 2827 5.274824320e-12 1.979825695e-13
 2828 5.258970131e-12 1.979850568e-13
 2829 5.243219270e-12 1.979843538e-13
 2830 5.227571960e-12 1.979803722e-13
 2831 5.212028422e-12 1.979730233e-13
 2832 5.196588882e-12 1.979622186e-13
 2833 5.181253561e-12 1.979478689e-13
 2834 5.166022682e-12 1.979298850e-13
 2835 5.150896470e-12 1.979081775e-13
 2836 5.135875148e-12 1.978826565e-13
 2837 5.120958939e-12 1.978532321e-13
 2838 5.106148067e-12 1.978198142e-13
 2839 5.091442755e-12 1.977823123e-13
 2840 5.076843228e-12 1.977406357e-13
 2841 5.062349709e-12 1.976946935e-13
 2842 5.047962422e-12 1.976443946e-13
 2843 5.033681592e-12 1.975896476e-13
 2844 5.019507441e-12 1.975303608e-13
 2845 5.005440196e-12 1.974664425e-13
 2846 4.991480079e-12 1.973978004e-13
 2847 4.977627316e-12 1.973243424e-13
 2848 4.963882130e-12 1.972459756e-13
 2849 4.950244747e-12 1.971626075e-13
 2850 4.936715391e-12 1.970741449e-13
 2851 4.923294286e-12 1.969804945e-13
 2852 4.909981658e-12 1.968815627e-13
 2853 4.896777732e-12 1.967772559e-13
 2854 4.883682733e-12 1.966674799e-13
 2855 4.870696885e-12 1.965521405e-13
 2856 4.857820413e-12 1.964311433e-13
 2857 4.845053544e-12 1.963043934e-13
 2858 4.832396503e-12 1.961717960e-13
 2859 4.819849514e-12 1.960332557e-13
 2860 4.807412804e-12 1.958886771e-13
 2861 4.795086597e-12 1.957379646e-13
 2862 4.782871121e-12 1.955810221e-13
 2863 4.770766599e-12 1.954177534e-13
 2864 4.758773260e-12 1.952480622e-13
 2865 4.746891327e-12 1.950718518e-13
 2866 4.735121028e-12 1.948890252e-13
 2867 4.723462410e-12 1.946995052e-13
 2868 4.711914808e-12 1.945032939e-13
 2869 4.700477375e-12 1.943004134e-13
 2870 4.689149262e-12 1.940908859e-13
 2871 4.677929617e-12 1.938747336e-13
 2872 4.666817585e-12 1.936519790e-13
 2873 4.655812308e-12 1.934226443e-13
 2874 4.644912924e-12 1.931867523e-13
 2875 4.634118571e-12 1.929443255e-13
 2876 4.623428380e-12 1.926953867e-13
 2877 4.612841484e-12 1.924399585e-13
 2878 4.602357008e-12 1.921780641e-13
 2879 4.591974078e-12 1.919097263e-13
 2880 4.581691814e-12 1.916349682e-13
 2881 4.571509337e-12 1.913538129e-13
 2882 4.561425760e-12 1.910662839e-13
 2883 4.551440198e-12 1.907724043e-13
 2884 4.541551760e-12 1.904721977e-13
 2885 4.531759552e-12 1.901656876e-13
 2886 4.522062679e-12 1.898528976e-13
 2887 4.512460242e-12 1.895338515e-13
 2888 4.502951338e-12 1.892085729e-13
 2889 4.493535063e-12 1.888770859e-13
 2890 4.484210509e-12 1.885394145e-13
 2891 4.474976765e-12 1.881955826e-13
 2892 4.465832917e-12 1.878456146e-13
 2893 4.456778049e-12 1.874895346e-13
 2894 4.447811240e-12 1.871273670e-13
 2895 4.438931568e-12 1.867591363e-13
 2896 4.430138108e-12 1.863848670e-13
 2897 4.421429930e-12 1.860045837e-13
 2898 4.412806104e-12 1.856183112e-13
 2899 4.404265694e-12 1.852260743e-13
 2900 4.395807762e-12 1.848278979e-13
 2901 4.387431369e-12 1.844238070e-13
 2902 4.379135571e-12 1.840138267e-13
 2903 4.370919421e-12 1.835979821e-13
 2904 4.362781970e-12 1.831762987e-13
 2905 4.354722264e-12 1.827488017e-13
 2906 4.346739292e-12 1.823155281e-13
 2907 4.338831807e-12 1.818765616e-13
 2908 4.330998500e-12 1.814319973e-13
 2909 4.323238062e-12 1.809819310e-13
 2910 4.315549175e-12 1.805264585e-13
 2911 4.307930521e-12 1.800656761e-13
 2912 4.300380775e-12 1.795996801e-13
 2913 4.292898611e-12 1.791285674e-13
 2914 4.285482697e-12 1.786524349e-13
 2915 4.278131698e-12 1.781713801e-13
 2916 4.270844274e-12 1.776855006e-13
 2917 4.263619081e-12 1.771948942e-13
 2918 4.256454773e-12 1.766996591e-13
 2919 4.249349998e-12 1.761998938e-13
 2920 4.242303401e-12 1.756956971e-13
 2921 4.235313622e-12 1.751871681e-13
 2922 4.228379298e-12 1.746744060e-13
 2923 4.221499061e-12 1.741575106e-13
 2924 4.214671540e-12 1.736365816e-13
 2925 4.207895361e-12 1.731117194e-13
 2926 4.201169142e-12 1.725830243e-13
 2927 4.194491502e-12 1.720505973e-13
 2928 4.187861052e-12 1.715145393e-13
 2929 4.181276400e-12 1.709749518e-13
 2930 4.174736152e-12 1.704319363e-13
 2931 4.168238908e-12 1.698855949e-13
 2932 4.161783265e-12 1.693360297e-13
 2933 4.155367813e-12 1.687833433e-13
 2934 4.148991143e-12 1.682276385e-13
 2935 4.142651838e-12 1.676690184e-13
 2936 4.136348478e-12 1.671075863e-13
 2937 4.130079640e-12 1.665434461e-13
 2938 4.123843896e-12 1.659767015e-13
 2939 4.117639813e-12 1.654074570e-13
 2940 4.111465956e-12 1.648358171e-13
 2941 4.105320884e-12 1.642618866e-13
 2942 4.099203154e-12 1.636857707e-13
 2943 4.093111317e-12 1.631075749e-13
 2944 4.087043921e-12 1.625274047e-13
 2945 4.080999586e-12 1.619453659e-13
 2946 4.074977234e-12 1.613615619e-13
 2947 4.068975861e-12 1.607760960e-13
 2948 4.062994460e-12 1.601890720e-13
 2949 4.057032022e-12 1.596005937e-13
 2950 4.051087534e-12 1.590107653e-13
 2951 4.045159981e-12 1.584196912e-13
 2952 4.039248343e-12 1.578274764e-13
 2953 4.033351600e-12 1.572342258e-13
 2954 4.027468728e-12 1.566400447e-13
 2955 4.021598700e-12 1.560450389e-13
 2956 4.015740486e-12 1.554493141e-13
 2957 4.009893053e-12 1.548529767e-13
 2958 4.004055367e-12 1.542561330e-13
 2959 3.998226388e-12 1.536588900e-13
 2960 3.992405075e-12 1.530613546e-13
 2961 3.986590384e-12 1.524636343e-13
 2962 3.980781269e-12 1.518658365e-13
 2963 3.974976679e-12 1.512680694e-13
 2964 3.969175561e-12 1.506704411e-13
 2965 3.963376859e-12 1.500730602e-13
 2966 3.957579516e-12 1.494760354e-13
 2967 3.951782470e-12 1.488794758e-13
 2968 3.945984656e-12 1.482834908e-13
 2969 3.940185007e-12 1.476881901e-13
 2970 3.934382452e-12 1.470936837e-13
 2971 3.928575920e-12 1.465000818e-13
 2972 3.922764333e-12 1.459074950e-13
 2973 3.916946614e-12 1.453160340e-13
 2974 3.911121679e-12 1.447258101e-13
 2975 3.905288445e-12 1.441369346e-13
 2976 3.899445824e-12 1.435495193e-13
 2977 3.893592726e-12 1.429636762e-13
 2978 3.887728056e-12 1.423795176e-13
 2979 3.881850719e-12 1.417971560e-13
 2980 3.875959615e-12 1.412167044e-13
 2981 3.870053642e-12 1.406382759e-13
 2982 3.864131695e-12 1.400619841e-13
 2983 3.858192665e-12 1.394879426e-13
 2984 3.852235591e-12 1.389162560e-13
 2985 3.846260103e-12 1.383469915e-13
 2986 3.840265978e-12 1.377802067e-13
 2987 3.834252995e-12 1.372159595e-13
 2988 3.828220930e-12 1.366543078e-13
 2989 3.822169559e-12 1.360953099e-13
 2990 3.816098659e-12 1.355390240e-13
 2991 3.810008004e-12 1.349855085e-13
 2992 3.803897370e-12 1.344348220e-13
 2993 3.797766531e-12 1.338870233e-13
 2994 3.791615261e-12 1.333421711e-13
 2995 3.785443332e-12 1.328003245e-13
 2996 3.779250517e-12 1.322615427e-13
 2997 3.773036588e-12 1.317258849e-13
 2998 3.766801317e-12 1.311934106e-13
 2999 3.760544475e-12 1.306641793e-13
 3000 3.754265832e-12 1.301382508e-13
 3001 3.747965157e-12 1.296156849e-13
 3002 3.741642221e-12 1.290965416e-13
 3003 3.735296791e-12 1.285808812e-13
 3004 3.728928637e-12 1.280687638e-13
 3005 3.722537524e-12 1.275602500e-13
 3006 3.716123222e-12 1.270554004e-13
 3007 3.709685495e-12 1.265542756e-13
 3008 3.703224110e-12 1.260569365e-13
 3009 3.696738833e-12 1.255634442e-13
 3010 3.690229427e-12 1.250738599e-13
 3011 3.683695658e-12 1.245882448e-13
 3012 3.677137289e-12 1.241066605e-13
 3013 3.670554083e-12 1.236291685e-13
 3014 3.663945803e-12 1.231558305e-13
 3015 3.657312211e-12 1.226867086e-13
 3016 3.650653068e-12 1.222218646e-13
 3017 3.643968135e-12 1.217613609e-13
 3018 3.637257173e-12 1.213052597e-13
 3019 3.630519940e-12 1.208536236e-13
 3020 3.623756197e-12 1.204065151e-13
 3021 3.616965703e-12 1.199639970e-13
 3022 3.610148214e-12 1.195261323e-13
 3023 3.603303605e-12 1.190929725e-13
 3024 3.596432211e-12 1.186645234e-13
 3025 3.589534487e-12 1.182407789e-13
 3026 3.582610886e-12 1.178217333e-13
 3027 3.575661866e-12 1.174073807e-13
 3028 3.568687882e-12 1.169977150e-13
 3029 3.561689393e-12 1.165927303e-13
 3030 3.554666860e-12 1.161924205e-13
 3031 3.547620742e-12 1.157967797e-13
 3032 3.540551503e-12 1.154058016e-13
 3033 3.533459606e-12 1.150194802e-13
 3034 3.526345516e-12 1.146378092e-13
 3035 3.519209698e-12 1.142607825e-13
 3036 3.512052621e-12 1.138883939e-13
 3037 3.504874753e-12 1.135206369e-13
 3038 3.497676564e-12 1.131575054e-13
 3039 3.490458526e-12 1.127989930e-13
 3040 3.483221110e-12 1.124450932e-13
 3041 3.475964791e-12 1.120957997e-13
 3042 3.468690044e-12 1.117511059e-13
 3043 3.461397346e-12 1.114110055e-13
 3044 3.454087174e-12 1.110754918e-13
 3045 3.446760007e-12 1.107445583e-13
 3046 3.439416326e-12 1.104181984e-13
 3047 3.432056612e-12 1.100964054e-13
 3048 3.424681348e-12 1.097791726e-13
 3049 3.417291018e-12 1.094664934e-13
 3050 3.409886109e-12 1.091583609e-13
 3051 3.402467106e-12 1.088547685e-13
 3052 3.395034499e-12 1.085557092e-13
 3053 3.387588776e-12 1.082611762e-13
 3054 3.380130428e-12 1.079711626e-13
 3055 3.372659947e-12 1.076856615e-13
 3056 3.365177827e-12 1.074046658e-13
 3057 3.357684562e-12 1.071281686e-13
 3058 3.350180649e-12 1.068561629e-13
 3059 3.342666584e-12 1.065886415e-13
 3060 3.335142867e-12 1.063255973e-13
 3061 3.327609996e-12 1.060670232e-13
 3062 3.320068494e-12 1.058129047e-13
 3063 3.312518963e-12 1.055631980e-13
 3064 3.304962026e-12 1.053178518e-13
 3065 3.297398310e-12 1.050768149e-13
 3066 3.289828441e-12 1.048400356e-13
 3067 3.282253049e-12 1.046074624e-13
 3068 3.274672763e-12 1.043790434e-13
 3069 3.267088216e-12 1.041547266e-13
 3070 3.259500042e-12 1.039344598e-13
 3071 3.251908876e-12 1.037181909e-13
 3072 3.244315355e-12 1.035058674e-13
 3073 3.236720117e-12 1.032974367e-13
 3074 3.229123804e-12 1.030928460e-13
 3075 3.221527057e-12 1.028920425e-13
 3076 3.213930519e-12 1.026949731e-13
 3077 3.206334836e-12 1.025015846e-13
 3078 3.198740655e-12 1.023118237e-13
 3079 3.191148624e-12 1.021256368e-13
 3080 3.183559393e-12 1.019429704e-13
 3081 3.175973615e-12 1.017637705e-13
 3082 3.168391942e-12 1.015879833e-13
 3083 3.160815030e-12 1.014155546e-13
 3084 3.153243536e-12 1.012464301e-13
 3085 3.145678118e-12 1.010805555e-13
 3086 3.138119437e-12 1.009178760e-13
 3087 3.130568153e-12 1.007583371e-13
 3088 3.123024931e-12 1.006018837e-13
 3089 3.115490435e-12 1.004484609e-13
 3090 3.107965333e-12 1.002980134e-13
 3091 3.100450292e-12 1.001504860e-13
 3092 3.092945984e-12 1.000058230e-13
 3093 3.085453079e-12 9.986396879e-14
 3094 3.077972251e-12 9.972486761e-14
 3095 3.070504175e-12 9.958846344e-14
 3096 3.063049528e-12 9.945470016e-14
 3097 3.055608988e-12 9.932352147e-14
 3098 3.048183236e-12 9.919487094e-14
 3099 3.040772953e-12 9.906869195e-14
 3100 3.033378823e-12 9.894492776e-14
 3101 3.026001476e-12 9.882352094e-14
 3102 3.018641326e-12 9.870441191e-14
 3103 3.011298732e-12 9.858754041e-14
 3104 3.003974056e-12 9.847284603e-14
 3105 2.996667660e-12 9.836026817e-14
 3106 2.989379905e-12 9.824974608e-14
 3107 2.982111155e-12 9.814121887e-14
 3108 2.974861774e-12 9.803462543e-14
 3109 2.967632127e-12 9.792990453e-14
 3110 2.960422580e-12 9.782699476e-14
 3111 2.953233499e-12 9.772583455e-14
 3112 2.946065252e-12 9.762636215e-14
 3113 2.938918208e-12 9.752851565e-14
 3114 2.931792735e-12 9.743223299e-14
 3115 2.924689203e-12 9.733745192e-14
 3116 2.917607984e-12 9.724411005e-14
 3117 2.910549449e-12 9.715214479e-14
 3118 2.903513970e-12 9.706149342e-14
 3119 2.896501921e-12 9.697209303e-14
 3120 2.889513676e-12 9.688388055e-14
 3121 2.882549611e-12 9.679679274e-14
 3122 2.875610100e-12 9.671076621e-14
 3123 2.868695522e-12 9.662573737e-14
 3124 2.861806253e-12 9.654164249e-14
 3125 2.854942672e-12 9.645841768e-14
 3126 2.848105159e-12 9.637599884e-14
 3127 2.841294093e-12 9.629432175e-14
 3128 2.834509856e-12 9.621332199e-14
 3129 2.827752829e-12 9.613293499e-14
 3130 2.821023396e-12 9.605309601e-14
 3131 2.814321939e-12 9.597374014e-14
 3132 2.807648844e-12 9.589480228e-14
 3133 2.801004495e-12 9.581621721e-14
 3134 2.794389278e-12 9.573791949e-14
 3135 2.787803582e-12 9.565984355e-14
 3136 2.781247793e-12 9.558192363e-14
 3137 2.774722300e-12 9.550409380e-14
 3138 2.768227493e-12 9.542628798e-14
 3139 2.761763762e-12 9.534843990e-14
 3140 2.755331434e-12 9.527048800e-14
 3141 2.748930576e-12 9.519239007e-14
 3142 2.742561190e-12 9.511410865e-14
 3143 2.736223278e-12 9.503560621e-14
 3144 2.729916841e-12 9.495684511e-14
 3145 2.723641883e-12 9.487778760e-14
 3146 2.717398403e-12 9.479839587e-14
 3147 2.711186404e-12 9.471863198e-14
 3148 2.705005888e-12 9.463845792e-14
 3149 2.698856854e-12 9.455783557e-14
 3150 2.692739305e-12 9.447672671e-14
 3151 2.686653242e-12 9.439509305e-14
 3152 2.680598665e-12 9.431289618e-14
 3153 2.674575574e-12 9.423009760e-14
 3154 2.668583971e-12 9.414665871e-14
 3155 2.662623856e-12 9.406254082e-14
 3156 2.656695229e-12 9.397770515e-14
 3157 2.650798091e-12 9.389211281e-14
 3158 2.644932440e-12 9.380572482e-14
 3159 2.639098278e-12 9.371850211e-14
 3160 2.633295604e-12 9.363040549e-14
 3161 2.627524418e-12 9.354139571e-14
 3162 2.621784718e-12 9.345143340e-14
 3163 2.616076505e-12 9.336047909e-14
 3164 2.610399778e-12 9.326849322e-14
 3165 2.604754535e-12 9.317543614e-14
 3166 2.599140776e-12 9.308126810e-14
 3167 2.593558499e-12 9.298594924e-14
 3168 2.588007703e-12 9.288943961e-14
 3169 2.582488387e-12 9.279169918e-14
 3170 2.577000549e-12 9.269268780e-14
 3171 2.571544187e-12 9.259236524e-14
 3172 2.566119300e-12 9.249069114e-14
 3173 2.560725884e-12 9.238762509e-14
 3174 2.555363939e-12 9.228312656e-14
 3175 2.550033462e-12 9.217715490e-14
 3176 2.544734450e-12 9.206966940e-14
 3177 2.539466901e-12 9.196062922e-14
 3178 2.534230813e-12 9.184999346e-14
 3179 2.529026143e-12 9.173772756e-14
 3180 2.523852702e-12 9.162382282e-14
 3181 2.518710257e-12 9.150827701e-14
 3182 2.513598578e-12 9.139108787e-14
 3183 2.508517433e-12 9.127225318e-14
 3184 2.503466590e-12 9.115177069e-14
 3185 2.498445815e-12 9.102963817e-14
 3186 2.493454873e-12 9.090585338e-14
 3187 2.488493532e-12 9.078041408e-14
 3188 2.483561554e-12 9.065331802e-14
 3189 2.478658704e-12 9.052456297e-14
 3190 2.473784745e-12 9.039414669e-14
 3191 2.468939439e-12 9.026206694e-14
 3192 2.464122548e-12 9.012832147e-14
 3193 2.459333833e-12 8.999290806e-14
 3194 2.454573055e-12 8.985582444e-14
 3195 2.449839973e-12 8.971706839e-14
 3196 2.445134345e-12 8.957663767e-14
 3197 2.440455930e-12 8.943453002e-14
 3198 2.435804485e-12 8.929074321e-14
 3199 2.431179768e-12 8.914527500e-14
 3200 2.426581533e-12 8.899812315e-14
 3201 2.422009536e-12 8.884928540e-14
 3202 2.417463532e-12 8.869875953e-14
 3203 2.412943275e-12 8.854654328e-14
 3204 2.408448517e-12 8.839263441e-14
 3205 2.403979011e-12 8.823703069e-14
 3206 2.399534508e-12 8.807972986e-14
 3207 2.395114760e-12 8.792072968e-14
 3208 2.390719517e-12 8.776002791e-14
 3209 2.386348527e-12 8.759762230e-14
 3210 2.382001541e-12 8.743351061e-14
 3211 2.377678305e-12 8.726769059e-14
 3212 2.373378567e-12 8.710016001e-14
 3213 2.369102074e-12 8.693091661e-14
 3214 2.364848572e-12 8.675995814e-14
 3215 2.360617805e-12 8.658728238e-14
 3216 2.356409517e-12 8.641288705e-14
 3217 2.352223454e-12 8.623676994e-14
 3218 2.348059344e-12 8.605893325e-14
 3219 2.343916864e-12 8.587939719e-14
 3220 2.339795678e-12 8.569818648e-14
 3221 2.335695447e-12 8.551532592e-14
 3222 2.331615832e-12 8.533084036e-14
 3223 2.327556494e-12 8.514475473e-14
 3224 2.323517093e-12 8.495709402e-14
 3225 2.319497285e-12 8.476788331e-14
 3226 2.315496729e-12 8.457714771e-14
 3227 2.311515081e-12 8.438491242e-14
 3228 2.307551997e-12 8.419120271e-14
 3229 2.303607131e-12 8.399604391e-14
 3230 2.299680137e-12 8.379946140e-14
 3231 2.295770668e-12 8.360148067e-14
 3232 2.291878376e-12 8.340212723e-14
 3233 2.288002910e-12 8.320142669e-14
 3234 2.284143922e-12 8.299940471e-14
 3235 2.280301061e-12 8.279608703e-14
 3236 2.276473973e-12 8.259149944e-14
 3237 2.272662307e-12 8.238566783e-14
 3238 2.268865709e-12 8.217861812e-14
 3239 2.265083823e-12 8.197037632e-14
 3240 2.261316295e-12 8.176096849e-14
 3241 2.257562767e-12 8.155042079e-14
 3242 2.253822882e-12 8.133875942e-14
 3243 2.250096281e-12 8.112601065e-14
 3244 2.246382605e-12 8.091220083e-14
 3245 2.242681494e-12 8.069735636e-14
 3246 2.238992585e-12 8.048150374e-14
 3247 2.235315518e-12 8.026466950e-14
 3248 2.231649928e-12 8.004688026e-14
 3249 2.227995451e-12 7.982816271e-14
 3250 2.224351722e-12 7.960854359e-14
 3251 2.220718376e-12 7.938804974e-14
 3252 2.217095044e-12 7.916670803e-14
 3253 2.213481359e-12 7.894454543e-14
 3254 2.209876952e-12 7.872158896e-14
 3255 2.206281454e-12 7.849786571e-14
 3256 2.202694492e-12 7.827340285e-14
 3257 2.199115704e-12 7.804822838e-14
 3258 2.195544757e-12 7.782237343e-14
 3259 2.191981326e-12 7.759586998e-14
 3260 2.188425087e-12 7.736875009e-14
 3261 2.184875711e-12 7.714104589e-14
 3262 2.181332872e-12 7.691278961e-14
 3263 2.177796242e-12 7.668401355e-14
 3264 2.174265491e-12 7.645475009e-14
 3265 2.170740290e-12 7.622503168e-14
 3266 2.167220308e-12 7.599489087e-14
 3267 2.163705213e-12 7.576436028e-14
 3268 2.160194672e-12 7.553347261e-14
 3269 2.156688353e-12 7.530226065e-14
 3270 2.153185922e-12 7.507075725e-14
 3271 2.149687042e-12 7.483899537e-14
 3272 2.146191380e-12 7.460700802e-14
 3273 2.142698597e-12 7.437482831e-14
 3274 2.139208357e-12 7.414248944e-14
 3275 2.135720321e-12 7.391002467e-14
 3276 2.132234150e-12 7.367746734e-14
 3277 2.128749503e-12 7.344485089e-14
 3278 2.125266041e-12 7.321220883e-14
 3279 2.121783421e-12 7.297957475e-14
 3280 2.118301301e-12 7.274698232e-14
 3281 2.114819337e-12 7.251446531e-14
 3282 2.111337185e-12 7.228205754e-14
 3283 2.107854500e-12 7.204979294e-14
 3284 2.104370935e-12 7.181770550e-14
 3285 2.100886145e-12 7.158582932e-14
 3286 2.097399780e-12 7.135419854e-14
 3287 2.093911494e-12 7.112284742e-14
 3288 2.090420936e-12 7.089181029e-14
 3289 2.086927756e-12 7.066112154e-14
 3290 2.083431603e-12 7.043081568e-14
 3291 2.079932125e-12 7.020092727e-14
 3292 2.076428969e-12 6.997149098e-14
 3293 2.072921782e-12 6.974254153e-14
 3294 2.069410209e-12 6.951411374e-14
 3295 2.065893894e-12 6.928624253e-14
 3296 2.062372517e-12 6.905896050e-14
 3297 2.058845898e-12 6.883229088e-14
 3298 2.055313892e-12 6.860625460e-14
 3299 2.051776355e-12 6.838087261e-14
 3300 2.048233142e-12 6.815616592e-14
 3301 2.044684106e-12 6.793215560e-14
 3302 2.041129101e-12 6.770886274e-14
 3303 2.037567982e-12 6.748630852e-14
 3304 2.034000601e-12 6.726451412e-14
 3305 2.030426812e-12 6.704350081e-14
 3306 2.026846468e-12 6.682328987e-14
 3307 2.023259419e-12 6.660390267e-14
 3308 2.019665520e-12 6.638536059e-14
 3309 2.016064620e-12 6.616768509e-14
 3310 2.012456572e-12 6.595089765e-14
 3311 2.008841226e-12 6.573501981e-14
 3312 2.005218432e-12 6.552007318e-14
 3313 2.001588042e-12 6.530607938e-14
 3314 1.997949905e-12 6.509306011e-14
 3315 1.994303869e-12 6.488103710e-14
 3316 1.990649786e-12 6.467003213e-14
 3317 1.986987502e-12 6.446006705e-14
 3318 1.983316867e-12 6.425116372e-14
 3319 1.979637730e-12 6.404334409e-14
 3320 1.975949936e-12 6.383663013e-14
 3321 1.972253335e-12 6.363104387e-14
 3322 1.968547773e-12 6.342660739e-14
 3323 1.964833096e-12 6.322334281e-14
 3324 1.961109152e-12 6.302127232e-14
 3325 1.957375785e-12 6.282041812e-14
 3326 1.953632843e-12 6.262080251e-14
 3327 1.949880169e-12 6.242244779e-14
 3328 1.946117609e-12 6.222537634e-14
 3329 1.942345008e-12 6.202961059e-14
 3330 1.938562210e-12 6.183517299e-14
 3331 1.934769059e-12 6.164208607e-14
 3332 1.930965397e-12 6.145037240e-14
 3333 1.927151069e-12 6.126005459e-14
 3334 1.923325917e-12 6.107115531e-14
 3335 1.919489835e-12 6.088369377e-14
 3336 1.915642916e-12 6.069767517e-14
 3337 1.911785308e-12 6.051310123e-14
 3338 1.907917157e-12 6.032997365e-14
 3339 1.904038609e-12 6.014829413e-14
 3340 1.900149811e-12 5.996806437e-14
 3341 1.896250911e-12 5.978928607e-14
 3342 1.892342057e-12 5.961196094e-14
 3343 1.888423397e-12 5.943609066e-14
 3344 1.884495080e-12 5.926167695e-14
 3345 1.880557253e-12 5.908872149e-14
 3346 1.876610068e-12 5.891722598e-14
 3347 1.872653673e-12 5.874719212e-14
 3348 1.868688219e-12 5.857862160e-14
 3349 1.864713856e-12 5.841151610e-14
 3350 1.860730734e-12 5.824587733e-14
 3351 1.856739006e-12 5.808170696e-14
 3352 1.852738823e-12 5.791900670e-14
 3353 1.848730336e-12 5.775777822e-14
 3354 1.844713698e-12 5.759802321e-14
 3355 1.840689062e-12 5.743974335e-14
 3356 1.836656581e-12 5.728294034e-14
 3357 1.832616408e-12 5.712761584e-14
 3358 1.828568698e-12 5.697377156e-14
 3359 1.824513604e-12 5.682140915e-14
 3360 1.820451281e-12 5.667053031e-14
 3361 1.816381884e-12 5.652113671e-14
 3362 1.812305568e-12 5.637323003e-14
 3363 1.808222490e-12 5.622681194e-14
 3364 1.804132805e-12 5.608188411e-14
 3365 1.800036670e-12 5.593844823e-14
 3366 1.795934242e-12 5.579650596e-14
 3367 1.791825678e-12 5.565605897e-14
 3368 1.787711135e-12 5.551710894e-14
 3369 1.783590773e-12 5.537965753e-14
 3370 1.779464748e-12 5.524370640e-14
 3371 1.775333221e-12 5.510925723e-14
 3372 1.771196350e-12 5.497631168e-14
 3373 1.767054295e-12 5.484487141e-14
 3374 1.762907241e-12 5.471493550e-14
 3375 1.758755482e-12 5.458649265e-14
 3376 1.754599335e-12 5.445952892e-14
 3377 1.750439120e-12 5.433403037e-14
 3378 1.746275158e-12 5.420998299e-14
 3379 1.742107770e-12 5.408737274e-14
 3380 1.737937276e-12 5.396618555e-14
 3381 1.733764001e-12 5.384640730e-14
 3382 1.729588267e-12 5.372802384e-14
 3383 1.725410398e-12 5.361102098e-14
 3384 1.721230720e-12 5.349538449e-14
 3385 1.717049558e-12 5.338110010e-14
 3386 1.712867238e-12 5.326815351e-14
 3387 1.708684087e-12 5.315653037e-14
 3388 1.704500434e-12 5.304621630e-14
 3389 1.700316607e-12 5.293719687e-14
 3390 1.696132935e-12 5.282945764e-14
 3391 1.691949750e-12 5.272298409e-14
 3392 1.687767381e-12 5.261776170e-14
 3393 1.683586160e-12 5.251377588e-14
 3394 1.679406421e-12 5.241101204e-14
 3395 1.675228496e-12 5.230945550e-14
 3396 1.671052719e-12 5.220909158e-14
 3397 1.666879425e-12 5.210990556e-14
 3398 1.662708951e-12 5.201188265e-14
 3399 1.658541631e-12 5.191500807e-14
 3400 1.654377804e-12 5.181926695e-14
 3401 1.650217807e-12 5.172464442e-14
 3402 1.646061980e-12 5.163112555e-14
 3403 1.641910660e-12 5.153869538e-14
 3404 1.637764189e-12 5.144733891e-14
 3405 1.633622908e-12 5.135704109e-14
 3406 1.629487158e-12 5.126778685e-14
 3407 1.625357283e-12 5.117956107e-14
 3408 1.621233624e-12 5.109234860e-14
 3409 1.617116527e-12 5.100613423e-14
 3410 1.613006337e-12 5.092090274e-14
 3411 1.608903398e-12 5.083663884e-14
 3412 1.604808058e-12 5.075332722e-14
 3413 1.600720642e-12 5.067095194e-14
 3414 1.596641391e-12 5.058949460e-14
 3415 1.592570527e-12 5.050893616e-14
 3416 1.588508271e-12 5.042925755e-14
 3417 1.584454843e-12 5.035043962e-14
 3418 1.580410466e-12 5.027246320e-14
 3419 1.576375363e-12 5.019530906e-14
 3420 1.572349756e-12 5.011895792e-14
 3421 1.568333869e-12 5.004339047e-14
 3422 1.564327925e-12 4.996858732e-14
 3423 1.560332150e-12 4.989452907e-14
 3424 1.556346768e-12 4.982119624e-14
 3425 1.552372004e-12 4.974856932e-14
 3426 1.548408085e-12 4.967662874e-14
 3427 1.544455237e-12 4.960535490e-14
 3428 1.540513686e-12 4.953472813e-14
 3429 1.536583660e-12 4.946472873e-14
 3430 1.532665387e-12 4.939533695e-14
 3431 1.528759095e-12 4.932653297e-14
 3432 1.524865013e-12 4.925829694e-14
 3433 1.520983370e-12 4.919060897e-14
 3434 1.517114395e-12 4.912344911e-14
 3435 1.513258320e-12 4.905679735e-14
 3436 1.509415375e-12 4.899063366e-14
 3437 1.505585791e-12 4.892493794e-14
 3438 1.501769799e-12 4.885969005e-14
 3439 1.497967633e-12 4.879486980e-14
 3440 1.494179524e-12 4.873045694e-14
 3441 1.490405706e-12 4.866643119e-14
 3442 1.486646412e-12 4.860277221e-14
 3443 1.482901877e-12 4.853945963e-14
 3444 1.479172336e-12 4.847647299e-14
 3445 1.475458022e-12 4.841379183e-14
 3446 1.471759173e-12 4.835139561e-14
 3447 1.468076024e-12 4.828926375e-14
 3448 1.464408812e-12 4.822737562e-14
 3449 1.460757773e-12 4.816571054e-14
 3450 1.457123146e-12 4.810424779e-14
 3451 1.453505169e-12 4.804296659e-14
 3452 1.449904037e-12 4.798184732e-14
 3453 1.446319780e-12 4.792087513e-14
 3454 1.442752382e-12 4.786003633e-14
 3455 1.439201830e-12 4.779931721e-14
 3456 1.435668110e-12 4.773870402e-14
 3457 1.432151207e-12 4.767818298e-14
 3458 1.428651107e-12 4.761774027e-14
 3459 1.425167795e-12 4.755736206e-14
 3460 1.421701257e-12 4.749703445e-14
 3461 1.418251477e-12 4.743674355e-14
 3462 1.414818442e-12 4.737647541e-14
 3463 1.411402135e-12 4.731621606e-14
 3464 1.408002543e-12 4.725595148e-14
 3465 1.404619650e-12 4.719566764e-14
 3466 1.401253441e-12 4.713535046e-14
 3467 1.397903900e-12 4.707498584e-14
 3468 1.394571013e-12 4.701455964e-14
 3469 1.391254763e-12 4.695405769e-14
 3470 1.387955135e-12 4.689346579e-14
 3471 1.384672114e-12 4.683276969e-14
 3472 1.381405684e-12 4.677195514e-14
 3473 1.378155828e-12 4.671100782e-14
 3474 1.374922531e-12 4.664991341e-14
 3475 1.371705777e-12 4.658865754e-14
 3476 1.368505550e-12 4.652722581e-14
 3477 1.365321834e-12 4.646560378e-14
 3478 1.362154611e-12 4.640377699e-14
 3479 1.359003866e-12 4.634173094e-14
 3480 1.355869583e-12 4.627945110e-14
 3481 1.352751744e-12 4.621692290e-14
 3482 1.349650333e-12 4.615413175e-14
 3483 1.346565333e-12 4.609106302e-14
 3484 1.343496727e-12 4.602770204e-14
 3485 1.340444499e-12 4.596403412e-14
 3486 1.337408630e-12 4.590004453e-14
 3487 1.334389105e-12 4.583571850e-14
 3488 1.331385905e-12 4.577104124e-14
 3489 1.328399013e-12 4.570599793e-14
 3490 1.325428412e-12 4.564057369e-14
 3491 1.322474065e-12 4.557475560e-14
 3492 1.319535857e-12 4.550853858e-14
 3493 1.316613654e-12 4.544191949e-14
 3494 1.313707320e-12 4.537489520e-14
 3495 1.310816721e-12 4.530746257e-14
 3496 1.307941722e-12 4.523961846e-14
 3497 1.305082185e-12 4.517135970e-14
 3498 1.302237975e-12 4.510268314e-14
 3499 1.299408955e-12 4.503358562e-14
 3500 1.296594989e-12 4.496406396e-14
 3501 1.293795938e-12 4.489411498e-14
 3502 1.291011666e-12 4.482373551e-14
 3503 1.288242034e-12 4.475292234e-14
 3504 1.285486903e-12 4.468167229e-14
 3505 1.282746135e-12 4.460998214e-14
 3506 1.280019590e-12 4.453784870e-14
 3507 1.277307129e-12 4.446526874e-14
 3508 1.274608612e-12 4.439223905e-14
 3509 1.271923899e-12 4.431875639e-14
 3510 1.269252849e-12 4.424481753e-14
 3511 1.266595321e-12 4.417041924e-14
 3512 1.263951174e-12 4.409555826e-14
 3513 1.261320265e-12 4.402023134e-14
 3514 1.258702453e-12 4.394443523e-14
 3515 1.256097595e-12 4.386816665e-14
 3516 1.253505548e-12 4.379142234e-14
 3517 1.250926170e-12 4.371419902e-14
 3518 1.248359315e-12 4.363649340e-14
 3519 1.245804841e-12 4.355830219e-14
 3520 1.243262603e-12 4.347962211e-14
 3521 1.240732457e-12 4.340044983e-14
 3522 1.238214256e-12 4.332078207e-14
 3523 1.235707856e-12 4.324061549e-14
 3524 1.233213111e-12 4.315994677e-14
 3525 1.230729875e-12 4.307877260e-14
 3526 1.228258001e-12 4.299708963e-14
 3527 1.225797342e-12 4.291489453e-14
 3528 1.223347750e-12 4.283218394e-14
 3529 1.220909079e-12 4.274895451e-14
 3530 1.218481189e-12 4.266520447e-14
 3531 1.216063980e-12 4.258093836e-14
 3532 1.213657362e-12 4.249616232e-14
 3533 1.211261244e-12 4.241088251e-14
 3534 1.208875535e-12 4.232510509e-14
 3535 1.206500142e-12 4.223883626e-14
 3536 1.204134974e-12 4.215208221e-14
 3537 1.201779940e-12 4.206484916e-14
 3538 1.199434947e-12 4.197714334e-14
 3539 1.197099902e-12 4.188897100e-14
 3540 1.194774713e-12 4.180033840e-14
 3541 1.192459287e-12 4.171125182e-14
 3542 1.190153531e-12 4.162171755e-14
 3543 1.187857351e-12 4.153174190e-14
 3544 1.185570653e-12 4.144133119e-14
 3545 1.183293345e-12 4.135049176e-14
 3546 1.181025330e-12 4.125922996e-14
 3547 1.178766516e-12 4.116755217e-14
 3548 1.176516807e-12 4.107546477e-14
 3549 1.174276109e-12 4.098297415e-14
 3550 1.172044326e-12 4.089008674e-14
 3551 1.169821363e-12 4.079680896e-14
 3552 1.167607125e-12 4.070314726e-14
 3553 1.165401515e-12 4.060910810e-14
 3554 1.163204437e-12 4.051469796e-14
 3555 1.161015795e-12 4.041992333e-14
 3556 1.158835492e-12 4.032479072e-14
 3557 1.156663432e-12 4.022930665e-14
 3558 1.154499517e-12 4.013347766e-14
 3559 1.152343649e-12 4.003731030e-14
 3560 1.150195732e-12 3.994081115e-14
 3561 1.148055668e-12 3.984398678e-14
 3562 1.145923358e-12 3.974684381e-14
 3563 1.143798703e-12 3.964938884e-14
 3564 1.141681606e-12 3.955162850e-14
 3565 1.139571968e-12 3.945356945e-14
 3566 1.137469688e-12 3.935521835e-14
 3567 1.135374669e-12 3.925658187e-14
 3568 1.133286810e-12 3.915766671e-14
 3569 1.131206021e-12 3.905848011e-14
 3570 1.129132248e-12 3.895903140e-14
 3571 1.127065447e-12 3.885933049e-14
 3572 1.125005573e-12 3.875938728e-14
 3573 1.122952581e-12 3.865921173e-14
 3574 1.120906426e-12 3.855881379e-14
 3575 1.118867064e-12 3.845820344e-14
 3576 1.116834448e-12 3.835739070e-14
 3577 1.114808535e-12 3.825638559e-14
 3578 1.112789278e-12 3.815519817e-14
 3579 1.110776633e-12 3.805383851e-14
 3580 1.108770553e-12 3.795231671e-14
 3581 1.106770992e-12 3.785064289e-14
 3582 1.104777905e-12 3.774882720e-14
 3583 1.102791246e-12 3.764687981e-14
 3584 1.100810969e-12 3.754481089e-14
 3585 1.098837027e-12 3.744263067e-14
 3586 1.096869374e-12 3.734034939e-14
 3587 1.094907963e-12 3.723797729e-14
 3588 1.092952748e-12 3.713552466e-14
 3589 1.091003683e-12 3.703300181e-14
 3590 1.089060719e-12 3.693041906e-14
 3591 1.087123810e-12 3.682778676e-14
 3592 1.085192910e-12 3.672511530e-14
 3593 1.083267970e-12 3.662241505e-14
 3594 1.081348943e-12 3.651969644e-14
 3595 1.079435782e-12 3.641696992e-14
 3596 1.077528440e-12 3.631424595e-14
 3597 1.075626867e-12 3.621153502e-14
 3598 1.073731017e-12 3.610884763e-14
 3599 1.071840841e-12 3.600619433e-14
 3600 1.069956292e-12 3.590358567e-14
 3601 1.068077320e-12 3.580103224e-14
 3602 1.066203878e-12 3.569854463e-14
 3603 1.064335917e-12 3.559613347e-14
 3604 1.062473388e-12 3.549380942e-14
 3605 1.060616243e-12 3.539158314e-14
 3606 1.058764432e-12 3.528946534e-14
 3607 1.056917907e-12 3.518746674e-14
 3608 1.055076613e-12 3.508559756e-14
 3609 1.053240478e-12 3.498386603e-14
 3610 1.051409424e-12 3.488227989e-14
 3611 1.049583373e-12 3.478084687e-14
 3612 1.047762248e-12 3.467957475e-14
 3613 1.045945969e-12 3.457847130e-14
 3614 1.044134459e-12 3.447754432e-14
 3615 1.042327640e-12 3.437680162e-14
 3616 1.040525431e-12 3.427625103e-14
 3617 1.038727754e-12 3.417590041e-14
 3618 1.036934531e-12 3.407575761e-14
 3619 1.035145680e-12 3.397583051e-14
 3620 1.033361124e-12 3.387612700e-14
 3621 1.031580782e-12 3.377665501e-14
 3622 1.029804575e-12 3.367742246e-14
 3623 1.028032421e-12 3.357843730e-14
 3624 1.026264241e-12 3.347970749e-14
 3625 1.024499955e-12 3.338124101e-14
 3626 1.022739480e-12 3.328304586e-14
 3627 1.020982738e-12 3.318513004e-14
 3628 1.019229645e-12 3.308750160e-14
 3629 1.017480122e-12 3.299016857e-14
 3630 1.015734087e-12 3.289313902e-14
 3631 1.013991457e-12 3.279642102e-14
 3632 1.012252151e-12 3.270002269e-14
 3633 1.010516088e-12 3.260395212e-14
 3634 1.008783183e-12 3.250821745e-14
 3635 1.007053356e-12 3.241282683e-14
 3636 1.005326524e-12 3.231778841e-14
 3637 1.003602603e-12 3.222311039e-14
 3638 1.001881511e-12 3.212880096e-14
 3639 1.000163164e-12 3.203486833e-14
 3640 9.984474785e-13 3.194132073e-14
 3641 9.967343715e-13 3.184816641e-14
 3642 9.950237589e-13 3.175541364e-14
 3643 9.933155566e-13 3.166307069e-14
 3644 9.916096804e-13 3.157114588e-14
 3645 9.899060459e-13 3.147964750e-14
 3646 9.882045685e-13 3.138858390e-14
 3647 9.865051642e-13 3.129796241e-14
 3648 9.848077528e-13 3.120778629e-14
 3649 9.831122547e-13 3.111805782e-14
 3650 9.814185903e-13 3.102877925e-14
 3651 9.797266795e-13 3.093995286e-14
 3652 9.780364422e-13 3.085158092e-14
 3653 9.763477983e-13 3.076366569e-14
 3654 9.746606672e-13 3.067620947e-14
 3655 9.729749683e-13 3.058921453e-14
 3656 9.712906208e-13 3.050268316e-14
 3657 9.696075435e-13 3.041661765e-14
 3658 9.679256554e-13 3.033102030e-14
 3659 9.662448750e-13 3.024589339e-14
 3660 9.645651208e-13 3.016123923e-14
 3661 9.628863109e-13 3.007706012e-14
 3662 9.612083635e-13 2.999335838e-14
 3663 9.595311964e-13 2.991013631e-14
 3664 9.578547273e-13 2.982739622e-14
 3665 9.561788737e-13 2.974514044e-14
 3666 9.545035528e-13 2.966337129e-14
 3667 9.528286819e-13 2.958209109e-14
 3668 9.511541779e-13 2.950130218e-14
 3669 9.494799575e-13 2.942100687e-14
 3670 9.478059372e-13 2.934120752e-14
 3671 9.461320336e-13 2.926190646e-14
 3672 9.444581626e-13 2.918310603e-14
 3673 9.427842405e-13 2.910480859e-14
 3674 9.411101829e-13 2.902701647e-14
 3675 9.394359055e-13 2.894973204e-14
 3676 9.377613237e-13 2.887295766e-14
 3677 9.360863529e-13 2.879669568e-14
 3678 9.344109081e-13 2.872094847e-14
 3679 9.327349041e-13 2.864571840e-14
 3680 9.310582557e-13 2.857100784e-14
 3681 9.293808774e-13 2.849681917e-14
 3682 9.277026834e-13 2.842315476e-14
 3683 9.260235880e-13 2.835001701e-14
 3684 9.243435050e-13 2.827740829e-14
 3685 9.226623482e-13 2.820533100e-14
 3686 9.209800506e-13 2.813378663e-14
 3687 9.192966227e-13 2.806277314e-14
 3688 9.176120943e-13 2.799228753e-14
 3689 9.159264954e-13 2.792232686e-14
 3690 9.142398561e-13 2.785288813e-14
 3691 9.125522064e-13 2.778396836e-14
 3692 9.108635765e-13 2.771556455e-14
 3693 9.091739966e-13 2.764767369e-14
 3694 9.074834971e-13 2.758029277e-14
 3695 9.057921082e-13 2.751341878e-14
 3696 9.040998604e-13 2.744704867e-14
 3697 9.024067841e-13 2.738117943e-14
 3698 9.007129100e-13 2.731580799e-14
 3699 8.990182686e-13 2.725093131e-14
 3700 8.973228906e-13 2.718654633e-14
 3701 8.956268068e-13 2.712264997e-14
 3702 8.939300478e-13 2.705923917e-14
 3703 8.922326447e-13 2.699631083e-14
 3704 8.905346284e-13 2.693386186e-14
 3705 8.888360298e-13 2.687188916e-14
 3706 8.871368799e-13 2.681038962e-14
 3707 8.854372101e-13 2.674936013e-14
 3708 8.837370513e-13 2.668879755e-14
 3709 8.820364349e-13 2.662869876e-14
 3710 8.803353923e-13 2.656906060e-14
 3711 8.786339547e-13 2.650987994e-14
 3712 8.769321537e-13 2.645115362e-14
 3713 8.752300208e-13 2.639287846e-14
 3714 8.735275874e-13 2.633505129e-14
 3715 8.718248854e-13 2.627766893e-14
 3716 8.701219464e-13 2.622072820e-14
 3717 8.684188022e-13 2.616422588e-14
 3718 8.667154846e-13 2.610815878e-14
 3719 8.650120256e-13 2.605252367e-14
 3720 8.633084571e-13 2.599731734e-14
 3721 8.616048111e-13 2.594253656e-14
 3722 8.599011198e-13 2.588817807e-14
 3723 8.581974153e-13 2.583423865e-14
 3724 8.564937299e-13 2.578071502e-14
 3725 8.547901114e-13 2.572760357e-14
 3726 8.530866700e-13 2.567489920e-14
 3727 8.513835319e-13 2.562259648e-14
 3728 8.496808234e-13 2.557068992e-14
 3729 8.479786709e-13 2.551917404e-14
 3730 8.462772015e-13 2.546804336e-14
 3731 8.445765421e-13 2.541729235e-14
 3732 8.428768202e-13 2.536691551e-14
 3733 8.411781635e-13 2.531690729e-14
 3734 8.394806998e-13 2.526726216e-14
 3735 8.377845574e-13 2.521797455e-14
 3736 8.360898647e-13 2.516903889e-14
 3737 8.343967504e-13 2.512044959e-14
 3738 8.327053435e-13 2.507220105e-14
 3739 8.310157734e-13 2.502428767e-14
 3740 8.293281694e-13 2.497670382e-14
 3741 8.276426614e-13 2.492944387e-14
 3742 8.259593796e-13 2.488250215e-14
 3743 8.242784541e-13 2.483587302e-14
 3744 8.226000157e-13 2.478955078e-14
 3745 8.209241952e-13 2.474352976e-14
 3746 8.192511237e-13 2.469780426e-14
 3747 8.175809327e-13 2.465236854e-14
 3748 8.159137538e-13 2.460721689e-14
 3749 8.142497190e-13 2.456234357e-14
 3750 8.125889605e-13 2.451774282e-14
 3751 8.109316109e-13 2.447340887e-14
 3752 8.092778028e-13 2.442933595e-14
 3753 8.076276694e-13 2.438551825e-14
 3754 8.059813439e-13 2.434194997e-14
 3755 8.043389599e-13 2.429862529e-14
 3756 8.027006513e-13 2.425553838e-14
 3757 8.010665521e-13 2.421268339e-14
 3758 7.994367969e-13 2.417005446e-14
 3759 7.978115201e-13 2.412764572e-14
 3760 7.961908569e-13 2.408545128e-14
 3761 7.945749423e-13 2.404346524e-14
 3762 7.929639119e-13 2.400168170e-14
 3763 7.913579015e-13 2.396009472e-14
 3764 7.897570345e-13 2.391869857e-14
 3765 7.881613850e-13 2.387748832e-14
 3766 7.865710145e-13 2.383645924e-14
 3767 7.849859849e-13 2.379560658e-14
 3768 7.834063579e-13 2.375492559e-14
 3769 7.818321954e-13 2.371441149e-14
 3770 7.802635597e-13 2.367405950e-14
 3771 7.787005128e-13 2.363386485e-14
 3772 7.771431172e-13 2.359382273e-14
 3773 7.755914351e-13 2.355392832e-14
 3774 7.740455291e-13 2.351417682e-14
 3775 7.725054619e-13 2.347456338e-14
 3776 7.709712962e-13 2.343508317e-14
 3777 7.694430949e-13 2.339573133e-14
 3778 7.679209211e-13 2.335650301e-14
 3779 7.664048378e-13 2.331739331e-14
 3780 7.648949082e-13 2.327839737e-14
 3781 7.633911957e-13 2.323951029e-14
 3782 7.618937637e-13 2.320072715e-14
 3783 7.604026759e-13 2.316204304e-14
 3784 7.589179958e-13 2.312345304e-14
 3785 7.574397873e-13 2.308495220e-14
 3786 7.559681144e-13 2.304653558e-14
 3787 7.545030410e-13 2.300819822e-14
 3788 7.530446312e-13 2.296993514e-14
 3789 7.515929495e-13 2.293174136e-14
 3790 7.501480600e-13 2.289361189e-14
 3791 7.487100274e-13 2.285554174e-14
 3792 7.472789163e-13 2.281752587e-14
 3793 7.458547913e-13 2.277955928e-14
 3794 7.444377173e-13 2.274163692e-14
 3795 7.430277593e-13 2.270375374e-14
 3796 7.416249824e-13 2.266590470e-14
 3797 7.402294517e-13 2.262808472e-14
 3798 7.388412326e-13 2.259028872e-14
 3799 7.374603905e-13 2.255251162e-14
 3800 7.360869909e-13 2.251474830e-14
 3801 7.347210995e-13 2.247699367e-14
 3802 7.333627820e-13 2.243924260e-14
 3803 7.320120793e-13 2.240149047e-14
 3804 7.306689311e-13 2.236373474e-14
 3805 7.293332520e-13 2.232597340e-14
 3806 7.280049565e-13 2.228820440e-14
 3807 7.266839586e-13 2.225042572e-14
 3808 7.253701722e-13 2.221263531e-14
 3809 7.240635112e-13 2.217483113e-14
 3810 7.227638891e-13 2.213701113e-14
 3811 7.214712192e-13 2.209917327e-14
 3812 7.201854146e-13 2.206131548e-14
 3813 7.189063883e-13 2.202343571e-14
 3814 7.176340530e-13 2.198553188e-14
 3815 7.163683213e-13 2.194760194e-14
 3816 7.151091055e-13 2.190964380e-14
 3817 7.138563177e-13 2.187165540e-14
 3818 7.126098698e-13 2.183363463e-14
 3819 7.113696736e-13 2.179557943e-14
 3820 7.101356405e-13 2.175748770e-14
 3821 7.089076819e-13 2.171935734e-14
 3822 7.076857090e-13 2.168118625e-14
 3823 7.064696325e-13 2.164297233e-14
 3824 7.052593632e-13 2.160471346e-14
 3825 7.040548117e-13 2.156640755e-14
 3826 7.028558881e-13 2.152805247e-14
 3827 7.016625027e-13 2.148964609e-14
 3828 7.004745652e-13 2.145118629e-14
 3829 6.992919854e-13 2.141267095e-14
 3830 6.981146727e-13 2.137409791e-14
 3831 6.969425365e-13 2.133546506e-14
 3832 6.957754857e-13 2.129677024e-14
 3833 6.946134293e-13 2.125801130e-14
 3834 6.934562760e-13 2.121918609e-14
 3835 6.923039340e-13 2.118029246e-14
 3836 6.911563118e-13 2.114132824e-14
 3837 6.900133174e-13 2.110229127e-14
 3838 6.888748585e-13 2.106317937e-14
 3839 6.877408429e-13 2.102399038e-14
 3840 6.866111780e-13 2.098472210e-14
 3841 6.854857709e-13 2.094537237e-14
 3842 6.843645255e-13 2.090593949e-14
 3843 6.832473329e-13 2.086642377e-14
 3844 6.821340807e-13 2.082682601e-14
 3845 6.810246564e-13 2.078714704e-14
 3846 6.799189469e-13 2.074738766e-14
 3847 6.788168394e-13 2.070754869e-14
 3848 6.777182203e-13 2.066763094e-14
 3849 6.766229762e-13 2.062763524e-14
 3850 6.755309931e-13 2.058756240e-14
 3851 6.744421570e-13 2.054741325e-14
 3852 6.733563535e-13 2.050718861e-14
 3853 6.722734682e-13 2.046688930e-14
 3854 6.711933861e-13 2.042651616e-14
 3855 6.701159921e-13 2.038607001e-14
 3856 6.690411710e-13 2.034555169e-14
 3857 6.679688072e-13 2.030496203e-14
 3858 6.668987849e-13 2.026430185e-14
 3859 6.658309879e-13 2.022357201e-14
 3860 6.647653000e-13 2.018277334e-14
 3861 6.637016046e-13 2.014190667e-14
 3862 6.626397849e-13 2.010097286e-14
 3863 6.615797239e-13 2.005997274e-14
 3864 6.605213042e-13 2.001890717e-14
 3865 6.594644082e-13 1.997777698e-14
 3866 6.584089182e-13 1.993658303e-14
 3867 6.573547161e-13 1.989532617e-14
 3868 6.563016836e-13 1.985400726e-14
 3869 6.552497021e-13 1.981262714e-14
 3870 6.541986528e-13 1.977118668e-14
 3871 6.531484167e-13 1.972968673e-14
 3872 6.520988744e-13 1.968812816e-14
 3873 6.510499064e-13 1.964651182e-14
 3874 6.500013929e-13 1.960483859e-14
 3875 6.489532138e-13 1.956310932e-14
 3876 6.479052488e-13 1.952132489e-14
 3877 6.468573773e-13 1.947948617e-14
 3878 6.458094786e-13 1.943759402e-14
 3879 6.447614315e-13 1.939564933e-14
 3880 6.437131147e-13 1.935365296e-14
 3881 6.426644275e-13 1.931160604e-14
 3882 6.416153517e-13 1.926951067e-14
 3883 6.405658901e-13 1.922736919e-14
 3884 6.395160455e-13 1.918518397e-14
 3885 6.384658204e-13 1.914295737e-14
 3886 6.374152176e-13 1.910069174e-14
 3887 6.363642399e-13 1.905838947e-14
 3888 6.353128900e-13 1.901605291e-14
 3889 6.342611706e-13 1.897368446e-14
 3890 6.332090844e-13 1.893128649e-14
 3891 6.321566342e-13 1.888886140e-14
 3892 6.311038227e-13 1.884641157e-14
 3893 6.300506526e-13 1.880393942e-14
 3894 6.289971268e-13 1.876144734e-14
 3895 6.279432480e-13 1.871893774e-14
 3896 6.268890189e-13 1.867641303e-14
 3897 6.258344423e-13 1.863387564e-14
 3898 6.247795209e-13 1.859132798e-14
 3899 6.237242577e-13 1.854877249e-14
 3900 6.226686552e-13 1.850621160e-14
 3901 6.216127164e-13 1.846364775e-14
 3902 6.205564439e-13 1.842108338e-14
 3903 6.194998407e-13 1.837852093e-14
 3904 6.184429094e-13 1.833596287e-14
 3905 6.173856529e-13 1.829341165e-14
 3906 6.163280740e-13 1.825086973e-14
 3907 6.152701755e-13 1.820833958e-14
 3908 6.142119603e-13 1.816582367e-14
 3909 6.131534310e-13 1.812332449e-14
 3910 6.120945907e-13 1.808084451e-14
 3911 6.110354420e-13 1.803838622e-14
 3912 6.099759879e-13 1.799595212e-14
 3913 6.089162311e-13 1.795354471e-14
 3914 6.078561745e-13 1.791116647e-14
 3915 6.067958210e-13 1.786881994e-14
 3916 6.057351734e-13 1.782650760e-14
 3917 6.046742345e-13 1.778423199e-14
 3918 6.036130072e-13 1.774199563e-14
 3919 6.025514945e-13 1.769980104e-14
 3920 6.014897108e-13 1.765765071e-14
 3921 6.004277179e-13 1.761554686e-14
 3922 5.993655892e-13 1.757349171e-14
 3923 5.983033985e-13 1.753148745e-14
 3924 5.972412196e-13 1.748953628e-14
 3925 5.961791264e-13 1.744764040e-14
 3926 5.951171930e-13 1.740580204e-14
 3927 5.940554938e-13 1.736402340e-14
 3928 5.929941032e-13 1.732230670e-14
 3929 5.919330957e-13 1.728065418e-14
 3930 5.908725460e-13 1.723906805e-14
 3931 5.898125291e-13 1.719755055e-14
 3932 5.887531199e-13 1.715610392e-14
 3933 5.876943936e-13 1.711473039e-14
 3934 5.866364255e-13 1.707343222e-14
 3935 5.855792910e-13 1.703221166e-14
 3936 5.845230659e-13 1.699107095e-14
 3937 5.834678258e-13 1.695001236e-14
 3938 5.824136467e-13 1.690903815e-14
 3939 5.813606046e-13 1.686815059e-14
 3940 5.803087758e-13 1.682735194e-14
 3941 5.792582366e-13 1.678664449e-14
 3942 5.782090635e-13 1.674603052e-14
 3943 5.771613332e-13 1.670551230e-14
 3944 5.761151226e-13 1.666509214e-14
 3945 5.750705085e-13 1.662477231e-14
 3946 5.740275681e-13 1.658455513e-14
 3947 5.729863787e-13 1.654444289e-14
 3948 5.719470176e-13 1.650443790e-14
 3949 5.709095625e-13 1.646454246e-14
 3950 5.698740911e-13 1.642475890e-14
 3951 5.688406813e-13 1.638508954e-14
 3952 5.678094110e-13 1.634553669e-14
 3953 5.667803584e-13 1.630610269e-14
 3954 5.657536019e-13 1.626678987e-14
 3955 5.647292199e-13 1.622760056e-14
 3956 5.637072912e-13 1.618853711e-14
 3957 5.626878944e-13 1.614960186e-14
 3958 5.616711084e-13 1.611079717e-14
 3959 5.606569997e-13 1.607212514e-14
 3960 5.596455834e-13 1.603358691e-14
 3961 5.586368621e-13 1.599518336e-14
 3962 5.576308382e-13 1.595691538e-14
 3963 5.566275144e-13 1.591878388e-14
 3964 5.556268930e-13 1.588078975e-14
 3965 5.546289765e-13 1.584293387e-14
 3966 5.536337675e-13 1.580521715e-14
 3967 5.526412685e-13 1.576764048e-14
 3968 5.516514819e-13 1.573020478e-14
 3969 5.506644102e-13 1.569291093e-14
 3970 5.496800558e-13 1.565575983e-14
 3971 5.486984214e-13 1.561875241e-14
 3972 5.477195092e-13 1.558188955e-14
 3973 5.467433219e-13 1.554517217e-14
 3974 5.457698618e-13 1.550860118e-14
 3975 5.447991315e-13 1.547217748e-14
 3976 5.438311334e-13 1.543590199e-14
 3977 5.428658699e-13 1.539977561e-14
 3978 5.419033435e-13 1.536379928e-14
 3979 5.409435567e-13 1.532797389e-14
 3980 5.399865118e-13 1.529230037e-14
 3981 5.390322115e-13 1.525677963e-14
 3982 5.380806580e-13 1.522141260e-14
 3983 5.371318538e-13 1.518620020e-14
 3984 5.361858014e-13 1.515114335e-14
 3985 5.352425033e-13 1.511624297e-14
 3986 5.343019617e-13 1.508149999e-14
 3987 5.333641792e-13 1.504691534e-14
 3988 5.324291582e-13 1.501248995e-14
 3989 5.314969011e-13 1.497822474e-14
 3990 5.305674103e-13 1.494412065e-14
 3991 5.296406882e-13 1.491017861e-14
 3992 5.287167373e-13 1.487639956e-14
 3993 5.277955600e-13 1.484278443e-14
 3994 5.268771586e-13 1.480933415e-14
 3995 5.259615356e-13 1.477604968e-14
 3996 5.250486933e-13 1.474293194e-14
 3997 5.241386342e-13 1.470998188e-14
 3998 5.232313483e-13 1.467720019e-14
 3999 5.223267758e-13 1.464458651e-14
 4000 5.214248444e-13 1.461214026e-14
 4001 5.205254819e-13 1.457986082e-14
 4002 5.196286155e-13 1.454774759e-14
 4003 5.187341727e-13 1.451579996e-14
 4004 5.178420805e-13 1.448401732e-14
 4005 5.169522660e-13 1.445239906e-14
 4006 5.160646559e-13 1.442094456e-14
 4007 5.151791769e-13 1.438965322e-14
 4008 5.142957556e-13 1.435852442e-14
 4009 5.134143184e-13 1.432755753e-14
 4010 5.125347913e-13 1.429675195e-14
 4011 5.116571006e-13 1.426610704e-14
 4012 5.107811722e-13 1.423562219e-14
 4013 5.099069317e-13 1.420529677e-14
 4014 5.090343048e-13 1.417513016e-14
 4015 5.081632170e-13 1.414512173e-14
 4016 5.072935935e-13 1.411527085e-14
 4017 5.064253595e-13 1.408557688e-14
 4018 5.055584400e-13 1.405603921e-14
 4019 5.046927597e-13 1.402665718e-14
 4020 5.038282435e-13 1.399743017e-14
 4021 5.029648159e-13 1.396835754e-14
 4022 5.021024011e-13 1.393943866e-14
 4023 5.012409235e-13 1.391067286e-14
 4024 5.003803070e-13 1.388205953e-14
 4025 4.995204756e-13 1.385359801e-14
 4026 4.986613531e-13 1.382528765e-14
 4027 4.978028631e-13 1.379712782e-14
 4028 4.969449289e-13 1.376911785e-14
 4029 4.960874740e-13 1.374125710e-14
 4030 4.952304214e-13 1.371354492e-14
 4031 4.943736941e-13 1.368598065e-14
 4032 4.935172149e-13 1.365856364e-14
 4033 4.926609066e-13 1.363129323e-14
 4034 4.918046915e-13 1.360416875e-14
 4035 4.909484922e-13 1.357718956e-14
 4036 4.900922308e-13 1.355035498e-14
 4037 4.892358403e-13 1.352366422e-14
 4038 4.883792977e-13 1.349711594e-14
 4039 4.875225909e-13 1.347070865e-14
 4040 4.866657079e-13 1.344444087e-14
 4041 4.858086366e-13 1.341831112e-14
 4042 4.849513647e-13 1.339231791e-14
 4043 4.840938801e-13 1.336645975e-14
 4044 4.832361707e-13 1.334073513e-14
 4045 4.823782242e-13 1.331514257e-14
 4046 4.815200283e-13 1.328968055e-14
 4047 4.806615709e-13 1.326434757e-14
 4048 4.798028395e-13 1.323914212e-14
 4049 4.789438220e-13 1.321406270e-14
 4050 4.780845059e-13 1.318910777e-14
 4051 4.772248788e-13 1.316427583e-14
 4052 4.763649285e-13 1.313956536e-14
 4053 4.755046423e-13 1.311497481e-14
 4054 4.746440081e-13 1.309050268e-14
 4055 4.737830131e-13 1.306614742e-14
 4056 4.729216450e-13 1.304190750e-14
 4057 4.720598912e-13 1.301778138e-14
 4058 4.711977393e-13 1.299376751e-14
 4059 4.703351765e-13 1.296986436e-14
 4060 4.694721903e-13 1.294607037e-14
 4061 4.686087682e-13 1.292238398e-14
 4062 4.677448974e-13 1.289880366e-14
 4063 4.668805652e-13 1.287532782e-14
 4064 4.660157591e-13 1.285195492e-14
 4065 4.651504661e-13 1.282868339e-14
 4066 4.642846737e-13 1.280551166e-14
 4067 4.634183690e-13 1.278243814e-14
 4068 4.625515393e-13 1.275946128e-14
 4069 4.616841716e-13 1.273657949e-14
 4070 4.608162532e-13 1.271379119e-14
 4071 4.599477712e-13 1.269109479e-14
 4072 4.590787126e-13 1.266848870e-14
 4073 4.582090646e-13 1.264597133e-14
 4074 4.573388142e-13 1.262354108e-14
 4075 4.564679484e-13 1.260119636e-14
 4076 4.555964713e-13 1.257893559e-14
 4077 4.547244555e-13 1.255675727e-14
 4078 4.538519907e-13 1.253465996e-14
 4079 4.529791670e-13 1.251264218e-14
 4080 4.521060745e-13 1.249070247e-14
 4081 4.512328035e-13 1.246883936e-14
 4082 4.503594446e-13 1.244705136e-14
 4083 4.494860884e-13 1.242533701e-14
 4084 4.486128259e-13 1.240369482e-14
 4085 4.477397480e-13 1.238212331e-14
 4086 4.468669460e-13 1.236062099e-14
 4087 4.459945112e-13 1.233918637e-14
 4088 4.451225353e-13 1.231781795e-14
 4089 4.442511100e-13 1.229651425e-14
 4090 4.433803272e-13 1.227527376e-14
 4091 4.425102790e-13 1.225409498e-14
 4092 4.416410577e-13 1.223297641e-14
 4093 4.407727558e-13 1.221191653e-14
 4094 4.399054659e-13 1.219091383e-14
 4095 4.390392807e-13 1.216996680e-14
 4096 4.381742934e-13 1.214907392e-14
 4097 4.373105970e-13 1.212823367e-14
 4098 4.364482850e-13 1.210744453e-14
 4099 4.355874508e-13 1.208670496e-14
 4100 4.347281881e-13 1.206601344e-14
 4101 4.338705909e-13 1.204536843e-14
 4102 4.330147531e-13 1.202476840e-14
 4103 4.321607691e-13 1.200421181e-14
 4104 4.313087332e-13 1.198369710e-14
 4105 4.304587401e-13 1.196322275e-14
 4106 4.296108844e-13 1.194278719e-14
 4107 4.287652612e-13 1.192238888e-14
 4108 4.279219657e-13 1.190202625e-14
 4109 4.270810930e-13 1.188169776e-14
 4110 4.262427387e-13 1.186140184e-14
 4111 4.254069985e-13 1.184113692e-14
 4112 4.245739682e-13 1.182090143e-14
 4113 4.237437438e-13 1.180069381e-14
 4114 4.229164216e-13 1.178051248e-14
 4115 4.220920917e-13 1.176035599e-14
 4116 4.212708193e-13 1.174022342e-14
 4117 4.204526634e-13 1.172011398e-14
 4118 4.196376833e-13 1.170002687e-14
 4119 4.188259382e-13 1.167996129e-14
 4120 4.180174874e-13 1.165991644e-14
 4121 4.172123906e-13 1.163989153e-14
 4122 4.164107072e-13 1.161988575e-14
 4123 4.156124970e-13 1.159989829e-14
 4124 4.148178198e-13 1.157992836e-14
 4125 4.140267355e-13 1.155997514e-14
 4126 4.132393042e-13 1.154003783e-14
 4127 4.124555859e-13 1.152011562e-14
 4128 4.116756410e-13 1.150020769e-14
 4129 4.108995297e-13 1.148031323e-14
 4130 4.101273126e-13 1.146043142e-14
 4131 4.093590502e-13 1.144056145e-14
 4132 4.085948032e-13 1.142070251e-14
 4133 4.078346323e-13 1.140085376e-14
 4134 4.070785985e-13 1.138101439e-14
 4135 4.063267627e-13 1.136118357e-14
 4136 4.055791860e-13 1.134136049e-14
 4137 4.048359298e-13 1.132154431e-14
 4138 4.040970552e-13 1.130173420e-14
 4139 4.033626237e-13 1.128192933e-14
 4140 4.026326969e-13 1.126212888e-14
 4141 4.019073365e-13 1.124233201e-14
 4142 4.011866040e-13 1.122253788e-14
 4143 4.004705615e-13 1.120274566e-14
 4144 3.997592709e-13 1.118295451e-14
 4145 3.990527943e-13 1.116316359e-14
 4146 3.983511939e-13 1.114337206e-14
 4147 3.976545319e-13 1.112357907e-14
 4148 3.969628708e-13 1.110378378e-14
 4149 3.962762731e-13 1.108398534e-14
 4150 3.955948015e-13 1.106418291e-14
 4151 3.949185186e-13 1.104437564e-14
 4152 3.942474873e-13 1.102456267e-14
 4153 3.935817705e-13 1.100474315e-14
 4154 3.929214093e-13 1.098491637e-14
 4155 3.922663559e-13 1.096508222e-14
 4156 3.916165406e-13 1.094524074e-14
 4157 3.909718934e-13 1.092539195e-14
 4158 3.903323441e-13 1.090553590e-14
 4159 3.896978224e-13 1.088567261e-14
 4160 3.890682579e-13 1.086580212e-14
 4161 3.884435800e-13 1.084592446e-14
 4162 3.878237181e-13 1.082603967e-14
 4163 3.872086011e-13 1.080614778e-14
 4164 3.865981581e-13 1.078624883e-14
 4165 3.859923180e-13 1.076634285e-14
 4166 3.853910093e-13 1.074642988e-14
 4167 3.847941607e-13 1.072650994e-14
 4168 3.842017006e-13 1.070658307e-14
 4169 3.836135571e-13 1.068664932e-14
 4170 3.830296584e-13 1.066670870e-14
 4171 3.824499323e-13 1.064676127e-14
 4172 3.818743068e-13 1.062680704e-14
 4173 3.813027095e-13 1.060684606e-14
 4174 3.807350678e-13 1.058687836e-14
 4175 3.801713091e-13 1.056690398e-14
 4176 3.796113606e-13 1.054692295e-14
 4177 3.790551494e-13 1.052693530e-14
 4178 3.785026024e-13 1.050694108e-14
 4179 3.779536463e-13 1.048694031e-14
 4180 3.774082078e-13 1.046693303e-14
 4181 3.768662133e-13 1.044691927e-14
 4182 3.763275891e-13 1.042689908e-14
 4183 3.757922614e-13 1.040687248e-14
 4184 3.752601562e-13 1.038683952e-14
 4185 3.747311993e-13 1.036680022e-14
 4186 3.742053166e-13 1.034675462e-14
 4187 3.736824335e-13 1.032670276e-14
 4188 3.731624754e-13 1.030664467e-14
 4189 3.726453678e-13 1.028658039e-14
 4190 3.721310355e-13 1.026650996e-14
 4191 3.716194037e-13 1.024643340e-14
 4192 3.711103972e-13 1.022635076e-14
 4193 3.706039366e-13 1.020626216e-14
 4194 3.700999263e-13 1.018616809e-14
 4195 3.695982668e-13 1.016606914e-14
 4196 3.690988581e-13 1.014596589e-14
 4197 3.686016000e-13 1.012585892e-14
 4198 3.681063924e-13 1.010574883e-14
 4199 3.676131346e-13 1.008563619e-14
 4200 3.671217261e-13 1.006552160e-14
 4201 3.666320660e-13 1.004540565e-14
 4202 3.661440530e-13 1.002528893e-14
 4203 3.656575861e-13 1.000517203e-14
 4204 3.651725637e-13 9.985055541e-15
 4205 3.646888840e-13 9.964940060e-15
 4206 3.642064454e-13 9.944826182e-15
 4207 3.637251456e-13 9.924714503e-15
 4208 3.632448825e-13 9.904605620e-15
 4209 3.627655536e-13 9.884500132e-15
 4210 3.622870561e-13 9.864398638e-15
 4211 3.618092874e-13 9.844301740e-15
 4212 3.613321442e-13 9.824210038e-15
 4213 3.608555233e-13 9.804124136e-15
 4214 3.603793214e-13 9.784044638e-15
 4215 3.599034347e-13 9.763972148e-15
 4216 3.594277594e-13 9.743907274e-15
 4217 3.589521915e-13 9.723850622e-15
 4218 3.584766267e-13 9.703802802e-15
 4219 3.580009606e-13 9.683764421e-15
 4220 3.575250885e-13 9.663736092e-15
 4221 3.570489055e-13 9.643718426e-15
 4222 3.565723068e-13 9.623712035e-15
 4223 3.560951869e-13 9.603717534e-15
 4224 3.556174405e-13 9.583735538e-15
 4225 3.551389620e-13 9.563766663e-15
 4226 3.546596455e-13 9.543811527e-15
 4227 3.541793849e-13 9.523870747e-15
 4228 3.536980740e-13 9.503944944e-15
 4229 3.532156065e-13 9.484034737e-15
 4230 3.527318756e-13 9.464140750e-15
 4231 3.522467745e-13 9.444263604e-15
 4232 3.517602165e-13 9.424403931e-15
 4233 3.512721961e-13 9.404562396e-15
 4234 3.507827279e-13 9.384739669e-15
 4235 3.502918269e-13 9.364936426e-15
 4236 3.497995077e-13 9.345153340e-15
 4237 3.493057853e-13 9.325391088e-15
 4238 3.488106744e-13 9.305650347e-15
 4239 3.483141902e-13 9.285931795e-15
 4240 3.478163474e-13 9.266236112e-15
 4241 3.473171610e-13 9.246563979e-15
 4242 3.468166461e-13 9.226916078e-15
 4243 3.463148176e-13 9.207293092e-15
 4244 3.458116907e-13 9.187695705e-15
 4245 3.453072804e-13 9.168124604e-15
 4246 3.448016018e-13 9.148580475e-15
 4247 3.442946701e-13 9.129064007e-15
 4248 3.437865005e-13 9.109575888e-15
 4249 3.432771082e-13 9.090116809e-15
 4250 3.427665084e-13 9.070687462e-15
 4251 3.422547164e-13 9.051288540e-15
 4252 3.417417475e-13 9.031920737e-15
 4253 3.412276170e-13 9.012584748e-15
 4254 3.407123403e-13 8.993281271e-15
 4255 3.401959328e-13 8.974011003e-15
 4256 3.396784099e-13 8.954774643e-15
 4257 3.391597870e-13 8.935572891e-15
 4258 3.386400798e-13 8.916406449e-15
 4259 3.381193035e-13 8.897276020e-15
 4260 3.375974739e-13 8.878182307e-15
 4261 3.370746065e-13 8.859126016e-15
 4262 3.365507169e-13 8.840107853e-15
 4263 3.360258207e-13 8.821128526e-15
 4264 3.354999336e-13 8.802188744e-15
 4265 3.349730713e-13 8.783289216e-15
 4266 3.344452495e-13 8.764430654e-15
 4267 3.339164840e-13 8.745613771e-15
 4268 3.333867906e-13 8.726839280e-15
 4269 3.328561851e-13 8.708107897e-15
 4270 3.323246833e-13 8.689420337e-15
 4271 3.317923138e-13 8.670777263e-15
 4272 3.312591550e-13 8.652179117e-15
 4273 3.307252985e-13 8.633626289e-15
 4274 3.301908358e-13 8.615119168e-15
 4275 3.296558586e-13 8.596658143e-15
 4276 3.291204588e-13 8.578243604e-15
 4277 3.285847284e-13 8.559875943e-15
 4278 3.280487597e-13 8.541555551e-15
 4279 3.275126451e-13 8.523282820e-15
 4280 3.269764772e-13 8.505058143e-15
 4281 3.264403488e-13 8.486881914e-15
 4282 3.259043527e-13 8.468754527e-15
 4283 3.253685820e-13 8.450676376e-15
 4284 3.248331301e-13 8.432647856e-15
 4285 3.242980904e-13 8.414669363e-15
 4286 3.237635565e-13 8.396741295e-15
 4287 3.232296222e-13 8.378864047e-15
 4288 3.226963814e-13 8.361038019e-15
 4289 3.221639283e-13 8.343263607e-15
 4290 3.216323572e-13 8.325541212e-15
 4291 3.211017627e-13 8.307871232e-15
 4292 3.205722392e-13 8.290254068e-15
 4293 3.200438818e-13 8.272690120e-15
 4294 3.195167854e-13 8.255179791e-15
 4295 3.189910451e-13 8.237723483e-15
 4296 3.184667563e-13 8.220321597e-15
 4297 3.179440146e-13 8.202974537e-15
 4298 3.174229157e-13 8.185682707e-15
 4299 3.169035554e-13 8.168446513e-15
 4300 3.163860298e-13 8.151266358e-15
 4301 3.158704351e-13 8.134142649e-15
 4302 3.153568677e-13 8.117075792e-15
 4303 3.148454243e-13 8.100066194e-15
 4304 3.143362014e-13 8.083114262e-15
 4305 3.138292962e-13 8.066220406e-15
 4306 3.133248056e-13 8.049385034e-15
 4307 3.128228269e-13 8.032608556e-15
 4308 3.123234577e-13 8.015891381e-15
 4309 3.118267954e-13 7.999233920e-15
 4310 3.113329236e-13 7.982636512e-15
 4311 3.108418678e-13 7.966099198e-15
 4312 3.103536394e-13 7.949621946e-15
 4313 3.098682497e-13 7.933204725e-15
 4314 3.093857099e-13 7.916847502e-15
 4315 3.089060314e-13 7.900550246e-15
 4316 3.084292256e-13 7.884312923e-15
 4317 3.079553037e-13 7.868135501e-15
 4318 3.074842771e-13 7.852017946e-15
 4319 3.070161573e-13 7.835960227e-15
 4320 3.065509557e-13 7.819962309e-15
 4321 3.060886836e-13 7.804024158e-15
 4322 3.056293524e-13 7.788145742e-15
 4323 3.051729737e-13 7.772327026e-15
 4324 3.047195588e-13 7.756567976e-15
 4325 3.042691193e-13 7.740868558e-15
 4326 3.038216666e-13 7.725228738e-15
 4327 3.033772123e-13 7.709648479e-15
 4328 3.029357678e-13 7.694127749e-15
 4329 3.024973447e-13 7.678666510e-15
 4330 3.020619546e-13 7.663264729e-15
 4331 3.016296089e-13 7.647922370e-15
 4332 3.012003193e-13 7.632639396e-15
 4333 3.007740974e-13 7.617415773e-15
 4334 3.003509547e-13 7.602251463e-15
 4335 2.999309029e-13 7.587146430e-15
 4336 2.995139537e-13 7.572100639e-15
 4337 2.991001187e-13 7.557114051e-15
 4338 2.986894094e-13 7.542186631e-15
 4339 2.982818378e-13 7.527318342e-15
 4340 2.978774153e-13 7.512509144e-15
 4341 2.974761538e-13 7.497759003e-15
 4342 2.970780649e-13 7.483067878e-15
 4343 2.966831605e-13 7.468435733e-15
 4344 2.962914522e-13 7.453862530e-15
 4345 2.959029518e-13 7.439348230e-15
 4346 2.955176712e-13 7.424892794e-15
 4347 2.951356221e-13 7.410496183e-15
 4348 2.947568163e-13 7.396158360e-15
 4349 2.943812486e-13 7.381879233e-15
 4350 2.940088454e-13 7.367658507e-15
 4351 2.936395157e-13 7.353495835e-15
 4352 2.932731687e-13 7.339390868e-15
 4353 2.929097130e-13 7.325343259e-15
 4354 2.925490574e-13 7.311352656e-15
 4355 2.921911102e-13 7.297418710e-15
 4356 2.918357797e-13 7.283541070e-15
 4357 2.914829740e-13 7.269719383e-15
 4358 2.911326011e-13 7.255953298e-15
 4359 2.907845687e-13 7.242242460e-15
 4360 2.904387843e-13 7.228586515e-15
 4361 2.900951555e-13 7.214985108e-15
 4362 2.897535893e-13 7.201437884e-15
 4363 2.894139929e-13 7.187944486e-15
 4364 2.890762732e-13 7.174504556e-15
 4365 2.887403368e-13 7.161117737e-15
 4366 2.884060902e-13 7.147783669e-15
 4367 2.880734399e-13 7.134501994e-15
 4368 2.877422920e-13 7.121272349e-15
 4369 2.874125525e-13 7.108094375e-15
 4370 2.870841272e-13 7.094967709e-15
 4371 2.867569218e-13 7.081891988e-15
 4372 2.864308418e-13 7.068866850e-15
 4373 2.861057924e-13 7.055891928e-15
 4374 2.857816788e-13 7.042966860e-15
 4375 2.854584059e-13 7.030091278e-15
 4376 2.851358786e-13 7.017264815e-15
 4377 2.848140013e-13 7.004487105e-15
 4378 2.844926786e-13 6.991757780e-15
 4379 2.841718147e-13 6.979076469e-15
 4380 2.838513135e-13 6.966442804e-15
 4381 2.835310792e-13 6.953856414e-15
 4382 2.832110152e-13 6.941316927e-15
 4383 2.828910252e-13 6.928823971e-15
 4384 2.825710126e-13 6.916377174e-15
 4385 2.822508805e-13 6.903976161e-15
 4386 2.819305319e-13 6.891620559e-15
 4387 2.816098697e-13 6.879309991e-15
 4388 2.812888050e-13 6.867044073e-15
 4389 2.809672836e-13 6.854822379e-15
 4390 2.806452595e-13 6.842644474e-15
 4391 2.803226868e-13 6.830509922e-15
 4392 2.799995192e-13 6.818418286e-15
 4393 2.796757108e-13 6.806369128e-15
 4394 2.793512153e-13 6.794362009e-15
 4395 2.790259863e-13 6.782396489e-15
 4396 2.786999774e-13 6.770472127e-15
 4397 2.783731423e-13 6.758588483e-15
 4398 2.780454342e-13 6.746745113e-15
 4399 2.777168066e-13 6.734941575e-15
 4400 2.773872127e-13 6.723177423e-15
 4401 2.770566057e-13 6.711452213e-15
 4402 2.767249388e-13 6.699765499e-15
 4403 2.763921648e-13 6.688116834e-15
 4404 2.760582368e-13 6.676505770e-15
 4405 2.757231075e-13 6.664931859e-15
 4406 2.753867299e-13 6.653394650e-15
 4407 2.750490564e-13 6.641893693e-15
 4408 2.747100398e-13 6.630428537e-15
 4409 2.743696326e-13 6.618998730e-15
 4410 2.740277871e-13 6.607603817e-15
 4411 2.736844557e-13 6.596243346e-15
 4412 2.733395907e-13 6.584916860e-15
 4413 2.729931442e-13 6.573623905e-15
 4414 2.726450683e-13 6.562364023e-15
 4415 2.722953151e-13 6.551136756e-15
 4416 2.719438364e-13 6.539941646e-15
 4417 2.715905842e-13 6.528778233e-15
 4418 2.712355100e-13 6.517646057e-15
 4419 2.708785657e-13 6.506544657e-15
 4420 2.705197028e-13 6.495473569e-15
 4421 2.701588728e-13 6.484432332e-15
 4422 2.697960270e-13 6.473420480e-15
 4423 2.694311169e-13 6.462437549e-15
 4424 2.690640937e-13 6.451483072e-15
 4425 2.686949085e-13 6.440556584e-15
 4426 2.683235125e-13 6.429657616e-15
 4427 2.679498770e-13 6.418785726e-15
 4428 2.675740561e-13 6.407940574e-15
 4429 2.671961240e-13 6.397121847e-15
 4430 2.668161556e-13 6.386329231e-15
 4431 2.664342254e-13 6.375562410e-15
 4432 2.660504084e-13 6.364821069e-15
 4433 2.656647797e-13 6.354104892e-15
 4434 2.652774143e-13 6.343413562e-15
 4435 2.648883877e-13 6.332746761e-15
 4436 2.644977752e-13 6.322104171e-15
 4437 2.641056525e-13 6.311485474e-15
 4438 2.637120952e-13 6.300890349e-15
 4439 2.633171793e-13 6.290318478e-15
 4440 2.629209807e-13 6.279769539e-15
 4441 2.625235755e-13 6.269243211e-15
 4442 2.621250401e-13 6.258739173e-15
 4443 2.617254509e-13 6.248257101e-15
 4444 2.613248844e-13 6.237796672e-15
 4445 2.609234173e-13 6.227357563e-15
 4446 2.605211264e-13 6.216939449e-15
 4447 2.601180888e-13 6.206542004e-15
 4448 2.597143816e-13 6.196164905e-15
 4449 2.593100819e-13 6.185807822e-15
 4450 2.589052672e-13 6.175470431e-15
 4451 2.585000151e-13 6.165152403e-15
 4452 2.580944032e-13 6.154853410e-15
 4453 2.576885093e-13 6.144573123e-15
 4454 2.572824113e-13 6.134311212e-15
 4455 2.568761874e-13 6.124067347e-15
 4456 2.564699158e-13 6.113841198e-15
 4457 2.560636749e-13 6.103632432e-15
 4458 2.556575432e-13 6.093440719e-15
 4459 2.552515993e-13 6.083265724e-15
 4460 2.548459220e-13 6.073107115e-15
 4461 2.544405903e-13 6.062964557e-15
 4462 2.540356833e-13 6.052837716e-15
 4463 2.536312801e-13 6.042726257e-15
 4464 2.532274601e-13 6.032629843e-15
 4465 2.528243028e-13 6.022548138e-15
 4466 2.524218868e-13 6.012480843e-15
 4467 2.520202861e-13 6.002427816e-15
 4468 2.516195741e-13 5.992388950e-15
 4469 2.512198240e-13 5.982364140e-15
 4470 2.508211092e-13 5.972353281e-15
 4471 2.504235033e-13 5.962356268e-15
 4472 2.500270801e-13 5.952372994e-15
 4473 2.496319133e-13 5.942403353e-15
 4474 2.492380770e-13 5.932447238e-15
 4475 2.488456452e-13 5.922504543e-15
 4476 2.484546921e-13 5.912575162e-15
 4477 2.480652921e-13 5.902658986e-15
 4478 2.476775197e-13 5.892755909e-15
 4479 2.472914494e-13 5.882865822e-15
 4480 2.469071560e-13 5.872988619e-15
 4481 2.465247145e-13 5.863124192e-15
 4482 2.461441997e-13 5.853272431e-15
 4483 2.457656868e-13 5.843433228e-15
 4484 2.453892511e-13 5.833606475e-15
 4485 2.450149680e-13 5.823792064e-15
 4486 2.446429129e-13 5.813989883e-15
 4487 2.442731616e-13 5.804199825e-15
 4488 2.439057898e-13 5.794421780e-15
 4489 2.435408734e-13 5.784655637e-15
 4490 2.431784885e-13 5.774901287e-15
 4491 2.428187112e-13 5.765158619e-15
 4492 2.424616179e-13 5.755427524e-15
 4493 2.421072849e-13 5.745707889e-15
 4494 2.417557889e-13 5.735999604e-15
 4495 2.414072065e-13 5.726302558e-15
 4496 2.410616146e-13 5.716616639e-15
 4497 2.407190901e-13 5.706941736e-15
 4498 2.403797102e-13 5.697277737e-15
 4499 2.400435519e-13 5.687624529e-15
 4500 2.397106928e-13 5.677982001e-15
 4501 2.393812102e-13 5.668350039e-15
 4502 2.390551818e-13 5.658728530e-15
 4503 2.387326853e-13 5.649117363e-15
 4504 2.384137986e-13 5.639516422e-15
 4505 2.380985782e-13 5.629925625e-15
 4506 2.377869948e-13 5.620345006e-15
 4507 2.374789973e-13 5.610774627e-15
 4508 2.371745348e-13 5.601214554e-15
 4509 2.368735560e-13 5.591664850e-15
 4510 2.365760097e-13 5.582125579e-15
 4511 2.362818446e-13 5.572596805e-15
 4512 2.359910092e-13 5.563078592e-15
 4513 2.357034520e-13 5.553571004e-15
 4514 2.354191212e-13 5.544074107e-15
 4515 2.351379653e-13 5.534587963e-15
 4516 2.348599323e-13 5.525112639e-15
 4517 2.345849703e-13 5.515648198e-15
 4518 2.343130272e-13 5.506194704e-15
 4519 2.340440510e-13 5.496752224e-15
 4520 2.337779895e-13 5.487320821e-15
 4521 2.335147902e-13 5.477900561e-15
 4522 2.332544007e-13 5.468491508e-15
 4523 2.329967686e-13 5.459093728e-15
 4524 2.327418412e-13 5.449707286e-15
 4525 2.324895658e-13 5.440332247e-15
 4526 2.322398896e-13 5.430968676e-15
 4527 2.319927596e-13 5.421616639e-15
 4528 2.317481229e-13 5.412276202e-15
 4529 2.315059263e-13 5.402947429e-15
 4530 2.312661166e-13 5.393630387e-15
 4531 2.310286405e-13 5.384325142e-15
 4532 2.307934446e-13 5.375031759e-15
 4533 2.305604754e-13 5.365750304e-15
 4534 2.303296792e-13 5.356480843e-15
 4535 2.301010025e-13 5.347223442e-15
 4536 2.298743913e-13 5.337978168e-15
 4537 2.296497917e-13 5.328745087e-15
 4538 2.294271499e-13 5.319524265e-15
 4539 2.292064116e-13 5.310315769e-15
 4540 2.289875226e-13 5.301119664e-15
 4541 2.287704287e-13 5.291936019e-15
 4542 2.285550755e-13 5.282764898e-15
 4543 2.283414084e-13 5.273606370e-15
 4544 2.281293657e-13 5.264460511e-15
 4545 2.279188570e-13 5.255327435e-15
 4546 2.277097844e-13 5.246207269e-15
 4547 2.275020498e-13 5.237100137e-15
 4548 2.272955552e-13 5.228006164e-15
 4549 2.270902022e-13 5.218925477e-15
 4550 2.268858923e-13 5.209858202e-15
 4551 2.266825268e-13 5.200804463e-15
 4552 2.264800067e-13 5.191764388e-15
 4553 2.262782332e-13 5.182738103e-15
 4554 2.260771069e-13 5.173725734e-15
 4555 2.258765284e-13 5.164727408e-15
 4556 2.256763983e-13 5.155743252e-15
 4557 2.254766167e-13 5.146773394e-15
 4558 2.252770836e-13 5.137817960e-15
 4559 2.250776991e-13 5.128877078e-15
 4560 2.248783628e-13 5.119950876e-15
 4561 2.246789743e-13 5.111039482e-15
 4562 2.244794329e-13 5.102143023e-15
 4563 2.242796379e-13 5.093261628e-15
 4564 2.240794882e-13 5.084395426e-15
 4565 2.238788828e-13 5.075544545e-15
 4566 2.236777201e-13 5.066709114e-15
 4567 2.234758989e-13 5.057889262e-15
 4568 2.232733172e-13 5.049085119e-15
 4569 2.230698734e-13 5.040296812e-15
 4570 2.228654653e-13 5.031524473e-15
 4571 2.226599907e-13 5.022768231e-15
 4572 2.224533472e-13 5.014028216e-15
 4573 2.222454323e-13 5.005304558e-15
 4574 2.220361431e-13 4.996597388e-15
 4575 2.218253768e-13 4.987906835e-15
 4576 2.216130302e-13 4.979233031e-15
 4577 2.213990000e-13 4.970576107e-15
 4578 2.211831828e-13 4.961936194e-15
 4579 2.209654750e-13 4.953313423e-15
 4580 2.207457726e-13 4.944707925e-15
 4581 2.205239717e-13 4.936119832e-15
 4582 2.202999682e-13 4.927549277e-15
 4583 2.200736768e-13 4.918996382e-15
 4584 2.198450891e-13 4.910461243e-15
 4585 2.196142158e-13 4.901943944e-15
 4586 2.193810677e-13 4.893444572e-15
 4587 2.191456555e-13 4.884963212e-15
 4588 2.189079900e-13 4.876499950e-15
 4589 2.186680821e-13 4.868054873e-15
 4590 2.184259426e-13 4.859628066e-15
 4591 2.181815824e-13 4.851219617e-15
 4592 2.179350124e-13 4.842829612e-15
 4593 2.176862434e-13 4.834458137e-15
 4594 2.174352864e-13 4.826105279e-15
 4595 2.171821523e-13 4.817771126e-15
 4596 2.169268522e-13 4.809455763e-15
 4597 2.166693970e-13 4.801159278e-15
 4598 2.164097978e-13 4.792881758e-15
 4599 2.161480655e-13 4.784623291e-15
 4600 2.158842114e-13 4.776383963e-15
 4601 2.156182464e-13 4.768163863e-15
 4602 2.153501816e-13 4.759963078e-15
 4603 2.150800283e-13 4.751781695e-15
 4604 2.148077975e-13 4.743619803e-15
 4605 2.145335005e-13 4.735477489e-15
 4606 2.142571484e-13 4.727354841e-15
 4607 2.139787525e-13 4.719251949e-15
 4608 2.136983240e-13 4.711168899e-15
 4609 2.134158742e-13 4.703105780e-15
 4610 2.131314144e-13 4.695062681e-15
 4611 2.128449558e-13 4.687039691e-15
 4612 2.125565100e-13 4.679036897e-15
 4613 2.122660881e-13 4.671054389e-15
 4614 2.119737016e-13 4.663092257e-15
 4615 2.116793620e-13 4.655150588e-15
 4616 2.113830805e-13 4.647229472e-15
 4617 2.110848687e-13 4.639328998e-15
 4618 2.107847381e-13 4.631449256e-15
 4619 2.104827002e-13 4.623590335e-15
 4620 2.101787664e-13 4.615752325e-15
 4621 2.098729483e-13 4.607935316e-15
 4622 2.095652725e-13 4.600139381e-15
 4623 2.092558254e-13 4.592364532e-15
 4624 2.089447086e-13 4.584610765e-15
 4625 2.086320240e-13 4.576878077e-15
 4626 2.083178734e-13 4.569166462e-15
 4627 2.080023590e-13 4.561475917e-15
 4628 2.076855831e-13 4.553806437e-15
 4629 2.073676482e-13 4.546158019e-15
 4630 2.070486569e-13 4.538530657e-15
 4631 2.067287122e-13 4.530924347e-15
 4632 2.064079171e-13 4.523339085e-15
 4633 2.060863747e-13 4.515774866e-15
 4634 2.057641885e-13 4.508231685e-15
 4635 2.054414620e-13 4.500709539e-15
 4636 2.051182990e-13 4.493208422e-15
 4637 2.047948034e-13 4.485728329e-15
 4638 2.044710793e-13 4.478269256e-15
 4639 2.041472310e-13 4.470831198e-15
 4640 2.038233629e-13 4.463414149e-15
 4641 2.034995798e-13 4.456018106e-15
 4642 2.031759864e-13 4.448643063e-15
 4643 2.028526877e-13 4.441289014e-15
 4644 2.025297890e-13 4.433955956e-15
 4645 2.022073955e-13 4.426643882e-15
 4646 2.018856129e-13 4.419352787e-15
 4647 2.015645469e-13 4.412082667e-15
 4648 2.012443033e-13 4.404833515e-15
 4649 2.009249883e-13 4.397605327e-15
 4650 2.006067082e-13 4.390398097e-15
 4651 2.002895694e-13 4.383211819e-15
 4652 1.999736784e-13 4.376046489e-15
 4653 1.996591423e-13 4.368902100e-15
 4654 1.993460678e-13 4.361778647e-15
 4655 1.990345623e-13 4.354676124e-15
 4656 1.987247330e-13 4.347594525e-15
 4657 1.984166876e-13 4.340533845e-15
 4658 1.981105336e-13 4.333494078e-15
 4659 1.978063791e-13 4.326475218e-15
 4660 1.975043321e-13 4.319477258e-15
 4661 1.972044876e-13 4.312500181e-15
 4662 1.969068873e-13 4.305543911e-15
 4663 1.966115596e-13 4.298608364e-15
 4664 1.963185332e-13 4.291693453e-15
 4665 1.960278365e-13 4.284799091e-15
 4666 1.957394983e-13 4.277925190e-15
 4667 1.954535470e-13 4.271071664e-15
 4668 1.951700115e-13 4.264238425e-15
 4669 1.948889206e-13 4.257425385e-15
 4670 1.946103029e-13 4.250632458e-15
 4671 1.943341873e-13 4.243859554e-15
 4672 1.940606028e-13 4.237106587e-15
 4673 1.937895782e-13 4.230373466e-15
 4674 1.935211425e-13 4.223660105e-15
 4675 1.932553247e-13 4.216966413e-15
 4676 1.929921539e-13 4.210292303e-15
 4677 1.927316593e-13 4.203637685e-15
 4678 1.924738699e-13 4.197002470e-15
 4679 1.922188149e-13 4.190386568e-15
 4680 1.919665237e-13 4.183789890e-15
 4681 1.917170254e-13 4.177212346e-15
 4682 1.914703495e-13 4.170653845e-15
 4683 1.912265253e-13 4.164114298e-15
 4684 1.909855821e-13 4.157593613e-15
 4685 1.907475496e-13 4.151091701e-15
 4686 1.905124572e-13 4.144608471e-15
 4687 1.902803345e-13 4.138143831e-15
 4688 1.900512111e-13 4.131697690e-15
 4689 1.898251166e-13 4.125269957e-15
 4690 1.896020807e-13 4.118860540e-15
 4691 1.893821332e-13 4.112469348e-15
 4692 1.891653038e-13 4.106096288e-15
 4693 1.889516225e-13 4.099741268e-15
 4694 1.887411190e-13 4.093404196e-15
 4695 1.885338233e-13 4.087084979e-15
 4696 1.883297654e-13 4.080783524e-15
 4697 1.881289752e-13 4.074499739e-15
 4698 1.879314829e-13 4.068233531e-15
 4699 1.877373186e-13 4.061984805e-15
 4700 1.875464922e-13 4.055753464e-15
 4701 1.873589335e-13 4.049539389e-15
 4702 1.871745519e-13 4.043342458e-15
 4703 1.869932566e-13 4.037162548e-15
 4704 1.868149568e-13 4.030999535e-15
 4705 1.866395613e-13 4.024853295e-15
 4706 1.864669789e-13 4.018723705e-15
 4707 1.862971183e-13 4.012610641e-15
 4708 1.861298879e-13 4.006513977e-15
 4709 1.859651960e-13 4.000433590e-15
 4710 1.858029508e-13 3.994369354e-15
 4711 1.856430601e-13 3.988321144e-15
 4712 1.854854319e-13 3.982288836e-15
 4713 1.853299738e-13 3.976272302e-15
 4714 1.851765932e-13 3.970271418e-15
 4715 1.850251976e-13 3.964286058e-15
 4716 1.848756940e-13 3.958316094e-15
 4717 1.847279895e-13 3.952361400e-15
 4718 1.845819910e-13 3.946421850e-15
 4719 1.844376051e-13 3.940497316e-15
 4720 1.842947384e-13 3.934587672e-15
 4721 1.841532972e-13 3.928692788e-15
 4722 1.840131877e-13 3.922812538e-15
 4723 1.838743160e-13 3.916946794e-15
 4724 1.837365880e-13 3.911095427e-15
 4725 1.835999093e-13 3.905258308e-15
 4726 1.834641856e-13 3.899435309e-15
 4727 1.833293222e-13 3.893626300e-15
 4728 1.831952244e-13 3.887831153e-15
 4729 1.830617972e-13 3.882049738e-15
 4730 1.829289456e-13 3.876281924e-15
 4731 1.827965743e-13 3.870527582e-15
 4732 1.826645879e-13 3.864786582e-15
 4733 1.825328909e-13 3.859058792e-15
 4734 1.824013874e-13 3.853344083e-15
 4735 1.822699816e-13 3.847642323e-15
 4736 1.821385774e-13 3.841953380e-15
 4737 1.820070786e-13 3.836277123e-15
 4738 1.818753888e-13 3.830613421e-15
 4739 1.817434172e-13 3.824962146e-15
 4740 1.816110955e-13 3.819323192e-15
 4741 1.814783611e-13 3.813696455e-15
 4742 1.813451511e-13 3.808081832e-15
 4743 1.812114027e-13 3.802479222e-15
 4744 1.810770530e-13 3.796888522e-15
 4745 1.809420387e-13 3.791309627e-15
 4746 1.808062969e-13 3.785742434e-15
 4747 1.806697640e-13 3.780186841e-15
 4748 1.805323768e-13 3.774642742e-15
 4749 1.803940718e-13 3.769110035e-15
 4750 1.802547853e-13 3.763588614e-15
 4751 1.801144535e-13 3.758078376e-15
 4752 1.799730128e-13 3.752579216e-15
 4753 1.798303990e-13 3.747091028e-15
 4754 1.796865483e-13 3.741613709e-15
 4755 1.795413965e-13 3.736147152e-15
 4756 1.793948793e-13 3.730691253e-15
 4757 1.792469323e-13 3.725245905e-15
 4758 1.790974911e-13 3.719811003e-15
 4759 1.789464911e-13 3.714386441e-15
 4760 1.787938677e-13 3.708972113e-15
 4761 1.786395560e-13 3.703567911e-15
 4762 1.784834913e-13 3.698173731e-15
 4763 1.783256084e-13 3.692789464e-15
 4764 1.781658423e-13 3.687415004e-15
 4765 1.780041277e-13 3.682050243e-15
 4766 1.778403995e-13 3.676695075e-15
 4767 1.776745920e-13 3.671349391e-15
 4768 1.775066399e-13 3.666013083e-15
 4769 1.773364775e-13 3.660686045e-15
 4770 1.771640390e-13 3.655368166e-15
 4771 1.769892586e-13 3.650059340e-15
 4772 1.768120703e-13 3.644759457e-15
 4773 1.766324081e-13 3.639468408e-15
 4774 1.764502057e-13 3.634186085e-15
 4775 1.762653970e-13 3.628912378e-15
 4776 1.760779156e-13 3.623647177e-15
 4777 1.758876949e-13 3.618390374e-15
 4778 1.756946906e-13 3.613141869e-15
 4779 1.754989477e-13 3.607901604e-15
 4780 1.753005335e-13 3.602669532e-15
 4781 1.750995155e-13 3.597445606e-15
 4782 1.748959610e-13 3.592229779e-15
 4783 1.746899380e-13 3.587022004e-15
 4784 1.744815140e-13 3.581822234e-15
 4785 1.742707571e-13 3.576630420e-15
 4786 1.740577352e-13 3.571446515e-15
 4787 1.738425164e-13 3.566270471e-15
 4788 1.736251691e-13 3.561102242e-15
 4789 1.734057617e-13 3.555941778e-15
 4790 1.731843624e-13 3.550789031e-15
 4791 1.729610401e-13 3.545643955e-15
 4792 1.727358634e-13 3.540506500e-15
 4793 1.725089012e-13 3.535376618e-15
 4794 1.722802223e-13 3.530254261e-15
 4795 1.720498960e-13 3.525139380e-15
 4796 1.718179913e-13 3.520031927e-15
 4797 1.715845776e-13 3.514931853e-15
 4798 1.713497244e-13 3.509839109e-15
 4799 1.711135011e-13 3.504753647e-15
 4800 1.708759774e-13 3.499675417e-15
 4801 1.706372232e-13 3.494604370e-15
 4802 1.703973082e-13 3.489540458e-15
 4803 1.701563026e-13 3.484483630e-15
 4804 1.699142764e-13 3.479433838e-15
 4805 1.696713000e-13 3.474391033e-15
 4806 1.694274436e-13 3.469355163e-15
 4807 1.691827779e-13 3.464326181e-15
 4808 1.689373733e-13 3.459304036e-15
 4809 1.686913007e-13 3.454288677e-15
 4810 1.684446308e-13 3.449280057e-15
 4811 1.681974347e-13 3.444278123e-15
 4812 1.679497834e-13 3.439282827e-15
 4813 1.677017481e-13 3.434294117e-15
 4814 1.674534001e-13 3.429311944e-15
 4815 1.672048110e-13 3.424336256e-15
 4816 1.669560521e-13 3.419367005e-15
 4817 1.667071980e-13 3.414404147e-15
 4818 1.664583335e-13 3.409447681e-15
 4819 1.662095466e-13 3.404497613e-15
 4820 1.659609251e-13 3.399553949e-15
 4821 1.657125571e-13 3.394616697e-15
 4822 1.654645309e-13 3.389685861e-15
 4823 1.652169349e-13 3.384761450e-15
 4824 1.649698577e-13 3.379843469e-15
 4825 1.647233878e-13 3.374931925e-15
 4826 1.644776142e-13 3.370026825e-15
 4827 1.642326258e-13 3.365128175e-15
 4828 1.639885117e-13 3.360235981e-15
 4829 1.637453612e-13 3.355350250e-15
 4830 1.635032637e-13 3.350470989e-15
 4831 1.632623088e-13 3.345598204e-15
 4832 1.630225861e-13 3.340731901e-15
 4833 1.627841856e-13 3.335872087e-15
 4834 1.625471972e-13 3.331018768e-15
 4835 1.623117111e-13 3.326171952e-15
 4836 1.620778175e-13 3.321331644e-15
 4837 1.618456069e-13 3.316497850e-15
 4838 1.616151700e-13 3.311670578e-15
 4839 1.613865973e-13 3.306849834e-15
 4840 1.611599799e-13 3.302035624e-15
 4841 1.609354086e-13 3.297227954e-15
 4842 1.607129748e-13 3.292426832e-15
 4843 1.604927697e-13 3.287632262e-15
 4844 1.602748848e-13 3.282844253e-15
 4845 1.600594117e-13 3.278062811e-15
 4846 1.598464422e-13 3.273287941e-15
 4847 1.596360682e-13 3.268519650e-15
 4848 1.594283817e-13 3.263757944e-15
 4849 1.592234750e-13 3.259002831e-15
 4850 1.590214403e-13 3.254254316e-15
 4851 1.588223703e-13 3.249512406e-15
 4852 1.586263576e-13 3.244777108e-15
 4853 1.584334949e-13 3.240048427e-15
 4854 1.582438752e-13 3.235326369e-15
 4855 1.580575916e-13 3.230610943e-15
 4856 1.578747158e-13 3.225902157e-15
 4857 1.576952329e-13 3.221200038e-15
 4858 1.575191067e-13 3.216504617e-15
 4859 1.573463006e-13 3.211815925e-15
 4860 1.571767782e-13 3.207133991e-15
 4861 1.570105028e-13 3.202458847e-15
 4862 1.568474379e-13 3.197790524e-15
 4863 1.566875466e-13 3.193129051e-15
 4864 1.565307923e-13 3.188474460e-15
 4865 1.563771381e-13 3.183826782e-15
 4866 1.562265470e-13 3.179186048e-15
 4867 1.560789821e-13 3.174552287e-15
 4868 1.559344064e-13 3.169925532e-15
 4869 1.557927827e-13 3.165305812e-15
 4870 1.556540739e-13 3.160693160e-15
 4871 1.555182427e-13 3.156087606e-15
 4872 1.553852519e-13 3.151489181e-15
 4873 1.552550640e-13 3.146897916e-15
 4874 1.551276416e-13 3.142313843e-15
 4875 1.550029473e-13 3.137736991e-15
 4876 1.548809434e-13 3.133167394e-15
 4877 1.547615923e-13 3.128605081e-15
 4878 1.546448564e-13 3.124050084e-15
 4879 1.545306978e-13 3.119502435e-15
 4880 1.544190787e-13 3.114962164e-15
 4881 1.543099612e-13 3.110429303e-15
 4882 1.542033075e-13 3.105903884e-15
 4883 1.540990793e-13 3.101385937e-15
 4884 1.539972387e-13 3.096875495e-15
 4885 1.538977475e-13 3.092372589e-15
 4886 1.538005674e-13 3.087877250e-15
 4887 1.537056602e-13 3.083389510e-15
 4888 1.536129874e-13 3.078909400e-15
 4889 1.535225108e-13 3.074436953e-15
 4890 1.534341917e-13 3.069972200e-15
 4891 1.533479916e-13 3.065515172e-15
 4892 1.532638719e-13 3.061065901e-15
 4893 1.531817939e-13 3.056624420e-15
 4894 1.531017188e-13 3.052190760e-15
 4895 1.530235969e-13 3.047764951e-15
 4896 1.529473345e-13 3.043347018e-15
 4897 1.528728267e-13 3.038936986e-15
 4898 1.527999685e-13 3.034534878e-15
 4899 1.527286547e-13 3.030140718e-15
 4900 1.526587801e-13 3.025754529e-15
 4901 1.525902392e-13 3.021376336e-15
 4902 1.525229261e-13 3.017006162e-15
 4903 1.524567350e-13 3.012644031e-15
 4904 1.523915600e-13 3.008289968e-15
 4905 1.523272947e-13 3.003943995e-15
 4906 1.522638328e-13 2.999606138e-15
 4907 1.522010677e-13 2.995276419e-15
 4908 1.521388927e-13 2.990954864e-15
 4909 1.520772009e-13 2.986641495e-15
 4910 1.520158851e-13 2.982336337e-15
 4911 1.519548381e-13 2.978039415e-15
 4912 1.518939525e-13 2.973750751e-15
 4913 1.518331206e-13 2.969470371e-15
 4914 1.517722347e-13 2.965198298e-15
 4915 1.517111867e-13 2.960934557e-15
 4916 1.516498686e-13 2.956679171e-15
 4917 1.515881719e-13 2.952432166e-15
 4918 1.515259883e-13 2.948193564e-15
 4919 1.514632090e-13 2.943963391e-15
 4920 1.513997251e-13 2.939741670e-15
 4921 1.513354278e-13 2.935528427e-15
 4922 1.512702076e-13 2.931323684e-15
 4923 1.512039554e-13 2.927127467e-15
 4924 1.511365615e-13 2.922939800e-15
 4925 1.510679161e-13 2.918760708e-15
 4926 1.509979095e-13 2.914590214e-15
 4927 1.509264314e-13 2.910428343e-15
 4928 1.508533717e-13 2.906275120e-15
 4929 1.507786199e-13 2.902130569e-15
 4930 1.507020653e-13 2.897994714e-15
 4931 1.506235973e-13 2.893867581e-15
 4932 1.505431047e-13 2.889749193e-15
 4933 1.504604765e-13 2.885639575e-15
 4934 1.503756191e-13 2.881538749e-15
 4935 1.502885095e-13 2.877446720e-15
 4936 1.501991424e-13 2.873363491e-15
 4937 1.501075127e-13 2.869289065e-15
 4938 1.500136150e-13 2.865223446e-15
 4939 1.499174441e-13 2.861166634e-15
 4940 1.498189947e-13 2.857118634e-15
 4941 1.497182615e-13 2.853079449e-15
 4942 1.496152393e-13 2.849049079e-15
 4943 1.495099228e-13 2.845027530e-15
 4944 1.494023066e-13 2.841014802e-15
 4945 1.492923855e-13 2.837010899e-15
 4946 1.491801542e-13 2.833015823e-15
 4947 1.490656073e-13 2.829029578e-15
 4948 1.489487396e-13 2.825052165e-15
 4949 1.488295458e-13 2.821083587e-15
 4950 1.487080204e-13 2.817123847e-15
 4951 1.485841583e-13 2.813172948e-15
 4952 1.484579539e-13 2.809230891e-15
 4953 1.483294021e-13 2.805297681e-15
 4954 1.481984974e-13 2.801373318e-15
 4955 1.480652346e-13 2.797457806e-15
 4956 1.479296082e-13 2.793551147e-15
 4957 1.477916129e-13 2.789653344e-15
 4958 1.476512433e-13 2.785764399e-15
 4959 1.475084941e-13 2.781884314e-15
 4960 1.473633598e-13 2.778013093e-15
 4961 1.472158352e-13 2.774150737e-15
 4962 1.470659147e-13 2.770297250e-15
 4963 1.469135931e-13 2.766452633e-15
 4964 1.467588649e-13 2.762616889e-15
 4965 1.466017247e-13 2.758790020e-15
 4966 1.464421671e-13 2.754972029e-15
 4967 1.462801866e-13 2.751162918e-15
 4968 1.461157780e-13 2.747362690e-15
 4969 1.459489357e-13 2.743571346e-15
 4970 1.457796543e-13 2.739788889e-15
 4971 1.456079283e-13 2.736015323e-15
 4972 1.454337525e-13 2.732250648e-15
 4973 1.452571391e-13 2.728494863e-15
 4974 1.450781728e-13 2.724747956e-15
 4975 1.448969561e-13 2.721009909e-15
 4976 1.447135917e-13 2.717280703e-15
 4977 1.445281825e-13 2.713560323e-15
 4978 1.443408317e-13 2.709848750e-15
 4979 1.441516425e-13 2.706145968e-15
 4980 1.439607183e-13 2.702451958e-15
 4981 1.437681627e-13 2.698766703e-15
 4982 1.435740794e-13 2.695090186e-15
 4983 1.433785725e-13 2.691422389e-15
 4984 1.431817459e-13 2.687763294e-15
 4985 1.429837039e-13 2.684112883e-15
 4986 1.427845510e-13 2.680471140e-15
 4987 1.425843919e-13 2.676838045e-15
 4988 1.423833311e-13 2.673213581e-15
 4989 1.421814738e-13 2.669597731e-15
 4990 1.419789249e-13 2.665990476e-15
 4991 1.417757899e-13 2.662391798e-15
 4992 1.415721741e-13 2.658801680e-15
 4993 1.413681831e-13 2.655220103e-15
 4994 1.411639228e-13 2.651647049e-15
 4995 1.409594991e-13 2.648082500e-15
 4996 1.407550181e-13 2.644526437e-15
 4997 1.405505862e-13 2.640978844e-15
 4998 1.403463097e-13 2.637439700e-15
 4999 1.401422954e-13 2.633908989e-15
 5000 1.399386500e-13 2.630386690e-15
 5001 1.397354806e-13 2.626872787e-15
 5002 1.395328942e-13 2.623367261e-15
 5003 1.393309983e-13 2.619870093e-15
 5004 1.391299002e-13 2.616381264e-15
 5005 1.389297077e-13 2.612900756e-15
 5006 1.387305286e-13 2.609428551e-15
 5007 1.385324709e-13 2.605964629e-15
 5008 1.383356427e-13 2.602508972e-15
 5009 1.381401524e-13 2.599061561e-15
 5010 1.379461086e-13 2.595622377e-15
 5011 1.377536199e-13 2.592191402e-15
 5012 1.375627842e-13 2.588768614e-15
 5013 1.373736563e-13 2.585353986e-15
 5014 1.371862799e-13 2.581947488e-15
 5015 1.370006989e-13 2.578549089e-15
 5016 1.368169571e-13 2.575158759e-15
 5017 1.366350987e-13 2.571776469e-15
 5018 1.364551678e-13 2.568402188e-15
 5019 1.362772083e-13 2.565035886e-15
 5020 1.361012646e-13 2.561677533e-15
 5021 1.359273809e-13 2.558327097e-15
 5022 1.357556016e-13 2.554984550e-15
 5023 1.355859711e-13 2.551649859e-15
 5024 1.354185338e-13 2.548322995e-15
 5025 1.352533344e-13 2.545003927e-15
 5026 1.350904174e-13 2.541692624e-15
 5027 1.349298274e-13 2.538389056e-15
 5028 1.347716094e-13 2.535093191e-15
 5029 1.346158080e-13 2.531804999e-15
 5030 1.344624681e-13 2.528524449e-15
 5031 1.343116348e-13 2.525251510e-15
 5032 1.341633530e-13 2.521986150e-15
 5033 1.340176678e-13 2.518728338e-15
 5034 1.338746244e-13 2.515478044e-15
 5035 1.337342680e-13 2.512235236e-15
 5036 1.335966439e-13 2.508999883e-15
 5037 1.334617975e-13 2.505771953e-15
 5038 1.333297741e-13 2.502551414e-15
 5039 1.332006193e-13 2.499338236e-15
 5040 1.330743787e-13 2.496132386e-15
 5041 1.329510978e-13 2.492933834e-15
 5042 1.328308225e-13 2.489742547e-15
 5043 1.327135983e-13 2.486558493e-15
 5044 1.325994713e-13 2.483381641e-15
 5045 1.324884872e-13 2.480211959e-15
 5046 1.323806921e-13 2.477049414e-15
 5047 1.322761321e-13 2.473893975e-15
 5048 1.321748531e-13 2.470745610e-15
 5049 1.320769014e-13 2.467604286e-15
 5050 1.319823233e-13 2.464469971e-15
 5051 1.318911428e-13 2.461342633e-15
 5052 1.318032949e-13 2.458222240e-15
 5053 1.317186922e-13 2.455108757e-15
 5054 1.316372472e-13 2.452002151e-15
 5055 1.315588722e-13 2.448902391e-15
 5056 1.314834795e-13 2.445809442e-15
 5057 1.314109810e-13 2.442723271e-15
 5058 1.313412887e-13 2.439643845e-15
 5059 1.312743143e-13 2.436571130e-15
 5060 1.312099694e-13 2.433505093e-15
 5061 1.311481655e-13 2.430445701e-15
 5062 1.310888139e-13 2.427392919e-15
 5063 1.310318259e-13 2.424346714e-15
 5064 1.309771124e-13 2.421307052e-15
 5065 1.309245844e-13 2.418273900e-15
 5066 1.308741525e-13 2.415247224e-15
 5067 1.308257275e-13 2.412226989e-15
 5068 1.307792197e-13 2.409213162e-15
 5069 1.307345395e-13 2.406205709e-15
 5070 1.306915971e-13 2.403204594e-15
 5071 1.306503024e-13 2.400209786e-15
 5072 1.306105654e-13 2.397221248e-15
 5073 1.305722959e-13 2.394238946e-15
 5074 1.305354033e-13 2.391262847e-15
 5075 1.304997972e-13 2.388292916e-15
 5076 1.304653869e-13 2.385329118e-15
 5077 1.304320815e-13 2.382371418e-15
 5078 1.303997901e-13 2.379419783e-15
 5079 1.303684214e-13 2.376474177e-15
 5080 1.303378844e-13 2.373534565e-15
 5081 1.303080874e-13 2.370600913e-15
 5082 1.302789390e-13 2.367673185e-15
 5083 1.302503475e-13 2.364751347e-15
 5084 1.302222210e-13 2.361835364e-15
 5085 1.301944675e-13 2.358925200e-15
 5086 1.301669949e-13 2.356020821e-15
 5087 1.301397108e-13 2.353122191e-15
 5088 1.301125229e-13 2.350229274e-15
 5089 1.300853386e-13 2.347342036e-15
 5090 1.300580675e-13 2.344460442e-15
 5091 1.300306291e-13 2.341584466e-15
 5092 1.300029451e-13 2.338714083e-15
 5093 1.299749371e-13 2.335849269e-15
 5094 1.299465265e-13 2.332989997e-15
 5095 1.299176348e-13 2.330136243e-15
 5096 1.298881832e-13 2.327287981e-15
 5097 1.298580926e-13 2.324445187e-15
 5098 1.298272842e-13 2.321607835e-15
 5099 1.297956789e-13 2.318775900e-15
 5100 1.297631972e-13 2.315949357e-15
 5101 1.297297599e-13 2.313128179e-15
 5102 1.296952874e-13 2.310312342e-15
 5103 1.296597001e-13 2.307501820e-15
 5104 1.296229182e-13 2.304696588e-15
 5105 1.295848619e-13 2.301896620e-15
 5106 1.295454512e-13 2.299101890e-15
 5107 1.295046059e-13 2.296312372e-15
 5108 1.294622457e-13 2.293528041e-15
 5109 1.294182904e-13 2.290748871e-15
 5110 1.293726593e-13 2.287974836e-15
 5111 1.293252719e-13 2.285205910e-15
 5112 1.292760474e-13 2.282442068e-15
 5113 1.292249050e-13 2.279683283e-15
 5114 1.291717637e-13 2.276929528e-15
 5115 1.291165423e-13 2.274180779e-15
 5116 1.290591596e-13 2.271437009e-15
 5117 1.289995342e-13 2.268698191e-15
 5118 1.289375846e-13 2.265964300e-15
 5119 1.288732293e-13 2.263235309e-15
 5120 1.288063864e-13 2.260511191e-15
 5121 1.287369741e-13 2.257791921e-15
 5122 1.286649105e-13 2.255077472e-15
 5123 1.285901134e-13 2.252367816e-15
 5124 1.285125005e-13 2.249662929e-15
 5125 1.284319895e-13 2.246962783e-15
 5126 1.283484979e-13 2.244267351e-15
 5127 1.282619432e-13 2.241576607e-15
 5128 1.281722425e-13 2.238890524e-15
 5129 1.280793364e-13 2.236209077e-15
 5130 1.279832590e-13 2.233532255e-15
 5131 1.278840681e-13 2.230860045e-15
 5132 1.277818213e-13 2.228192437e-15
 5133 1.276765766e-13 2.225529420e-15
 5134 1.275683917e-13 2.222870984e-15
 5135 1.274573248e-13 2.220217117e-15
 5136 1.273434339e-13 2.217567810e-15
 5137 1.272267773e-13 2.214923050e-15
 5138 1.271074133e-13 2.212282828e-15
 5139 1.269854002e-13 2.209647132e-15
 5140 1.268607967e-13 2.207015951e-15
 5141 1.267336611e-13 2.204389275e-15
 5142 1.266040524e-13 2.201767092e-15
 5143 1.264720291e-13 2.199149391e-15
 5144 1.263376503e-13 2.196536162e-15
 5145 1.262009748e-13 2.193927393e-15
 5146 1.260620618e-13 2.191323074e-15
 5147 1.259209703e-13 2.188723192e-15
 5148 1.257777597e-13 2.186127737e-15
 5149 1.256324893e-13 2.183536699e-15
 5150 1.254852185e-13 2.180950065e-15
 5151 1.253360069e-13 2.178367824e-15
 5152 1.251849141e-13 2.175789965e-15
 5153 1.250319998e-13 2.173216478e-15
 5154 1.248773238e-13 2.170647350e-15
 5155 1.247209462e-13 2.168082570e-15
 5156 1.245629268e-13 2.165522128e-15
 5157 1.244033259e-13 2.162966011e-15
 5158 1.242422035e-13 2.160414208e-15
 5159 1.240796200e-13 2.157866709e-15
 5160 1.239156359e-13 2.155323500e-15
 5161 1.237503115e-13 2.152784572e-15
 5162 1.235837075e-13 2.150249912e-15
 5163 1.234158845e-13 2.147719509e-15
 5164 1.232469034e-13 2.145193351e-15
 5165 1.230768250e-13 2.142671427e-15
 5166 1.229057103e-13 2.140153725e-15
 5167 1.227336203e-13 2.137640234e-15
 5168 1.225606227e-13 2.135130944e-15
 5169 1.223868114e-13 2.132625852e-15
 5170 1.222122869e-13 2.130124956e-15
 5171 1.220371500e-13 2.127628257e-15
 5172 1.218615015e-13 2.125135753e-15
 5173 1.216854423e-13 2.122647443e-15
 5174 1.215090738e-13 2.120163326e-15
 5175 1.213324971e-13 2.117683401e-15
 5176 1.211558138e-13 2.115207667e-15
 5177 1.209791255e-13 2.112736123e-15
 5178 1.208025341e-13 2.110268768e-15
 5179 1.206261414e-13 2.107805601e-15
 5180 1.204500496e-13 2.105346620e-15
 5181 1.202743610e-13 2.102891826e-15
 5182 1.200991779e-13 2.100441216e-15
 5183 1.199246030e-13 2.097994789e-15
 5184 1.197507390e-13 2.095552546e-15
 5185 1.195776889e-13 2.093114483e-15
 5186 1.194055555e-13 2.090680601e-15
 5187 1.192344423e-13 2.088250898e-15
 5188 1.190644525e-13 2.085825373e-15
 5189 1.188956897e-13 2.083404025e-15
 5190 1.187282575e-13 2.080986852e-15
 5191 1.185622599e-13 2.078573854e-15
 5192 1.183978007e-13 2.076165030e-15
 5193 1.182349843e-13 2.073760377e-15
 5194 1.180739148e-13 2.071359896e-15
 5195 1.179146968e-13 2.068963584e-15
 5196 1.177574350e-13 2.066571441e-15
 5197 1.176022340e-13 2.064183465e-15
 5198 1.174491989e-13 2.061799656e-15
 5199 1.172984348e-13 2.059420011e-15
 5200 1.171500470e-13 2.057044530e-15
 5201 1.170041408e-13 2.054673211e-15
 5202 1.168608219e-13 2.052306053e-15
 5203 1.167201960e-13 2.049943056e-15
 5204 1.165823690e-13 2.047584216e-15
 5205 1.164474471e-13 2.045229534e-15
 5206 1.163155363e-13 2.042879008e-15
 5207 1.161867221e-13 2.040532637e-15
 5208 1.160610053e-13 2.038190417e-15
 5209 1.159383658e-13 2.035852346e-15
 5210 1.158187834e-13 2.033518423e-15
 5211 1.157022378e-13 2.031188643e-15
 5212 1.155887087e-13 2.028863004e-15
 5213 1.154781760e-13 2.026541504e-15
 5214 1.153706191e-13 2.024224140e-15
 5215 1.152660178e-13 2.021910909e-15
 5216 1.151643515e-13 2.019601808e-15
 5217 1.150655999e-13 2.017296834e-15
 5218 1.149697425e-13 2.014995986e-15
 5219 1.148767587e-13 2.012699259e-15
 5220 1.147866280e-13 2.010406651e-15
 5221 1.146993298e-13 2.008118160e-15
 5222 1.146148435e-13 2.005833783e-15
 5223 1.145331484e-13 2.003553516e-15
 5224 1.144542237e-13 2.001277357e-15
 5225 1.143780489e-13 1.999005304e-15
 5226 1.143046030e-13 1.996737352e-15
 5227 1.142338653e-13 1.994473500e-15
 5228 1.141658149e-13 1.992213744e-15
 5229 1.141004310e-13 1.989958082e-15
 5230 1.140376927e-13 1.987706510e-15
 5231 1.139775790e-13 1.985459026e-15
 5232 1.139200688e-13 1.983215627e-15
 5233 1.138651413e-13 1.980976309e-15
 5234 1.138127754e-13 1.978741071e-15
 5235 1.137629499e-13 1.976509908e-15
 5236 1.137156437e-13 1.974282818e-15
 5237 1.136708357e-13 1.972059799e-15
 5238 1.136285046e-13 1.969840846e-15
 5239 1.135886293e-13 1.967625957e-15
 5240 1.135511885e-13 1.965415128e-15
 5241 1.135161608e-13 1.963208358e-15
 5242 1.134835249e-13 1.961005642e-15
 5243 1.134532595e-13 1.958806979e-15
 5244 1.134253431e-13 1.956612363e-15
 5245 1.133997543e-13 1.954421794e-15
 5246 1.133764569e-13 1.952235265e-15
 5247 1.133553562e-13 1.950052769e-15
 5248 1.133363426e-13 1.947874295e-15
 5249 1.133193063e-13 1.945699833e-15
 5250 1.133041375e-13 1.943529372e-15
 5251 1.132907259e-13 1.941362903e-15
 5252 1.132789614e-13 1.939200415e-15
 5253 1.132687335e-13 1.937041897e-15
 5254 1.132599316e-13 1.934887340e-15
 5255 1.132524449e-13 1.932736732e-15
 5256 1.132461625e-13 1.930590065e-15
 5257 1.132409732e-13 1.928447326e-15
 5258 1.132367658e-13 1.926308507e-15
 5259 1.132334289e-13 1.924173595e-15
 5260 1.132308507e-13 1.922042582e-15
 5261 1.132289195e-13 1.919915455e-15
 5262 1.132275233e-13 1.917792206e-15
 5263 1.132265499e-13 1.915672823e-15
 5264 1.132258872e-13 1.913557295e-15
 5265 1.132254224e-13 1.911445613e-15
 5266 1.132250431e-13 1.909337765e-15
 5267 1.132246364e-13 1.907233741e-15
 5268 1.132240892e-13 1.905133530e-15
 5269 1.132232885e-13 1.903037122e-15
 5270 1.132221208e-13 1.900944505e-15
 5271 1.132204726e-13 1.898855670e-15
 5272 1.132182304e-13 1.896770605e-15
 5273 1.132152801e-13 1.894689299e-15
 5274 1.132115078e-13 1.892611742e-15
 5275 1.132067992e-13 1.890537923e-15
 5276 1.132010401e-13 1.888467831e-15
 5277 1.131941158e-13 1.886401456e-15
 5278 1.131859116e-13 1.884338786e-15
 5279 1.131763127e-13 1.882279810e-15
 5280 1.131652039e-13 1.880224517e-15
 5281 1.131524701e-13 1.878172898e-15
 5282 1.131379958e-13 1.876124939e-15
 5283 1.131216655e-13 1.874080632e-15
 5284 1.131033633e-13 1.872039963e-15
 5285 1.130829891e-13 1.870002923e-15
 5286 1.130605054e-13 1.867969499e-15
 5287 1.130358904e-13 1.865939677e-15
 5288 1.130091222e-13 1.863913445e-15
 5289 1.129801791e-13 1.861890790e-15
 5290 1.129490390e-13 1.859871699e-15
 5291 1.129156801e-13 1.857856159e-15
 5292 1.128800804e-13 1.855844156e-15
 5293 1.128422179e-13 1.853835678e-15
 5294 1.128020707e-13 1.851830712e-15
 5295 1.127596166e-13 1.849829244e-15
 5296 1.127148335e-13 1.847831262e-15
 5297 1.126676995e-13 1.845836752e-15
 5298 1.126181922e-13 1.843845701e-15
 5299 1.125662897e-13 1.841858096e-15
 5300 1.125119696e-13 1.839873923e-15
 5301 1.124552097e-13 1.837893170e-15
 5302 1.123959878e-13 1.835915823e-15
 5303 1.123342816e-13 1.833941869e-15
 5304 1.122700687e-13 1.831971294e-15
 5305 1.122033269e-13 1.830004085e-15
 5306 1.121340336e-13 1.828040229e-15
 5307 1.120621666e-13 1.826079712e-15
 5308 1.119877033e-13 1.824122521e-15
 5309 1.119106213e-13 1.822168642e-15
 5310 1.118308981e-13 1.820218062e-15
 5311 1.117485112e-13 1.818270767e-15
 5312 1.116634379e-13 1.816326744e-15
 5313 1.115756557e-13 1.814385979e-15
 5314 1.114851419e-13 1.812448459e-15
 5315 1.113918739e-13 1.810514169e-15
 5316 1.112958291e-13 1.808583097e-15
 5317 1.111969846e-13 1.806655229e-15
 5318 1.110953178e-13 1.804730550e-15
 5319 1.109908058e-13 1.802809047e-15
 5320 1.108834258e-13 1.800890707e-15
 5321 1.107731550e-13 1.798975516e-15
 5322 1.106599706e-13 1.797063459e-15
 5323 1.105438495e-13 1.795154523e-15
 5324 1.104247898e-13 1.793248696e-15
 5325 1.103028726e-13 1.791345966e-15
 5326 1.101782002e-13 1.789446327e-15
 5327 1.100508748e-13 1.787549770e-15
 5328 1.099209990e-13 1.785656285e-15
 5329 1.097886755e-13 1.783765864e-15
 5330 1.096540072e-13 1.781878500e-15
 5331 1.095170969e-13 1.779994182e-15
 5332 1.093780478e-13 1.778112903e-15
 5333 1.092369633e-13 1.776234654e-15
 5334 1.090939467e-13 1.774359426e-15
 5335 1.089491018e-13 1.772487210e-15
 5336 1.088025322e-13 1.770617998e-15
 5337 1.086543419e-13 1.768751781e-15
 5338 1.085046351e-13 1.766888550e-15
 5339 1.083535158e-13 1.765028296e-15
 5340 1.082010887e-13 1.763171012e-15
 5341 1.080474581e-13 1.761316687e-15
 5342 1.078927288e-13 1.759465313e-15
 5343 1.077370058e-13 1.757616881e-15
 5344 1.075803940e-13 1.755771383e-15
 5345 1.074229986e-13 1.753928809e-15
 5346 1.072649251e-13 1.752089151e-15
 5347 1.071062788e-13 1.750252399e-15
 5348 1.069471656e-13 1.748418545e-15
 5349 1.067876911e-13 1.746587580e-15
 5350 1.066279614e-13 1.744759494e-15
 5351 1.064680827e-13 1.742934280e-15
 5352 1.063081612e-13 1.741111927e-15
 5353 1.061483035e-13 1.739292427e-15
 5354 1.059886160e-13 1.737475770e-15
 5355 1.058292057e-13 1.735661948e-15
 5356 1.056701795e-13 1.733850952e-15
 5357 1.055116444e-13 1.732042772e-15
 5358 1.053537078e-13 1.730237399e-15
 5359 1.051964770e-13 1.728434825e-15
 5360 1.050400597e-13 1.726635040e-15
 5361 1.048845635e-13 1.724838034e-15
 5362 1.047300964e-13 1.723043799e-15
 5363 1.045767585e-13 1.721252327e-15
 5364 1.044246188e-13 1.719463612e-15
 5365 1.042737382e-13 1.717677651e-15
 5366 1.041241780e-13 1.715894442e-15
 5367 1.039759993e-13 1.714113979e-15
 5368 1.038292635e-13 1.712336259e-15
 5369 1.036840321e-13 1.710561280e-15
 5370 1.035403666e-13 1.708789036e-15
 5371 1.033983285e-13 1.707019525e-15
 5372 1.032579795e-13 1.705252743e-15
 5373 1.031193815e-13 1.703488686e-15
 5374 1.029825963e-13 1.701727350e-15
 5375 1.028476860e-13 1.699968732e-15
 5376 1.027147124e-13 1.698212827e-15
 5377 1.025837378e-13 1.696459633e-15
 5378 1.024548245e-13 1.694709146e-15
 5379 1.023280347e-13 1.692961361e-15
 5380 1.022034308e-13 1.691216276e-15
 5381 1.020810755e-13 1.689473885e-15
 5382 1.019610311e-13 1.687734187e-15
 5383 1.018433606e-13 1.685997176e-15
 5384 1.017281265e-13 1.684262848e-15
 5385 1.016153918e-13 1.682531201e-15
 5386 1.015052195e-13 1.680802230e-15
 5387 1.013976725e-13 1.679075932e-15
 5388 1.012928141e-13 1.677352302e-15
 5389 1.011907074e-13 1.675631338e-15
 5390 1.010914158e-13 1.673913034e-15
 5391 1.009950027e-13 1.672197387e-15
 5392 1.009015315e-13 1.670484393e-15
 5393 1.008110660e-13 1.668774049e-15
 5394 1.007236696e-13 1.667066350e-15
 5395 1.006394063e-13 1.665361292e-15
 5396 1.005583398e-13 1.663658872e-15
 5397 1.004805342e-13 1.661959086e-15
 5398 1.004060534e-13 1.660261930e-15
 5399 1.003349616e-13 1.658567399e-15
 5400 1.002673231e-13 1.656875490e-15
 5401 1.002032021e-13 1.655186199e-15
 5402 1.001426390e-13 1.653499522e-15
 5403 1.000855780e-13 1.651815456e-15
 5404 1.000319390e-13 1.650133997e-15
 5405 9.998164206e-14 1.648455144e-15
 5406 9.993460684e-14 1.646778893e-15
 5407 9.989075302e-14 1.645105241e-15
 5408 9.985000013e-14 1.643434185e-15
 5409 9.981226756e-14 1.641765723e-15
 5410 9.977747460e-14 1.640099850e-15
 5411 9.974554039e-14 1.638436564e-15
 5412 9.971638398e-14 1.636775863e-15
 5413 9.968992428e-14 1.635117743e-15
 5414 9.966608006e-14 1.633462200e-15
 5415 9.964477000e-14 1.631809233e-15
 5416 9.962591263e-14 1.630158838e-15
 5417 9.960942637e-14 1.628511011e-15
 5418 9.959522951e-14 1.626865750e-15
 5419 9.958324022e-14 1.625223052e-15
 5420 9.957337654e-14 1.623582914e-15
 5421 9.956555641e-14 1.621945332e-15
 5422 9.955969760e-14 1.620310304e-15
 5423 9.955571781e-14 1.618677826e-15
 5424 9.955353458e-14 1.617047895e-15
 5425 9.955306533e-14 1.615420508e-15
 5426 9.955422737e-14 1.613795662e-15
 5427 9.955693788e-14 1.612173354e-15
 5428 9.956111391e-14 1.610553580e-15
 5429 9.956667239e-14 1.608936338e-15
 5430 9.957353012e-14 1.607321624e-15
 5431 9.958160379e-14 1.605709436e-15
 5432 9.959080996e-14 1.604099769e-15
 5433 9.960106506e-14 1.602492621e-15
 5434 9.961228540e-14 1.600887988e-15
 5435 9.962438715e-14 1.599285867e-15
 5436 9.963728638e-14 1.597686256e-15
 5437 9.965089903e-14 1.596089150e-15
 5438 9.966514091e-14 1.594494547e-15
 5439 9.967992769e-14 1.592902443e-15
 5440 9.969517495e-14 1.591312835e-15
 5441 9.971079681e-14 1.589725720e-15
 5442 9.972670206e-14 1.588141094e-15
 5443 9.974279808e-14 1.586558952e-15
 5444 9.975899207e-14 1.584979292e-15
 5445 9.977519112e-14 1.583402109e-15
 5446 9.979130217e-14 1.581827399e-15
 5447 9.980723205e-14 1.580255158e-15
 5448 9.982288742e-14 1.578685383e-15
 5449 9.983817481e-14 1.577118069e-15
 5450 9.985300063e-14 1.575553213e-15
 5451 9.986727115e-14 1.573990810e-15
 5452 9.988089248e-14 1.572430857e-15
 5453 9.989377062e-14 1.570873350e-15
 5454 9.990581141e-14 1.569318284e-15
 5455 9.991692058e-14 1.567765656e-15
 5456 9.992700370e-14 1.566215461e-15
 5457 9.993596621e-14 1.564667696e-15
 5458 9.994371342e-14 1.563122357e-15
 5459 9.995015048e-14 1.561579439e-15
 5460 9.995518242e-14 1.560038938e-15
 5461 9.995871414e-14 1.558500851e-15
 5462 9.996065039e-14 1.556965173e-15
 5463 9.996089579e-14 1.555431901e-15
 5464 9.995935480e-14 1.553901030e-15
 5465 9.995593177e-14 1.552372555e-15
 5466 9.995053090e-14 1.550846474e-15
 5467 9.994305626e-14 1.549322782e-15
 5468 9.993341176e-14 1.547801474e-15
 5469 9.992150121e-14 1.546282547e-15
 5470 9.990722823e-14 1.544765996e-15
 5471 9.989049635e-14 1.543251817e-15
 5472 9.987120894e-14 1.541740007e-15
 5473 9.984926923e-14 1.540230560e-15
 5474 9.982458033e-14 1.538723473e-15
 5475 9.979704517e-14 1.537218742e-15
 5476 9.976656659e-14 1.535716362e-15
 5477 9.973304727e-14 1.534216329e-15
 5478 9.969638974e-14 1.532718639e-15
 5479 9.965649642e-14 1.531223287e-15
 5480 9.961329331e-14 1.529730270e-15
 5481 9.956680145e-14 1.528239584e-15
 5482 9.951706565e-14 1.526751225e-15
 5483 9.946413081e-14 1.525265190e-15
 5484 9.940804188e-14 1.523781475e-15
 5485 9.934884392e-14 1.522300077e-15
 5486 9.928658201e-14 1.520820992e-15
 5487 9.922130133e-14 1.519344216e-15
 5488 9.915304713e-14 1.517869746e-15
 5489 9.908186471e-14 1.516397579e-15
 5490 9.900779945e-14 1.514927710e-15
 5491 9.893089682e-14 1.513460137e-15
 5492 9.885120231e-14 1.511994854e-15
 5493 9.876876153e-14 1.510531860e-15
 5494 9.868362014e-14 1.509071150e-15
 5495 9.859582386e-14 1.507612721e-15
 5496 9.850541850e-14 1.506156568e-15
 5497 9.841244992e-14 1.504702689e-15
 5498 9.831696406e-14 1.503251079e-15
 5499 9.821900692e-14 1.501801735e-15
 5500 9.811862460e-14 1.500354653e-15
 5501 9.801586322e-14 1.498909830e-15
 5502 9.791076903e-14 1.497467262e-15
 5503 9.780338829e-14 1.496026944e-15
 5504 9.769376737e-14 1.494588874e-15
 5505 9.758195270e-14 1.493153048e-15
 5506 9.746799077e-14 1.491719461e-15
 5507 9.735192816e-14 1.490288110e-15
 5508 9.723381149e-14 1.488858992e-15
 5509 9.711368749e-14 1.487432102e-15
 5510 9.699160293e-14 1.486007437e-15
 5511 9.686760465e-14 1.484584993e-15
 5512 9.674173958e-14 1.483164766e-15
 5513 9.661405470e-14 1.481746752e-15
 5514 9.648459708e-14 1.480330948e-15
 5515 9.635341385e-14 1.478917349e-15
 5516 9.622055220e-14 1.477505953e-15
 5517 9.608605940e-14 1.476096754e-15
 5518 9.594998280e-14 1.474689749e-15
 5519 9.581238026e-14 1.473284935e-15
 5520 9.567335149e-14 1.471882307e-15
 5521 9.553300682e-14 1.470481860e-15
 5522 9.539145673e-14 1.469083592e-15
 5523 9.524881185e-14 1.467687496e-15
 5524 9.510518301e-14 1.466293571e-15
 5525 9.496068116e-14 1.464901810e-15
 5526 9.481541743e-14 1.463512210e-15
 5527 9.466950312e-14 1.462124767e-15
 5528 9.452304967e-14 1.460739477e-15
 5529 9.437616870e-14 1.459356334e-15
 5530 9.422897199e-14 1.457975336e-15
 5531 9.408157147e-14 1.456596477e-15
 5532 9.393407925e-14 1.455219754e-15
 5533 9.378660758e-14 1.453845161e-15
 5534 9.363926890e-14 1.452472696e-15
 5535 9.349217579e-14 1.451102353e-15
 5536 9.334544100e-14 1.449734128e-15
 5537 9.319917744e-14 1.448368017e-15
 5538 9.305349819e-14 1.447004016e-15
 5539 9.290851649e-14 1.445642120e-15
 5540 9.276434573e-14 1.444282325e-15
 5541 9.262109949e-14 1.442924626e-15
 5542 9.247889148e-14 1.441569019e-15
 5543 9.233783559e-14 1.440215500e-15
 5544 9.219804589e-14 1.438864064e-15
 5545 9.205963658e-14 1.437514707e-15
 5546 9.192272205e-14 1.436167425e-15
 5547 9.178741683e-14 1.434822213e-15
 5548 9.165383563e-14 1.433479066e-15
 5549 9.152209332e-14 1.432137981e-15
 5550 9.139230493e-14 1.430798952e-15
 5551 9.126458566e-14 1.429461976e-15
 5552 9.113905087e-14 1.428127048e-15
 5553 9.101581608e-14 1.426794162e-15
 5554 9.089499698e-14 1.425463316e-15
 5555 9.077670941e-14 1.424134504e-15
 5556 9.066106941e-14 1.422807722e-15
 5557 9.054819313e-14 1.421482965e-15
 5558 9.043817699e-14 1.420160229e-15
 5559 9.033103769e-14 1.418839505e-15
 5560 9.022677201e-14 1.417520786e-15
 5561 9.012537672e-14 1.416204063e-15
 5562 9.002684858e-14 1.414889329e-15
 5563 8.993118434e-14 1.413576576e-15
 5564 8.983838074e-14 1.412265795e-15
 5565 8.974843452e-14 1.410956978e-15
 5566 8.966134241e-14 1.409650117e-15
 5567 8.957710112e-14 1.408345204e-15
 5568 8.949570737e-14 1.407042231e-15
 5569 8.941715785e-14 1.405741189e-15
 5570 8.934144927e-14 1.404442071e-15
 5571 8.926857831e-14 1.403144868e-15
 5572 8.919854165e-14 1.401849572e-15
 5573 8.913133596e-14 1.400556175e-15
 5574 8.906695789e-14 1.399264668e-15
 5575 8.900540412e-14 1.397975044e-15
 5576 8.894667127e-14 1.396687293e-15
 5577 8.889075600e-14 1.395401408e-15
 5578 8.883765492e-14 1.394117380e-15
 5579 8.878736467e-14 1.392835201e-15
 5580 8.873988185e-14 1.391554863e-15
 5581 8.869520307e-14 1.390276357e-15
 5582 8.865332493e-14 1.388999674e-15
 5583 8.861424402e-14 1.387724807e-15
 5584 8.857795691e-14 1.386451748e-15
 5585 8.854446019e-14 1.385180487e-15
 5586 8.851375041e-14 1.383911016e-15
 5587 8.848582413e-14 1.382643326e-15
 5588 8.846067790e-14 1.381377410e-15
 5589 8.843830826e-14 1.380113259e-15
 5590 8.841871174e-14 1.378850864e-15
 5591 8.840188487e-14 1.377590217e-15
 5592 8.838782416e-14 1.376331309e-15
 5593 8.837652612e-14 1.375074132e-15
 5594 8.836798724e-14 1.373818677e-15
 5595 8.836220403e-14 1.372564936e-15
 5596 8.835917295e-14 1.371312899e-15
 5597 8.835887233e-14 1.370062559e-15
 5598 8.836120774e-14 1.368813905e-15
 5599 8.836606645e-14 1.367566926e-15
 5600 8.837333556e-14 1.366321614e-15
 5601 8.838290202e-14 1.365077956e-15
 5602 8.839465260e-14 1.363835943e-15
 5603 8.840847391e-14 1.362595565e-15
 5604 8.842425240e-14 1.361356811e-15
 5605 8.844187434e-14 1.360119670e-15
 5606 8.846122586e-14 1.358884133e-15
 5607 8.848219290e-14 1.357650189e-15
 5608 8.850466126e-14 1.356417828e-15
 5609 8.852851655e-14 1.355187038e-15
 5610 8.855364425e-14 1.353957810e-15
 5611 8.857992963e-14 1.352730133e-15
 5612 8.860725782e-14 1.351503997e-15
 5613 8.863551380e-14 1.350279390e-15
 5614 8.866458236e-14 1.349056303e-15
 5615 8.869434812e-14 1.347834725e-15
 5616 8.872469557e-14 1.346614645e-15
 5617 8.875550899e-14 1.345396053e-15
 5618 8.878667254e-14 1.344178938e-15
 5619 8.881807017e-14 1.342963290e-15
 5620 8.884958569e-14 1.341749097e-15
 5621 8.888110275e-14 1.340536350e-15
 5622 8.891250482e-14 1.339325037e-15
 5623 8.894367520e-14 1.338115147e-15
 5624 8.897449704e-14 1.336906671e-15
 5625 8.900485331e-14 1.335699597e-15
 5626 8.903462684e-14 1.334493914e-15
 5627 8.906370025e-14 1.333289613e-15
 5628 8.909195603e-14 1.332086681e-15
 5629 8.911927649e-14 1.330885108e-15
 5630 8.914554377e-14 1.329684884e-15
 5631 8.917063986e-14 1.328485997e-15
 5632 8.919444657e-14 1.327288436e-15
 5633 8.921684554e-14 1.326092192e-15
 5634 8.923771826e-14 1.324897252e-15
 5635 8.925694603e-14 1.323703606e-15
 5636 8.927442317e-14 1.322511244e-15
 5637 8.929009651e-14 1.321320160e-15
 5638 8.930392598e-14 1.320130350e-15
 5639 8.931587147e-14 1.318941808e-15
 5640 8.932589280e-14 1.317754531e-15
 5641 8.933394974e-14 1.316568513e-15
 5642 8.934000200e-14 1.315383749e-15
 5643 8.934400925e-14 1.314200236e-15
 5644 8.934593109e-14 1.313017967e-15
 5645 8.934572707e-14 1.311836938e-15
 5646 8.934335668e-14 1.310657145e-15
 5647 8.933877937e-14 1.309478583e-15
 5648 8.933195452e-14 1.308301246e-15
 5649 8.932284146e-14 1.307125131e-15
 5650 8.931139947e-14 1.305950232e-15
 5651 8.929758776e-14 1.304776544e-15
 5652 8.928136551e-14 1.303604062e-15
 5653 8.926269181e-14 1.302432782e-15
 5654 8.924152574e-14 1.301262699e-15
 5655 8.921782627e-14 1.300093808e-15
 5656 8.919155237e-14 1.298926104e-15
 5657 8.916266291e-14 1.297759582e-15
 5658 8.913111673e-14 1.296594238e-15
 5659 8.909687262e-14 1.295430066e-15
 5660 8.905988929e-14 1.294267061e-15
 5661 8.902012541e-14 1.293105218e-15
 5662 8.897753959e-14 1.291944534e-15
 5663 8.893209039e-14 1.290785001e-15
 5664 8.888373631e-14 1.289626617e-15
 5665 8.883243580e-14 1.288469375e-15
 5666 8.877814725e-14 1.287313271e-15
 5667 8.872082900e-14 1.286158300e-15
 5668 8.866043931e-14 1.285004457e-15
 5669 8.859693643e-14 1.283851736e-15
 5670 8.853027851e-14 1.282700133e-15
 5671 8.846042367e-14 1.281549643e-15
 5672 8.838732996e-14 1.280400260e-15
 5673 8.831095540e-14 1.279251981e-15
 5674 8.823125792e-14 1.278104798e-15
 5675 8.814821878e-14 1.276958711e-15
 5676 8.806191275e-14 1.275813721e-15
 5677 8.797243808e-14 1.274669836e-15
 5678 8.787989316e-14 1.273527060e-15
 5679 8.778437654e-14 1.272385399e-15
 5680 8.768598690e-14 1.271244859e-15
 5681 8.758482305e-14 1.270105446e-15
 5682 8.748098396e-14 1.268967166e-15
 5683 8.737456875e-14 1.267830023e-15
 5684 8.726567666e-14 1.266694024e-15
 5685 8.715440708e-14 1.265559175e-15
 5686 8.704085955e-14 1.264425480e-15
 5687 8.692513375e-14 1.263292947e-15
 5688 8.680732950e-14 1.262161580e-15
 5689 8.668754676e-14 1.261031386e-15
 5690 8.656588563e-14 1.259902370e-15
 5691 8.644244638e-14 1.258774537e-15
 5692 8.631732938e-14 1.257647895e-15
 5693 8.619063518e-14 1.256522448e-15
 5694 8.606246445e-14 1.255398202e-15
 5695 8.593291801e-14 1.254275162e-15
 5696 8.580209684e-14 1.253153336e-15
 5697 8.567010202e-14 1.252032728e-15
 5698 8.553703482e-14 1.250913345e-15
 5699 8.540299664e-14 1.249795191e-15
 5700 8.526808900e-14 1.248678274e-15
 5701 8.513241359e-14 1.247562598e-15
 5702 8.499607224e-14 1.246448170e-15
 5703 8.485916691e-14 1.245334995e-15
 5704 8.472179971e-14 1.244223079e-15
 5705 8.458407291e-14 1.243112428e-15
 5706 8.444608890e-14 1.242003049e-15
 5707 8.430795022e-14 1.240894946e-15
 5708 8.416975956e-14 1.239788125e-15
 5709 8.403161976e-14 1.238682593e-15
 5710 8.389363379e-14 1.237578355e-15
 5711 8.375590477e-14 1.236475418e-15
 5712 8.361853596e-14 1.235373786e-15
 5713 8.348163077e-14 1.234273467e-15
 5714 8.334528843e-14 1.233174466e-15
 5715 8.320959099e-14 1.232076792e-15
 5716 8.307461628e-14 1.230980457e-15
 5717 8.294044223e-14 1.229885471e-15
 5718 8.280714691e-14 1.228791842e-15
 5719 8.267480846e-14 1.227699582e-15
 5720 8.254350516e-14 1.226608701e-15
 5721 8.241331537e-14 1.225519209e-15
 5722 8.228431758e-14 1.224431116e-15
 5723 8.215659038e-14 1.223344433e-15
 5724 8.203021248e-14 1.222259169e-15
 5725 8.190526266e-14 1.221175335e-15
 5726 8.178181987e-14 1.220092941e-15
 5727 8.165996311e-14 1.219011997e-15
 5728 8.153977152e-14 1.217932514e-15
 5729 8.142132435e-14 1.216854502e-15
 5730 8.130470095e-14 1.215777971e-15
 5731 8.118998077e-14 1.214702932e-15
 5732 8.107724339e-14 1.213629395e-15
 5733 8.096656848e-14 1.212557370e-15
 5734 8.085803583e-14 1.211486868e-15
 5735 8.075172533e-14 1.210417898e-15
 5736 8.064771700e-14 1.209350472e-15
 5737 8.054609094e-14 1.208284600e-15
 5738 8.044692737e-14 1.207220291e-15
 5739 8.035030664e-14 1.206157558e-15
 5740 8.025630918e-14 1.205096409e-15
 5741 8.016501553e-14 1.204036856e-15
 5742 8.007650637e-14 1.202978908e-15
 5743 7.999086246e-14 1.201922577e-15
 5744 7.990816467e-14 1.200867873e-15
 5745 7.982849401e-14 1.199814806e-15
 5746 7.975193156e-14 1.198763387e-15
 5747 7.967855853e-14 1.197713626e-15
 5748 7.960845624e-14 1.196665534e-15
 5749 7.954170611e-14 1.195619121e-15
 5750 7.947838969e-14 1.194574398e-15
 5751 7.941858861e-14 1.193531376e-15
 5752 7.936238464e-14 1.192490064e-15
 5753 7.930983440e-14 1.191450473e-15
 5754 7.926089357e-14 1.190412608e-15
 5755 7.921549253e-14 1.189376470e-15
 5756 7.917356155e-14 1.188342065e-15
 5757 7.913503078e-14 1.187309396e-15
 5758 7.909983030e-14 1.186278465e-15
 5759 7.906789006e-14 1.185249277e-15
 5760 7.903913994e-14 1.184221835e-15
 5761 7.901350968e-14 1.183196143e-15
 5762 7.899092896e-14 1.182172203e-15
 5763 7.897132734e-14 1.181150020e-15
 5764 7.895463426e-14 1.180129598e-15
 5765 7.894077909e-14 1.179110938e-15
 5766 7.892969109e-14 1.178094046e-15
 5767 7.892129941e-14 1.177078924e-15
 5768 7.891553311e-14 1.176065577e-15
 5769 7.891232113e-14 1.175054007e-15
 5770 7.891159233e-14 1.174044218e-15
 5771 7.891327546e-14 1.173036214e-15
 5772 7.891729917e-14 1.172029998e-15
 5773 7.892359200e-14 1.171025573e-15
 5774 7.893208239e-14 1.170022944e-15
 5775 7.894269870e-14 1.169022113e-15
 5776 7.895536917e-14 1.168023085e-15
 5777 7.897002193e-14 1.167025863e-15
 5778 7.898658502e-14 1.166030450e-15
 5779 7.900498638e-14 1.165036849e-15
 5780 7.902515384e-14 1.164045066e-15
 5781 7.904701515e-14 1.163055102e-15
 5782 7.907049792e-14 1.162066961e-15
 5783 7.909552969e-14 1.161080648e-15
 5784 7.912203789e-14 1.160096166e-15
 5785 7.914994983e-14 1.159113517e-15
 5786 7.917919276e-14 1.158132706e-15
 5787 7.920969377e-14 1.157153737e-15
 5788 7.924137990e-14 1.156176612e-15
 5789 7.927417806e-14 1.155201336e-15
 5790 7.930801506e-14 1.154227911e-15
 5791 7.934281763e-14 1.153256343e-15
 5792 7.937850705e-14 1.152286631e-15
 5793 7.941498328e-14 1.151318771e-15
 5794 7.945214084e-14 1.150352755e-15
 5795 7.948987409e-14 1.149388576e-15
 5796 7.952807724e-14 1.148426225e-15
 5797 7.956664436e-14 1.147465696e-15
 5798 7.960546936e-14 1.146506981e-15
 5799 7.964444604e-14 1.145550073e-15
 5800 7.968346800e-14 1.144594963e-15
 5801 7.972242874e-14 1.143641644e-15
 5802 7.976122159e-14 1.142690108e-15
 5803 7.979973973e-14 1.141740349e-15
 5804 7.983787620e-14 1.140792357e-15
 5805 7.987552391e-14 1.139846126e-15
 5806 7.991257558e-14 1.138901648e-15
 5807 7.994892383e-14 1.137958916e-15
 5808 7.998446111e-14 1.137017920e-15
 5809 8.001907971e-14 1.136078655e-15
 5810 8.005267179e-14 1.135141111e-15
 5811 8.008512936e-14 1.134205282e-15
 5812 8.011634429e-14 1.133271160e-15
 5813 8.014620828e-14 1.132338736e-15
 5814 8.017461291e-14 1.131408003e-15
 5815 8.020144959e-14 1.130478953e-15
 5816 8.022660959e-14 1.129551579e-15
 5817 8.024998403e-14 1.128625873e-15
 5818 8.027146389e-14 1.127701826e-15
 5819 8.029093999e-14 1.126779431e-15
 5820 8.030830302e-14 1.125858681e-15
 5821 8.032344350e-14 1.124939566e-15
 5822 8.033625182e-14 1.124022080e-15
 5823 8.034661821e-14 1.123106215e-15
 5824 8.035443275e-14 1.122191961e-15
 5825 8.035958538e-14 1.121279313e-15
 5826 8.036196589e-14 1.120368261e-15
 5827 8.036146393e-14 1.119458798e-15
 5828 8.035796897e-14 1.118550916e-15
 5829 8.035137037e-14 1.117644606e-15
 5830 8.034155732e-14 1.116739862e-15
 5831 8.032844232e-14 1.115836673e-15
 5832 8.031203160e-14 1.114935028e-15
 5833 8.029235488e-14 1.114034913e-15
 5834 8.026944191e-14 1.113136315e-15
 5835 8.024332251e-14 1.112239220e-15
 5836 8.021402652e-14 1.111343616e-15
 5837 8.018158384e-14 1.110449488e-15
 5838 8.014602439e-14 1.109556823e-15
 5839 8.010737817e-14 1.108665609e-15
 5840 8.006567519e-14 1.107775830e-15
 5841 8.002094553e-14 1.106887475e-15
 5842 7.997321931e-14 1.106000529e-15
 5843 7.992252667e-14 1.105114979e-15
 5844 7.986889783e-14 1.104230811e-15
 5845 7.981236304e-14 1.103348011e-15
 5846 7.975295258e-14 1.102466567e-15
 5847 7.969069679e-14 1.101586465e-15
 5848 7.962562605e-14 1.100707690e-15
 5849 7.955777080e-14 1.099830230e-15
 5850 7.948716149e-14 1.098954070e-15
 5851 7.941382865e-14 1.098079197e-15
 5852 7.933780283e-14 1.097205598e-15
 5853 7.925911464e-14 1.096333257e-15
 5854 7.917779472e-14 1.095462163e-15
 5855 7.909387378e-14 1.094592300e-15
 5856 7.900738254e-14 1.093723656e-15
 5857 7.891835179e-14 1.092856215e-15
 5858 7.882681236e-14 1.091989966e-15
 5859 7.873279512e-14 1.091124892e-15
 5860 7.863633099e-14 1.090260982e-15
 5861 7.853745092e-14 1.089398220e-15
 5862 7.843618593e-14 1.088536594e-15
 5863 7.833256706e-14 1.087676088e-15
 5864 7.822662542e-14 1.086816690e-15
 5865 7.811839214e-14 1.085958384e-15
 5866 7.800789840e-14 1.085101157e-15
 5867 7.789517544e-14 1.084244996e-15
 5868 7.778025454e-14 1.083389885e-15
 5869 7.766316701e-14 1.082535811e-15
 5870 7.754395860e-14 1.081682761e-15
 5871 7.742273267e-14 1.080830721e-15
 5872 7.729960709e-14 1.079979680e-15
 5873 7.717469992e-14 1.079129626e-15
 5874 7.704812937e-14 1.078280546e-15
 5875 7.692001381e-14 1.077432429e-15
 5876 7.679047179e-14 1.076585262e-15
 5877 7.665962200e-14 1.075739033e-15
 5878 7.652758330e-14 1.074893730e-15
 5879 7.639447473e-14 1.074049341e-15
 5880 7.626041547e-14 1.073205853e-15
 5881 7.612552487e-14 1.072363255e-15
 5882 7.598992245e-14 1.071521535e-15
 5883 7.585372789e-14 1.070680679e-15
 5884 7.571706103e-14 1.069840675e-15
 5885 7.558004189e-14 1.069001512e-15
 5886 7.544279062e-14 1.068163178e-15
 5887 7.530542756e-14 1.067325659e-15
 5888 7.516807322e-14 1.066488943e-15
 5889 7.503084824e-14 1.065653018e-15
 5890 7.489387346e-14 1.064817872e-15
 5891 7.475726986e-14 1.063983492e-15
 5892 7.462115860e-14 1.063149866e-15
 5893 7.448566099e-14 1.062316981e-15
 5894 7.435089851e-14 1.061484826e-15
 5895 7.421699281e-14 1.060653387e-15
 5896 7.408406570e-14 1.059822651e-15
 5897 7.395223915e-14 1.058992607e-15
 5898 7.382163530e-14 1.058163243e-15
 5899 7.369237646e-14 1.057334544e-15
 5900 7.356458508e-14 1.056506499e-15
 5901 7.343838380e-14 1.055679096e-15
 5902 7.331389541e-14 1.054852321e-15
 5903 7.319124289e-14 1.054026162e-15
 5904 7.307054934e-14 1.053200607e-15
 5905 7.295193807e-14 1.052375643e-15
 5906 7.283553253e-14 1.051551256e-15
 5907 7.272145634e-14 1.050727435e-15
 5908 7.260983328e-14 1.049904166e-15
 5909 7.250076918e-14 1.049081439e-15
 5910 7.239429748e-14 1.048259244e-15
 5911 7.229043351e-14 1.047437574e-15
 5912 7.218919264e-14 1.046616422e-15
 5913 7.209059024e-14 1.045795781e-15
 5914 7.199464171e-14 1.044975642e-15
 5915 7.190136245e-14 1.044156000e-15
 5916 7.181076791e-14 1.043336845e-15
 5917 7.172287352e-14 1.042518172e-15
 5918 7.163769475e-14 1.041699972e-15
 5919 7.155524710e-14 1.040882238e-15
 5920 7.147554606e-14 1.040064963e-15
 5921 7.139860715e-14 1.039248138e-15
 5922 7.132444591e-14 1.038431758e-15
 5923 7.125307791e-14 1.037615813e-15
 5924 7.118451871e-14 1.036800297e-15
 5925 7.111878391e-14 1.035985202e-15
 5926 7.105588912e-14 1.035170521e-15
 5927 7.099584997e-14 1.034356246e-15
 5928 7.093868211e-14 1.033542369e-15
 5929 7.088440120e-14 1.032728883e-15
 5930 7.083302294e-14 1.031915781e-15
 5931 7.078456301e-14 1.031103054e-15
 5932 7.073903715e-14 1.030290696e-15
 5933 7.069646108e-14 1.029478698e-15
 5934 7.065685058e-14 1.028667053e-15
 5935 7.062022141e-14 1.027855754e-15
 5936 7.058658936e-14 1.027044793e-15
 5937 7.055597026e-14 1.026234161e-15
 5938 7.052837992e-14 1.025423852e-15
 5939 7.050383419e-14 1.024613858e-15
 5940 7.048234895e-14 1.023804171e-15
 5941 7.046394008e-14 1.022994783e-15
 5942 7.044862348e-14 1.022185688e-15
 5943 7.043641506e-14 1.021376876e-15
 5944 7.042733078e-14 1.020568340e-15
 5945 7.042138659e-14 1.019760073e-15
 5946 7.041859846e-14 1.018952067e-15
 5947 7.041898238e-14 1.018144314e-15
 5948 7.042253291e-14 1.017336808e-15
 5949 7.042915868e-14 1.016529546e-15
 5950 7.043874671e-14 1.015722529e-15
 5951 7.045118388e-14 1.014915756e-15
 5952 7.046635690e-14 1.014109226e-15
 5953 7.048415234e-14 1.013302939e-15
 5954 7.050445660e-14 1.012496894e-15
 5955 7.052715593e-14 1.011691092e-15
 5956 7.055213643e-14 1.010885531e-15
 5957 7.057928404e-14 1.010080211e-15
 5958 7.060848454e-14 1.009275132e-15
 5959 7.063962356e-14 1.008470293e-15
 5960 7.067258658e-14 1.007665693e-15
 5961 7.070725891e-14 1.006861333e-15
 5962 7.074352572e-14 1.006057211e-15
 5963 7.078127201e-14 1.005253327e-15
 5964 7.082038264e-14 1.004449681e-15
 5965 7.086074230e-14 1.003646272e-15
 5966 7.090223552e-14 1.002843100e-15
 5967 7.094474669e-14 1.002040164e-15
 5968 7.098816003e-14 1.001237464e-15
 5969 7.103235962e-14 1.000434999e-15
 5970 7.107722937e-14 9.996327689e-16
 5971 7.112265304e-14 9.988307728e-16
 5972 7.116851422e-14 9.980290105e-16
 5973 7.121469637e-14 9.972274814e-16
 5974 7.126108277e-14 9.964261849e-16
 5975 7.130755655e-14 9.956251208e-16
 5976 7.135400069e-14 9.948242883e-16
 5977 7.140029800e-14 9.940236870e-16
 5978 7.144633115e-14 9.932233164e-16
 5979 7.149198264e-14 9.924231760e-16
 5980 7.153713482e-14 9.916232653e-16
 5981 7.158166987e-14 9.908235837e-16
 5982 7.162546984e-14 9.900241309e-16
 5983 7.166841660e-14 9.892249061e-16
 5984 7.171039187e-14 9.884259090e-16
 5985 7.175127720e-14 9.876271390e-16
 5986 7.179095401e-14 9.868285955e-16
 5987 7.182931355e-14 9.860302797e-16
 5988 7.186628700e-14 9.852321987e-16
 5989 7.190181544e-14 9.844343611e-16
 5990 7.193583990e-14 9.836367758e-16
 5991 7.196830132e-14 9.828394514e-16
 5992 7.199914057e-14 9.820423967e-16
 5993 7.202829843e-14 9.812456205e-16
 5994 7.205571562e-14 9.804491314e-16
 5995 7.208133275e-14 9.796529384e-16
 5996 7.210509041e-14 9.788570502e-16
 5997 7.212692904e-14 9.780614755e-16
 5998 7.214678907e-14 9.772662233e-16
 5999 7.216461081e-14 9.764713023e-16
 6000 7.218033451e-14 9.756767213e-16
 6001 7.219390033e-14 9.748824892e-16
 6002 7.220524836e-14 9.740886149e-16
 6003 7.221431862e-14 9.732951073e-16
 6004 7.222105104e-14 9.725019751e-16
 6005 7.222538547e-14 9.717092273e-16
 6006 7.222726170e-14 9.709168729e-16
 6007 7.222661943e-14 9.701249206e-16
 6008 7.222339827e-14 9.693333795e-16
 6009 7.221753778e-14 9.685422584e-16
 6010 7.220897742e-14 9.677515663e-16
 6011 7.219765658e-14 9.669613122e-16
 6012 7.218351457e-14 9.661715050e-16
 6013 7.216649063e-14 9.653821537e-16
 6014 7.214652391e-14 9.645932673e-16
 6015 7.212355348e-14 9.638048548e-16
 6016 7.209751835e-14 9.630169252e-16
 6017 7.206835744e-14 9.622294875e-16
 6018 7.203600959e-14 9.614425508e-16
 6019 7.200041356e-14 9.606561241e-16
 6020 7.196150804e-14 9.598702164e-16
 6021 7.191923164e-14 9.590848369e-16
 6022 7.187352289e-14 9.582999945e-16
 6023 7.182432024e-14 9.575156985e-16
 6024 7.177156206e-14 9.567319578e-16
 6025 7.171518665e-14 9.559487817e-16
 6026 7.165515767e-14 9.551661801e-16
 6027 7.159154058e-14 9.543841671e-16
 6028 7.152442639e-14 9.536027577e-16
 6029 7.145390622e-14 9.528219670e-16
 6030 7.138007135e-14 9.520418099e-16
 6031 7.130301316e-14 9.512623016e-16
 6032 7.122282315e-14 9.504834570e-16
 6033 7.113959295e-14 9.497052914e-16
 6034 7.105341433e-14 9.489278198e-16
 6035 7.096437917e-14 9.481510573e-16
 6036 7.087257947e-14 9.473750191e-16
 6037 7.077810736e-14 9.465997205e-16
 6038 7.068105510e-14 9.458251765e-16
 6039 7.058151507e-14 9.450514023e-16
 6040 7.047957978e-14 9.442784133e-16
 6041 7.037534186e-14 9.435062247e-16
 6042 7.026889406e-14 9.427348517e-16
 6043 7.016032927e-14 9.419643096e-16
 6044 7.004974048e-14 9.411946137e-16
 6045 6.993722084e-14 9.404257794e-16
 6046 6.982286359e-14 9.396578220e-16
 6047 6.970676213e-14 9.388907568e-16
 6048 6.958900994e-14 9.381245992e-16
 6049 6.946970068e-14 9.373593648e-16
 6050 6.934892809e-14 9.365950687e-16
 6051 6.922678606e-14 9.358317266e-16
 6052 6.910336859e-14 9.350693538e-16
 6053 6.897876983e-14 9.343079659e-16
 6054 6.885308403e-14 9.335475782e-16
 6055 6.872640557e-14 9.327882065e-16
 6056 6.859882897e-14 9.320298661e-16
 6057 6.847044886e-14 9.312725726e-16
 6058 6.834136000e-14 9.305163417e-16
 6059 6.821165730e-14 9.297611889e-16
 6060 6.808143575e-14 9.290071297e-16
 6061 6.795079049e-14 9.282541800e-16
 6062 6.781981681e-14 9.275023552e-16
 6063 6.768861008e-14 9.267516710e-16
 6064 6.755726583e-14 9.260021432e-16
 6065 6.742587934e-14 9.252537866e-16
 6066 6.729454462e-14 9.245066124e-16
 6067 6.716335544e-14 9.237606310e-16
 6068 6.703240568e-14 9.230158529e-16
 6069 6.690178936e-14 9.222722883e-16
 6070 6.677160063e-14 9.215299478e-16
 6071 6.664193375e-14 9.207888417e-16
 6072 6.651288309e-14 9.200489806e-16
 6073 6.638454318e-14 9.193103748e-16
 6074 6.625700865e-14 9.185730349e-16
 6075 6.613037426e-14 9.178369713e-16
 6076 6.600473488e-14 9.171021945e-16
 6077 6.588018553e-14 9.163687151e-16
 6078 6.575682134e-14 9.156365434e-16
 6079 6.563473755e-14 9.149056902e-16
 6080 6.551402956e-14 9.141761659e-16
 6081 6.539479285e-14 9.134479810e-16
 6082 6.527712307e-14 9.127211462e-16
 6083 6.516111596e-14 9.119956720e-16
 6084 6.504686739e-14 9.112715690e-16
 6085 6.493447337e-14 9.105488478e-16
 6086 6.482403002e-14 9.098275190e-16
 6087 6.471563359e-14 9.091075933e-16
 6088 6.460938046e-14 9.083890813e-16
 6089 6.450536712e-14 9.076719936e-16
 6090 6.440369019e-14 9.069563410e-16
 6091 6.430444642e-14 9.062421340e-16
 6092 6.420773269e-14 9.055293834e-16
 6093 6.411364600e-14 9.048180999e-16
 6094 6.402228345e-14 9.041082942e-16
 6095 6.393374231e-14 9.033999770e-16
 6096 6.384811994e-14 9.026931590e-16
 6097 6.376551384e-14 9.019878511e-16
 6098 6.368602163e-14 9.012840639e-16
 6099 6.360974106e-14 9.005818083e-16
 6100 6.353677000e-14 8.998810950e-16
 6101 6.346720645e-14 8.991819348e-16
 6102 6.340114853e-14 8.984843386e-16
 6103 6.333869449e-14 8.977883172e-16
 6104 6.327991693e-14 8.970938788e-16
 6105 6.322478539e-14 8.964010215e-16
 6106 6.317324359e-14 8.957097410e-16
 6107 6.312523516e-14 8.950200327e-16
 6108 6.308070367e-14 8.943318921e-16
 6109 6.303959259e-14 8.936453148e-16
 6110 6.300184532e-14 8.929602962e-16
 6111 6.296740520e-14 8.922768319e-16
 6112 6.293621546e-14 8.915949174e-16
 6113 6.290821929e-14 8.909145482e-16
 6114 6.288335977e-14 8.902357197e-16
 6115 6.286157992e-14 8.895584273e-16
 6116 6.284282268e-14 8.888826667e-16
 6117 6.282703091e-14 8.882084331e-16
 6118 6.281414740e-14 8.875357222e-16
 6119 6.280411484e-14 8.868645292e-16
 6120 6.279687586e-14 8.861948497e-16
 6121 6.279237303e-14 8.855266790e-16
 6122 6.279054879e-14 8.848600126e-16
 6123 6.279134557e-14 8.841948458e-16
 6124 6.279470566e-14 8.835311742e-16
 6125 6.280057130e-14 8.828689930e-16
 6126 6.280888467e-14 8.822082977e-16
 6127 6.281958783e-14 8.815490837e-16
 6128 6.283262280e-14 8.808913462e-16
 6129 6.284793150e-14 8.802350807e-16
 6130 6.286545578e-14 8.795802825e-16
 6131 6.288513741e-14 8.789269470e-16
 6132 6.290691809e-14 8.782750695e-16
 6133 6.293073942e-14 8.776246453e-16
 6134 6.295654295e-14 8.769756698e-16
 6135 6.298427013e-14 8.763281382e-16
 6136 6.301386235e-14 8.756820459e-16
 6137 6.304526089e-14 8.750373882e-16
 6138 6.307840699e-14 8.743941604e-16
 6139 6.311324180e-14 8.737523577e-16
 6140 6.314970637e-14 8.731119754e-16
 6141 6.318774170e-14 8.724730088e-16
 6142 6.322728870e-14 8.718354531e-16
 6143 6.326827872e-14 8.711993016e-16
 6144 6.331060517e-14 8.705645392e-16
 6145 6.335415180e-14 8.699311489e-16
 6146 6.339880224e-14 8.692991136e-16
 6147 6.344443995e-14 8.686684162e-16
 6148 6.349094826e-14 8.680390394e-16
 6149 6.353821032e-14 8.674109662e-16
 6150 6.358610913e-14 8.667841793e-16
 6151 6.363452757e-14 8.661586615e-16
 6152 6.368334833e-14 8.655343957e-16
 6153 6.373245395e-14 8.649113644e-16
 6154 6.378172685e-14 8.642895505e-16
 6155 6.383104925e-14 8.636689366e-16
 6156 6.388030326e-14 8.630495053e-16
 6157 6.392937081e-14 8.624312394e-16
 6158 6.397813368e-14 8.618141214e-16
 6159 6.402647350e-14 8.611981340e-16
 6160 6.407427176e-14 8.605832596e-16
 6161 6.412140977e-14 8.599694808e-16
 6162 6.416776870e-14 8.593567802e-16
 6163 6.421322958e-14 8.587451403e-16
 6164 6.425767326e-14 8.581345434e-16
 6165 6.430098046e-14 8.575249721e-16
 6166 6.434303172e-14 8.569164088e-16
 6167 6.438370746e-14 8.563088359e-16
 6168 6.442288791e-14 8.557022357e-16
 6169 6.446045318e-14 8.550965907e-16
 6170 6.449628319e-14 8.544918830e-16
 6171 6.453025774e-14 8.538880951e-16
 6172 6.456225646e-14 8.532852092e-16
 6173 6.459215882e-14 8.526832076e-16
 6174 6.461984415e-14 8.520820724e-16
 6175 6.464519161e-14 8.514817860e-16
 6176 6.466808022e-14 8.508823304e-16
 6177 6.468838884e-14 8.502836878e-16
 6178 6.470599616e-14 8.496858404e-16
 6179 6.472078075e-14 8.490887703e-16
 6180 6.473262100e-14 8.484924596e-16
 6181 6.474139514e-14 8.478968902e-16
 6182 6.474700370e-14 8.473020447e-16
 6183 6.474943680e-14 8.467079064e-16
 6184 6.474870700e-14 8.461144592e-16
 6185 6.474482690e-14 8.455216870e-16
 6186 6.473780910e-14 8.449295734e-16
 6187 6.472766621e-14 8.443381023e-16
 6188 6.471441089e-14 8.437472575e-16
 6189 6.469805579e-14 8.431570225e-16
 6190 6.467861359e-14 8.425673812e-16
 6191 6.465609699e-14 8.419783171e-16
 6192 6.463051872e-14 8.413898139e-16
 6193 6.460189150e-14 8.408018553e-16
 6194 6.457022811e-14 8.402144249e-16
 6195 6.453554131e-14 8.396275062e-16
 6196 6.449784390e-14 8.390410828e-16
 6197 6.445714870e-14 8.384551382e-16
 6198 6.441346855e-14 8.378696560e-16
 6199 6.436681629e-14 8.372846197e-16
 6200 6.431720480e-14 8.367000127e-16
 6201 6.426464698e-14 8.361158184e-16
 6202 6.420915574e-14 8.355320204e-16
 6203 6.415074400e-14 8.349486019e-16
 6204 6.408942473e-14 8.343655465e-16
 6205 6.402521089e-14 8.337828374e-16
 6206 6.395811547e-14 8.332004580e-16
 6207 6.388815148e-14 8.326183916e-16
 6208 6.381533195e-14 8.320366216e-16
 6209 6.373966994e-14 8.314551311e-16
 6210 6.366117850e-14 8.308739035e-16
 6211 6.357987073e-14 8.302929219e-16
 6212 6.349575972e-14 8.297121696e-16
 6213 6.340885862e-14 8.291316298e-16
 6214 6.331918056e-14 8.285512856e-16
 6215 6.322673871e-14 8.279711201e-16
 6216 6.313154626e-14 8.273911166e-16
 6217 6.303361640e-14 8.268112580e-16
 6218 6.293296237e-14 8.262315274e-16
 6219 6.282959740e-14 8.256519080e-16
 6220 6.272353476e-14 8.250723827e-16
 6221 6.261480591e-14 8.244929367e-16
 6222 6.250351513e-14 8.239135637e-16
 6223 6.238978501e-14 8.233342594e-16
 6224 6.227373831e-14 8.227550197e-16
 6225 6.215549795e-14 8.221758404e-16
 6226 6.203518701e-14 8.215967172e-16
 6227 6.191292872e-14 8.210176459e-16
 6228 6.178884649e-14 8.204386224e-16
 6229 6.166306388e-14 8.198596423e-16
 6230 6.153570460e-14 8.192807016e-16
 6231 6.140689254e-14 8.187017958e-16
 6232 6.127675174e-14 8.181229208e-16
 6233 6.114540640e-14 8.175440724e-16
 6234 6.101298087e-14 8.169652462e-16
 6235 6.087959969e-14 8.163864380e-16
 6236 6.074538754e-14 8.158076436e-16
 6237 6.061046925e-14 8.152288586e-16
 6238 6.047496984e-14 8.146500788e-16
 6239 6.033901448e-14 8.140713000e-16
 6240 6.020272848e-14 8.134925177e-16
 6241 6.006623733e-14 8.129137278e-16
 6242 5.992966670e-14 8.123349258e-16
 6243 5.979314237e-14 8.117561076e-16
 6244 5.965679033e-14 8.111772688e-16
 6245 5.952073671e-14 8.105984051e-16
 6246 5.938510781e-14 8.100195121e-16
 6247 5.925003007e-14 8.094405855e-16
 6248 5.911563012e-14 8.088616210e-16
 6249 5.898203473e-14 8.082826142e-16
 6250 5.884937084e-14 8.077035609e-16
 6251 5.871776556e-14 8.071244565e-16
 6252 5.858734615e-14 8.065452969e-16
 6253 5.845824003e-14 8.059660775e-16
 6254 5.833057479e-14 8.053867941e-16
 6255 5.820447818e-14 8.048074423e-16
 6256 5.808007812e-14 8.042280176e-16
 6257 5.795750267e-14 8.036485157e-16
 6258 5.783688007e-14 8.030689322e-16
 6259 5.771833872e-14 8.024892627e-16
 6260 5.760199151e-14 8.019095047e-16
 6261 5.748788885e-14 8.013296634e-16
 6262 5.737606551e-14 8.007497460e-16
 6263 5.726655631e-14 8.001697596e-16
 6264 5.715939613e-14 7.995897113e-16
 6265 5.705461988e-14 7.990096083e-16
 6266 5.695226251e-14 7.984294577e-16
 6267 5.685235901e-14 7.978492669e-16
 6268 5.675494442e-14 7.972690429e-16
 6269 5.666005382e-14 7.966887929e-16
 6270 5.656772234e-14 7.961085242e-16
 6271 5.647798513e-14 7.955282439e-16
 6272 5.639087741e-14 7.949479594e-16
 6273 5.630643443e-14 7.943676777e-16
 6274 5.622469148e-14 7.937874062e-16
 6275 5.614568389e-14 7.932071522e-16
 6276 5.606944704e-14 7.926269228e-16
 6277 5.599601635e-14 7.920467253e-16
 6278 5.592542728e-14 7.914665671e-16
 6279 5.585771535e-14 7.908864554e-16
 6280 5.579291609e-14 7.903063975e-16
 6281 5.573106509e-14 7.897264008e-16
 6282 5.567219800e-14 7.891464724e-16
 6283 5.561635048e-14 7.885666198e-16
 6284 5.556355825e-14 7.879868503e-16
 6285 5.551385708e-14 7.874071712e-16
 6286 5.546728277e-14 7.868275898e-16
 6287 5.542387117e-14 7.862481137e-16
 6288 5.538365815e-14 7.856687500e-16
 6289 5.534667967e-14 7.850895061e-16
 6290 5.531297168e-14 7.845103896e-16
 6291 5.528257022e-14 7.839314077e-16
 6292 5.525551133e-14 7.833525678e-16
 6293 5.523183112e-14 7.827738775e-16
 6294 5.521156575e-14 7.821953440e-16
 6295 5.519475139e-14 7.816169748e-16
 6296 5.518142428e-14 7.810387775e-16
 6297 5.517162069e-14 7.804607593e-16
 6298 5.516537694e-14 7.798829278e-16
 6299 5.516270501e-14 7.793052910e-16
 6300 5.516351928e-14 7.787278590e-16
 6301 5.516770964e-14 7.781506425e-16
 6302 5.517516580e-14 7.775736522e-16
 6303 5.518577738e-14 7.769968989e-16
 6304 5.519943380e-14 7.764203932e-16
 6305 5.521602438e-14 7.758441459e-16
 6306 5.523543827e-14 7.752681678e-16
 6307 5.525756450e-14 7.746924696e-16
 6308 5.528229194e-14 7.741170621e-16
 6309 5.530950931e-14 7.735419561e-16
 6310 5.533910521e-14 7.729671625e-16
 6311 5.537096808e-14 7.723926920e-16
 6312 5.540498621e-14 7.718185554e-16
 6313 5.544104777e-14 7.712447637e-16
 6314 5.547904077e-14 7.706713277e-16
 6315 5.551885308e-14 7.700982582e-16
 6316 5.556037242e-14 7.695255662e-16
 6317 5.560348638e-14 7.689532625e-16
 6318 5.564808238e-14 7.683813581e-16
 6319 5.569404774e-14 7.678098639e-16
 6320 5.574126959e-14 7.672387908e-16
 6321 5.578963493e-14 7.666681498e-16
 6322 5.583903064e-14 7.660979519e-16
 6323 5.588934343e-14 7.655282080e-16
 6324 5.594045988e-14 7.649589291e-16
 6325 5.599226640e-14 7.643901263e-16
 6326 5.604464929e-14 7.638218105e-16
 6327 5.609749469e-14 7.632539928e-16
 6328 5.615068858e-14 7.626866842e-16
 6329 5.620411683e-14 7.621198958e-16
 6330 5.625766514e-14 7.615536387e-16
 6331 5.631121906e-14 7.609879240e-16
 6332 5.636466402e-14 7.604227627e-16
 6333 5.641788530e-14 7.598581660e-16
 6334 5.647076801e-14 7.592941449e-16
 6335 5.652319713e-14 7.587307107e-16
 6336 5.657505752e-14 7.581678745e-16
 6337 5.662623385e-14 7.576056475e-16
 6338 5.667661705e-14 7.570440402e-16
 6339 5.672612332e-14 7.564830616e-16
 6340 5.677467516e-14 7.559227198e-16
 6341 5.682219494e-14 7.553630231e-16
 6342 5.686860497e-14 7.548039797e-16
 6343 5.691382742e-14 7.542455981e-16
 6344 5.695778439e-14 7.536878864e-16
 6345 5.700039789e-14 7.531308530e-16
 6346 5.704158980e-14 7.525745061e-16
 6347 5.708128194e-14 7.520188542e-16
 6348 5.711939600e-14 7.514639055e-16
 6349 5.715585360e-14 7.509096684e-16
 6350 5.719057625e-14 7.503561512e-16
 6351 5.722348536e-14 7.498033623e-16
 6352 5.725450224e-14 7.492513101e-16
 6353 5.728354812e-14 7.487000030e-16
 6354 5.731054411e-14 7.481494494e-16
 6355 5.733541124e-14 7.475996575e-16
 6356 5.735807043e-14 7.470506360e-16
 6357 5.737844252e-14 7.465023931e-16
 6358 5.739644822e-14 7.459549374e-16
 6359 5.741200819e-14 7.454082772e-16
 6360 5.742504294e-14 7.448624210e-16
 6361 5.743547292e-14 7.443173773e-16
 6362 5.744321847e-14 7.437731546e-16
 6363 5.744819982e-14 7.432297612e-16
 6364 5.745033713e-14 7.426872058e-16
 6365 5.744955044e-14 7.421454967e-16
 6366 5.744575969e-14 7.416046426e-16
 6367 5.743888474e-14 7.410646519e-16
 6368 5.742884533e-14 7.405255332e-16
 6369 5.741556113e-14 7.399872949e-16
 6370 5.739895168e-14 7.394499458e-16
 6371 5.737893644e-14 7.389134942e-16
 6372 5.735543478e-14 7.383779487e-16
 6373 5.732836595e-14 7.378433181e-16
 6374 5.729764912e-14 7.373096107e-16
 6375 5.726320335e-14 7.367768353e-16
 6376 5.722494761e-14 7.362450004e-16
 6377 5.718282782e-14 7.357141137e-16
 6378 5.713689818e-14 7.351841793e-16
 6379 5.708724000e-14 7.346552004e-16
 6380 5.703393474e-14 7.341271801e-16
 6381 5.697706392e-14 7.336001216e-16
 6382 5.691670919e-14 7.330740281e-16
 6383 5.685295232e-14 7.325489027e-16
 6384 5.678587516e-14 7.320247485e-16
 6385 5.671555966e-14 7.315015689e-16
 6386 5.664208792e-14 7.309793669e-16
 6387 5.656554209e-14 7.304581457e-16
 6388 5.648600446e-14 7.299379085e-16
 6389 5.640355742e-14 7.294186586e-16
 6390 5.631828345e-14 7.289003990e-16
 6391 5.623026517e-14 7.283831330e-16
 6392 5.613958527e-14 7.278668639e-16
 6393 5.604632656e-14 7.273515947e-16
 6394 5.595057197e-14 7.268373286e-16
 6395 5.585240450e-14 7.263240690e-16
 6396 5.575190730e-14 7.258118190e-16
 6397 5.564916358e-14 7.253005818e-16
 6398 5.554425671e-14 7.247903606e-16
 6399 5.543727011e-14 7.242811587e-16
 6400 5.532828735e-14 7.237729792e-16
 6401 5.521739209e-14 7.232658254e-16
 6402 5.510466808e-14 7.227597004e-16
 6403 5.499019920e-14 7.222546077e-16
 6404 5.487406943e-14 7.217505503e-16
 6405 5.475636286e-14 7.212475315e-16
 6406 5.463716366e-14 7.207455545e-16
 6407 5.451655615e-14 7.202446226e-16
 6408 5.439462472e-14 7.197447390e-16
 6409 5.427145389e-14 7.192459070e-16
 6410 5.414712826e-14 7.187481298e-16
 6411 5.402173257e-14 7.182514107e-16
 6412 5.389535165e-14 7.177557529e-16
 6413 5.376807043e-14 7.172611596e-16
 6414 5.363997396e-14 7.167676342e-16
 6415 5.351114738e-14 7.162751799e-16
 6416 5.338167971e-14 7.157837987e-16
 6417 5.325167510e-14 7.152934876e-16
 6418 5.312124157e-14 7.148042424e-16
 6419 5.299048729e-14 7.143160589e-16
 6420 5.285952058e-14 7.138289329e-16
 6421 5.272844986e-14 7.133428600e-16
 6422 5.259738370e-14 7.128578360e-16
 6423 5.246643083e-14 7.123738567e-16
 6424 5.233570008e-14 7.118909177e-16
 6425 5.220530042e-14 7.114090149e-16
 6426 5.207534099e-14 7.109281439e-16
 6427 5.194593102e-14 7.104483004e-16
 6428 5.181717990e-14 7.099694802e-16
 6429 5.168919716e-14 7.094916789e-16
 6430 5.156209244e-14 7.090148923e-16
 6431 5.143597555e-14 7.085391159e-16
 6432 5.131095641e-14 7.080643456e-16
 6433 5.118714509e-14 7.075905770e-16
 6434 5.106465179e-14 7.071178056e-16
 6435 5.094358684e-14 7.066460273e-16
 6436 5.082406071e-14 7.061752376e-16
 6437 5.070618402e-14 7.057054322e-16
 6438 5.059006750e-14 7.052366068e-16
 6439 5.047582205e-14 7.047687569e-16
 6440 5.036355867e-14 7.043018782e-16
 6441 5.025338851e-14 7.038359663e-16
 6442 5.014542288e-14 7.033710169e-16
 6443 5.003977319e-14 7.029070255e-16
 6444 4.993655100e-14 7.024439877e-16
 6445 4.983586801e-14 7.019818992e-16
 6446 4.973783607e-14 7.015207554e-16
 6447 4.964256713e-14 7.010605521e-16
 6448 4.955017331e-14 7.006012848e-16
 6449 4.946076685e-14 7.001429490e-16
 6450 4.937446014e-14 6.996855403e-16
 6451 4.929136568e-14 6.992290542e-16
 6452 4.921159615e-14 6.987734864e-16
 6453 4.913526432e-14 6.983188323e-16
 6454 4.906248313e-14 6.978650876e-16
 6455 4.899334075e-14 6.974122466e-16
 6456 4.892782588e-14 6.969603001e-16
 6457 4.886590227e-14 6.965092376e-16
 6458 4.880753364e-14 6.960590487e-16
 6459 4.875268368e-14 6.956097229e-16
 6460 4.870131598e-14 6.951612498e-16
 6461 4.865339414e-14 6.947136190e-16
 6462 4.860888168e-14 6.942668200e-16
 6463 4.856774207e-14 6.938208423e-16
 6464 4.852993874e-14 6.933756753e-16
 6465 4.849543507e-14 6.929313086e-16
 6466 4.846419440e-14 6.924877316e-16
 6467 4.843618001e-14 6.920449337e-16
 6468 4.841135514e-14 6.916029045e-16
 6469 4.838968297e-14 6.911616334e-16
 6470 4.837112664e-14 6.907211097e-16
 6471 4.835564925e-14 6.902813228e-16
 6472 4.834321384e-14 6.898422622e-16
 6473 4.833378341e-14 6.894039171e-16
 6474 4.832732089e-14 6.889662771e-16
 6475 4.832378919e-14 6.885293313e-16
 6476 4.832315116e-14 6.880930692e-16
 6477 4.832536960e-14 6.876574800e-16
 6478 4.833040726e-14 6.872225531e-16
 6479 4.833822684e-14 6.867882776e-16
 6480 4.834879101e-14 6.863546430e-16
 6481 4.836206237e-14 6.859216385e-16
 6482 4.837800347e-14 6.854892532e-16
 6483 4.839657683e-14 6.850574765e-16
 6484 4.841774492e-14 6.846262976e-16
 6485 4.844147013e-14 6.841957055e-16
 6486 4.846771485e-14 6.837656897e-16
 6487 4.849644137e-14 6.833362391e-16
 6488 4.852761198e-14 6.829073430e-16
 6489 4.856118889e-14 6.824789905e-16
 6490 4.859713427e-14 6.820511708e-16
 6491 4.863541024e-14 6.816238729e-16
 6492 4.867597888e-14 6.811970861e-16
 6493 4.871880220e-14 6.807707992e-16
 6494 4.876382551e-14 6.803450013e-16
 6495 4.881092731e-14 6.799196805e-16
 6496 4.885996926e-14 6.794948245e-16
 6497 4.891081286e-14 6.790704213e-16
 6498 4.896331941e-14 6.786464586e-16
 6499 4.901735008e-14 6.782229244e-16
 6500 4.907276583e-14 6.777998064e-16